ISO-10303-21;
HEADER;
/* Generated by software containing ST-Developer
 * from STEP Tools, Inc. (www.steptools.com) 
 */
/* OPTION: using custom renumber hook */

FILE_DESCRIPTION(
/* description */ ('STEP AP214',
'CAx-IF Rec.Pracs.---User Defined Attributes---1.5---2016-08-15'),
/* implementation_level */ '2;1');

FILE_NAME(
/* name */ '6ac4ae564bae8feb13b5596c',
/* time_stamp */ '2026-10-06T08:16:23Z',
/* author */ (''),
/* organization */ (''),
/* preprocessor_version */ 'ST-DEVELOPER v20',
/* originating_system */ 'ONSHAPE BY PTC INC, 1.221',
/* authorisation */ '  ');

FILE_SCHEMA (('AUTOMOTIVE_DESIGN {1 0 10303 214 3 1 1}'));
ENDSEC;

DATA;
#10=PROPERTY_DEFINITION_REPRESENTATION(#14,#12);
#11=PROPERTY_DEFINITION_REPRESENTATION(#15,#13);
#12=REPRESENTATION('',(#16),#9058);
#13=REPRESENTATION('',(#17),#9058);
#14=PROPERTY_DEFINITION('pmi validation property','',#9098);
#15=PROPERTY_DEFINITION('pmi validation property','',#9098);
#16=VALUE_REPRESENTATION_ITEM('number of annotations',COUNT_MEASURE(0.));
#17=VALUE_REPRESENTATION_ITEM('number of views',COUNT_MEASURE(0.));
#18=CONICAL_SURFACE('',#5596,2.65,0.785398163397458);
#19=CONICAL_SURFACE('',#5599,2.65,0.785398163397459);
#20=CONICAL_SURFACE('',#5613,2.65,0.785398163397448);
#21=CONICAL_SURFACE('',#5621,1.625,0.32175055439664);
#22=CONICAL_SURFACE('',#5627,2.25,0.244978663126863);
#23=CONICAL_SURFACE('',#5813,2.65,0.785398163397458);
#24=CONICAL_SURFACE('',#5816,2.65,0.785398163397459);
#25=CONICAL_SURFACE('',#5830,2.65,0.785398163397448);
#26=CONICAL_SURFACE('',#5838,1.625,0.32175055439664);
#27=CONICAL_SURFACE('',#5844,2.25,0.244978663126863);
#28=LINE('',#7518,#618);
#29=LINE('',#7523,#619);
#30=LINE('',#7527,#620);
#31=LINE('',#7531,#621);
#32=LINE('',#7536,#622);
#33=LINE('',#7540,#623);
#34=LINE('',#7544,#624);
#35=LINE('',#7546,#625);
#36=LINE('',#7548,#626);
#37=LINE('',#7550,#627);
#38=LINE('',#7552,#628);
#39=LINE('',#7554,#629);
#40=LINE('',#7556,#630);
#41=LINE('',#7560,#631);
#42=LINE('',#7562,#632);
#43=LINE('',#7564,#633);
#44=LINE('',#7566,#634);
#45=LINE('',#7568,#635);
#46=LINE('',#7572,#636);
#47=LINE('',#7574,#637);
#48=LINE('',#7575,#638);
#49=LINE('',#7589,#639);
#50=LINE('',#7591,#640);
#51=LINE('',#7592,#641);
#52=LINE('',#7594,#642);
#53=LINE('',#7598,#643);
#54=LINE('',#7600,#644);
#55=LINE('',#7602,#645);
#56=LINE('',#7604,#646);
#57=LINE('',#7606,#647);
#58=LINE('',#7610,#648);
#59=LINE('',#7624,#649);
#60=LINE('',#7626,#650);
#61=LINE('',#7628,#651);
#62=LINE('',#7632,#652);
#63=LINE('',#7634,#653);
#64=LINE('',#7638,#654);
#65=LINE('',#7640,#655);
#66=LINE('',#7641,#656);
#67=LINE('',#7643,#657);
#68=LINE('',#7645,#658);
#69=LINE('',#7647,#659);
#70=LINE('',#7649,#660);
#71=LINE('',#7651,#661);
#72=LINE('',#7654,#662);
#73=LINE('',#7655,#663);
#74=LINE('',#7658,#664);
#75=LINE('',#7660,#665);
#76=LINE('',#7662,#666);
#77=LINE('',#7664,#667);
#78=LINE('',#7666,#668);
#79=LINE('',#7672,#669);
#80=LINE('',#7676,#670);
#81=LINE('',#7682,#671);
#82=LINE('',#7688,#672);
#83=LINE('',#7692,#673);
#84=LINE('',#7696,#674);
#85=LINE('',#7700,#675);
#86=LINE('',#7704,#676);
#87=LINE('',#7706,#677);
#88=LINE('',#7709,#678);
#89=LINE('',#7711,#679);
#90=LINE('',#7713,#680);
#91=LINE('',#7715,#681);
#92=LINE('',#7717,#682);
#93=LINE('',#7723,#683);
#94=LINE('',#7729,#684);
#95=LINE('',#7735,#685);
#96=LINE('',#7741,#686);
#97=LINE('',#7747,#687);
#98=LINE('',#7751,#688);
#99=LINE('',#7754,#689);
#100=LINE('',#7756,#690);
#101=LINE('',#7758,#691);
#102=LINE('',#7759,#692);
#103=LINE('',#7762,#693);
#104=LINE('',#7764,#694);
#105=LINE('',#7766,#695);
#106=LINE('',#7768,#696);
#107=LINE('',#7771,#697);
#108=LINE('',#7773,#698);
#109=LINE('',#7775,#699);
#110=LINE('',#7776,#700);
#111=LINE('',#7779,#701);
#112=LINE('',#7781,#702);
#113=LINE('',#7783,#703);
#114=LINE('',#7785,#704);
#115=LINE('',#7788,#705);
#116=LINE('',#7790,#706);
#117=LINE('',#7792,#707);
#118=LINE('',#7793,#708);
#119=LINE('',#7796,#709);
#120=LINE('',#7798,#710);
#121=LINE('',#7800,#711);
#122=LINE('',#7802,#712);
#123=LINE('',#7805,#713);
#124=LINE('',#7807,#714);
#125=LINE('',#7809,#715);
#126=LINE('',#7810,#716);
#127=LINE('',#7813,#717);
#128=LINE('',#7815,#718);
#129=LINE('',#7817,#719);
#130=LINE('',#7819,#720);
#131=LINE('',#7822,#721);
#132=LINE('',#7824,#722);
#133=LINE('',#7826,#723);
#134=LINE('',#7828,#724);
#135=LINE('',#7831,#725);
#136=LINE('',#7833,#726);
#137=LINE('',#7835,#727);
#138=LINE('',#7837,#728);
#139=LINE('',#7840,#729);
#140=LINE('',#7842,#730);
#141=LINE('',#7844,#731);
#142=LINE('',#7847,#732);
#143=LINE('',#7849,#733);
#144=LINE('',#7851,#734);
#145=LINE('',#7852,#735);
#146=LINE('',#7854,#736);
#147=LINE('',#7856,#737);
#148=LINE('',#7859,#738);
#149=LINE('',#7864,#739);
#150=LINE('',#7867,#740);
#151=LINE('',#7869,#741);
#152=LINE('',#7871,#742);
#153=LINE('',#7872,#743);
#154=LINE('',#7874,#744);
#155=LINE('',#7876,#745);
#156=LINE('',#7878,#746);
#157=LINE('',#7880,#747);
#158=LINE('',#7883,#748);
#159=LINE('',#7885,#749);
#160=LINE('',#7889,#750);
#161=LINE('',#7891,#751);
#162=LINE('',#7893,#752);
#163=LINE('',#7895,#753);
#164=LINE('',#7897,#754);
#165=LINE('',#7899,#755);
#166=LINE('',#7901,#756);
#167=LINE('',#7903,#757);
#168=LINE('',#7906,#758);
#169=LINE('',#7907,#759);
#170=LINE('',#7909,#760);
#171=LINE('',#7911,#761);
#172=LINE('',#7913,#762);
#173=LINE('',#7914,#763);
#174=LINE('',#7916,#764);
#175=LINE('',#7918,#765);
#176=LINE('',#7920,#766);
#177=LINE('',#7922,#767);
#178=LINE('',#7924,#768);
#179=LINE('',#7926,#769);
#180=LINE('',#7928,#770);
#181=LINE('',#7930,#771);
#182=LINE('',#7933,#772);
#183=LINE('',#7934,#773);
#184=LINE('',#7936,#774);
#185=LINE('',#7938,#775);
#186=LINE('',#7940,#776);
#187=LINE('',#7941,#777);
#188=LINE('',#7943,#778);
#189=LINE('',#7945,#779);
#190=LINE('',#7947,#780);
#191=LINE('',#7949,#781);
#192=LINE('',#7951,#782);
#193=LINE('',#7953,#783);
#194=LINE('',#7955,#784);
#195=LINE('',#7957,#785);
#196=LINE('',#7960,#786);
#197=LINE('',#7961,#787);
#198=LINE('',#7963,#788);
#199=LINE('',#7965,#789);
#200=LINE('',#7967,#790);
#201=LINE('',#7968,#791);
#202=LINE('',#7983,#792);
#203=LINE('',#7987,#793);
#204=LINE('',#7989,#794);
#205=LINE('',#7990,#795);
#206=LINE('',#7992,#796);
#207=LINE('',#7993,#797);
#208=LINE('',#8000,#798);
#209=LINE('',#8006,#799);
#210=LINE('',#8012,#800);
#211=LINE('',#8018,#801);
#212=LINE('',#8024,#802);
#213=LINE('',#8028,#803);
#214=LINE('',#8031,#804);
#215=LINE('',#8033,#805);
#216=LINE('',#8035,#806);
#217=LINE('',#8036,#807);
#218=LINE('',#8039,#808);
#219=LINE('',#8041,#809);
#220=LINE('',#8043,#810);
#221=LINE('',#8045,#811);
#222=LINE('',#8048,#812);
#223=LINE('',#8050,#813);
#224=LINE('',#8052,#814);
#225=LINE('',#8053,#815);
#226=LINE('',#8056,#816);
#227=LINE('',#8058,#817);
#228=LINE('',#8060,#818);
#229=LINE('',#8062,#819);
#230=LINE('',#8065,#820);
#231=LINE('',#8067,#821);
#232=LINE('',#8069,#822);
#233=LINE('',#8070,#823);
#234=LINE('',#8073,#824);
#235=LINE('',#8075,#825);
#236=LINE('',#8077,#826);
#237=LINE('',#8079,#827);
#238=LINE('',#8082,#828);
#239=LINE('',#8084,#829);
#240=LINE('',#8086,#830);
#241=LINE('',#8087,#831);
#242=LINE('',#8090,#832);
#243=LINE('',#8092,#833);
#244=LINE('',#8094,#834);
#245=LINE('',#8096,#835);
#246=LINE('',#8099,#836);
#247=LINE('',#8101,#837);
#248=LINE('',#8103,#838);
#249=LINE('',#8105,#839);
#250=LINE('',#8108,#840);
#251=LINE('',#8110,#841);
#252=LINE('',#8112,#842);
#253=LINE('',#8114,#843);
#254=LINE('',#8117,#844);
#255=LINE('',#8119,#845);
#256=LINE('',#8121,#846);
#257=LINE('',#8124,#847);
#258=LINE('',#8126,#848);
#259=LINE('',#8128,#849);
#260=LINE('',#8129,#850);
#261=LINE('',#8131,#851);
#262=LINE('',#8133,#852);
#263=LINE('',#8136,#853);
#264=LINE('',#8141,#854);
#265=LINE('',#8144,#855);
#266=LINE('',#8146,#856);
#267=LINE('',#8148,#857);
#268=LINE('',#8149,#858);
#269=LINE('',#8151,#859);
#270=LINE('',#8153,#860);
#271=LINE('',#8155,#861);
#272=LINE('',#8157,#862);
#273=LINE('',#8160,#863);
#274=LINE('',#8162,#864);
#275=LINE('',#8166,#865);
#276=LINE('',#8168,#866);
#277=LINE('',#8170,#867);
#278=LINE('',#8172,#868);
#279=LINE('',#8174,#869);
#280=LINE('',#8176,#870);
#281=LINE('',#8178,#871);
#282=LINE('',#8180,#872);
#283=LINE('',#8183,#873);
#284=LINE('',#8184,#874);
#285=LINE('',#8186,#875);
#286=LINE('',#8188,#876);
#287=LINE('',#8190,#877);
#288=LINE('',#8191,#878);
#289=LINE('',#8193,#879);
#290=LINE('',#8195,#880);
#291=LINE('',#8197,#881);
#292=LINE('',#8199,#882);
#293=LINE('',#8201,#883);
#294=LINE('',#8203,#884);
#295=LINE('',#8205,#885);
#296=LINE('',#8207,#886);
#297=LINE('',#8210,#887);
#298=LINE('',#8211,#888);
#299=LINE('',#8213,#889);
#300=LINE('',#8215,#890);
#301=LINE('',#8217,#891);
#302=LINE('',#8218,#892);
#303=LINE('',#8220,#893);
#304=LINE('',#8222,#894);
#305=LINE('',#8224,#895);
#306=LINE('',#8226,#896);
#307=LINE('',#8228,#897);
#308=LINE('',#8230,#898);
#309=LINE('',#8232,#899);
#310=LINE('',#8234,#900);
#311=LINE('',#8237,#901);
#312=LINE('',#8238,#902);
#313=LINE('',#8240,#903);
#314=LINE('',#8242,#904);
#315=LINE('',#8244,#905);
#316=LINE('',#8245,#906);
#317=LINE('',#8260,#907);
#318=LINE('',#8264,#908);
#319=LINE('',#8266,#909);
#320=LINE('',#8267,#910);
#321=LINE('',#8269,#911);
#322=LINE('',#8270,#912);
#323=LINE('',#8275,#913);
#324=LINE('',#8280,#914);
#325=LINE('',#8284,#915);
#326=LINE('',#8288,#916);
#327=LINE('',#8293,#917);
#328=LINE('',#8297,#918);
#329=LINE('',#8301,#919);
#330=LINE('',#8303,#920);
#331=LINE('',#8305,#921);
#332=LINE('',#8307,#922);
#333=LINE('',#8309,#923);
#334=LINE('',#8311,#924);
#335=LINE('',#8313,#925);
#336=LINE('',#8317,#926);
#337=LINE('',#8319,#927);
#338=LINE('',#8321,#928);
#339=LINE('',#8323,#929);
#340=LINE('',#8325,#930);
#341=LINE('',#8329,#931);
#342=LINE('',#8331,#932);
#343=LINE('',#8332,#933);
#344=LINE('',#8346,#934);
#345=LINE('',#8348,#935);
#346=LINE('',#8349,#936);
#347=LINE('',#8351,#937);
#348=LINE('',#8355,#938);
#349=LINE('',#8357,#939);
#350=LINE('',#8359,#940);
#351=LINE('',#8361,#941);
#352=LINE('',#8363,#942);
#353=LINE('',#8367,#943);
#354=LINE('',#8381,#944);
#355=LINE('',#8383,#945);
#356=LINE('',#8385,#946);
#357=LINE('',#8389,#947);
#358=LINE('',#8391,#948);
#359=LINE('',#8395,#949);
#360=LINE('',#8397,#950);
#361=LINE('',#8398,#951);
#362=LINE('',#8400,#952);
#363=LINE('',#8402,#953);
#364=LINE('',#8404,#954);
#365=LINE('',#8406,#955);
#366=LINE('',#8408,#956);
#367=LINE('',#8411,#957);
#368=LINE('',#8412,#958);
#369=LINE('',#8415,#959);
#370=LINE('',#8417,#960);
#371=LINE('',#8419,#961);
#372=LINE('',#8421,#962);
#373=LINE('',#8423,#963);
#374=LINE('',#8429,#964);
#375=LINE('',#8433,#965);
#376=LINE('',#8439,#966);
#377=LINE('',#8445,#967);
#378=LINE('',#8449,#968);
#379=LINE('',#8453,#969);
#380=LINE('',#8457,#970);
#381=LINE('',#8461,#971);
#382=LINE('',#8463,#972);
#383=LINE('',#8466,#973);
#384=LINE('',#8468,#974);
#385=LINE('',#8470,#975);
#386=LINE('',#8472,#976);
#387=LINE('',#8474,#977);
#388=LINE('',#8480,#978);
#389=LINE('',#8486,#979);
#390=LINE('',#8492,#980);
#391=LINE('',#8498,#981);
#392=LINE('',#8504,#982);
#393=LINE('',#8508,#983);
#394=LINE('',#8511,#984);
#395=LINE('',#8513,#985);
#396=LINE('',#8515,#986);
#397=LINE('',#8516,#987);
#398=LINE('',#8519,#988);
#399=LINE('',#8521,#989);
#400=LINE('',#8523,#990);
#401=LINE('',#8525,#991);
#402=LINE('',#8528,#992);
#403=LINE('',#8530,#993);
#404=LINE('',#8532,#994);
#405=LINE('',#8533,#995);
#406=LINE('',#8536,#996);
#407=LINE('',#8538,#997);
#408=LINE('',#8540,#998);
#409=LINE('',#8542,#999);
#410=LINE('',#8545,#1000);
#411=LINE('',#8547,#1001);
#412=LINE('',#8549,#1002);
#413=LINE('',#8550,#1003);
#414=LINE('',#8553,#1004);
#415=LINE('',#8555,#1005);
#416=LINE('',#8557,#1006);
#417=LINE('',#8559,#1007);
#418=LINE('',#8562,#1008);
#419=LINE('',#8564,#1009);
#420=LINE('',#8566,#1010);
#421=LINE('',#8567,#1011);
#422=LINE('',#8570,#1012);
#423=LINE('',#8572,#1013);
#424=LINE('',#8574,#1014);
#425=LINE('',#8576,#1015);
#426=LINE('',#8579,#1016);
#427=LINE('',#8581,#1017);
#428=LINE('',#8583,#1018);
#429=LINE('',#8585,#1019);
#430=LINE('',#8588,#1020);
#431=LINE('',#8590,#1021);
#432=LINE('',#8592,#1022);
#433=LINE('',#8594,#1023);
#434=LINE('',#8597,#1024);
#435=LINE('',#8599,#1025);
#436=LINE('',#8601,#1026);
#437=LINE('',#8604,#1027);
#438=LINE('',#8606,#1028);
#439=LINE('',#8608,#1029);
#440=LINE('',#8609,#1030);
#441=LINE('',#8611,#1031);
#442=LINE('',#8613,#1032);
#443=LINE('',#8616,#1033);
#444=LINE('',#8621,#1034);
#445=LINE('',#8624,#1035);
#446=LINE('',#8626,#1036);
#447=LINE('',#8628,#1037);
#448=LINE('',#8629,#1038);
#449=LINE('',#8631,#1039);
#450=LINE('',#8633,#1040);
#451=LINE('',#8635,#1041);
#452=LINE('',#8637,#1042);
#453=LINE('',#8640,#1043);
#454=LINE('',#8642,#1044);
#455=LINE('',#8646,#1045);
#456=LINE('',#8648,#1046);
#457=LINE('',#8650,#1047);
#458=LINE('',#8652,#1048);
#459=LINE('',#8654,#1049);
#460=LINE('',#8656,#1050);
#461=LINE('',#8658,#1051);
#462=LINE('',#8660,#1052);
#463=LINE('',#8663,#1053);
#464=LINE('',#8664,#1054);
#465=LINE('',#8666,#1055);
#466=LINE('',#8668,#1056);
#467=LINE('',#8670,#1057);
#468=LINE('',#8671,#1058);
#469=LINE('',#8673,#1059);
#470=LINE('',#8675,#1060);
#471=LINE('',#8677,#1061);
#472=LINE('',#8679,#1062);
#473=LINE('',#8681,#1063);
#474=LINE('',#8683,#1064);
#475=LINE('',#8685,#1065);
#476=LINE('',#8687,#1066);
#477=LINE('',#8690,#1067);
#478=LINE('',#8691,#1068);
#479=LINE('',#8693,#1069);
#480=LINE('',#8695,#1070);
#481=LINE('',#8697,#1071);
#482=LINE('',#8698,#1072);
#483=LINE('',#8700,#1073);
#484=LINE('',#8702,#1074);
#485=LINE('',#8704,#1075);
#486=LINE('',#8706,#1076);
#487=LINE('',#8708,#1077);
#488=LINE('',#8710,#1078);
#489=LINE('',#8712,#1079);
#490=LINE('',#8714,#1080);
#491=LINE('',#8717,#1081);
#492=LINE('',#8718,#1082);
#493=LINE('',#8720,#1083);
#494=LINE('',#8722,#1084);
#495=LINE('',#8724,#1085);
#496=LINE('',#8725,#1086);
#497=LINE('',#8740,#1087);
#498=LINE('',#8744,#1088);
#499=LINE('',#8746,#1089);
#500=LINE('',#8747,#1090);
#501=LINE('',#8749,#1091);
#502=LINE('',#8750,#1092);
#503=LINE('',#8757,#1093);
#504=LINE('',#8763,#1094);
#505=LINE('',#8769,#1095);
#506=LINE('',#8775,#1096);
#507=LINE('',#8781,#1097);
#508=LINE('',#8785,#1098);
#509=LINE('',#8788,#1099);
#510=LINE('',#8790,#1100);
#511=LINE('',#8792,#1101);
#512=LINE('',#8793,#1102);
#513=LINE('',#8796,#1103);
#514=LINE('',#8798,#1104);
#515=LINE('',#8800,#1105);
#516=LINE('',#8802,#1106);
#517=LINE('',#8805,#1107);
#518=LINE('',#8807,#1108);
#519=LINE('',#8809,#1109);
#520=LINE('',#8810,#1110);
#521=LINE('',#8813,#1111);
#522=LINE('',#8815,#1112);
#523=LINE('',#8817,#1113);
#524=LINE('',#8819,#1114);
#525=LINE('',#8822,#1115);
#526=LINE('',#8824,#1116);
#527=LINE('',#8826,#1117);
#528=LINE('',#8827,#1118);
#529=LINE('',#8830,#1119);
#530=LINE('',#8832,#1120);
#531=LINE('',#8834,#1121);
#532=LINE('',#8836,#1122);
#533=LINE('',#8839,#1123);
#534=LINE('',#8841,#1124);
#535=LINE('',#8843,#1125);
#536=LINE('',#8844,#1126);
#537=LINE('',#8847,#1127);
#538=LINE('',#8849,#1128);
#539=LINE('',#8851,#1129);
#540=LINE('',#8853,#1130);
#541=LINE('',#8856,#1131);
#542=LINE('',#8858,#1132);
#543=LINE('',#8860,#1133);
#544=LINE('',#8862,#1134);
#545=LINE('',#8865,#1135);
#546=LINE('',#8867,#1136);
#547=LINE('',#8869,#1137);
#548=LINE('',#8871,#1138);
#549=LINE('',#8874,#1139);
#550=LINE('',#8876,#1140);
#551=LINE('',#8878,#1141);
#552=LINE('',#8881,#1142);
#553=LINE('',#8883,#1143);
#554=LINE('',#8885,#1144);
#555=LINE('',#8886,#1145);
#556=LINE('',#8888,#1146);
#557=LINE('',#8890,#1147);
#558=LINE('',#8893,#1148);
#559=LINE('',#8898,#1149);
#560=LINE('',#8901,#1150);
#561=LINE('',#8903,#1151);
#562=LINE('',#8905,#1152);
#563=LINE('',#8906,#1153);
#564=LINE('',#8908,#1154);
#565=LINE('',#8910,#1155);
#566=LINE('',#8912,#1156);
#567=LINE('',#8914,#1157);
#568=LINE('',#8917,#1158);
#569=LINE('',#8919,#1159);
#570=LINE('',#8923,#1160);
#571=LINE('',#8925,#1161);
#572=LINE('',#8927,#1162);
#573=LINE('',#8929,#1163);
#574=LINE('',#8931,#1164);
#575=LINE('',#8933,#1165);
#576=LINE('',#8935,#1166);
#577=LINE('',#8937,#1167);
#578=LINE('',#8940,#1168);
#579=LINE('',#8941,#1169);
#580=LINE('',#8943,#1170);
#581=LINE('',#8945,#1171);
#582=LINE('',#8947,#1172);
#583=LINE('',#8948,#1173);
#584=LINE('',#8950,#1174);
#585=LINE('',#8952,#1175);
#586=LINE('',#8954,#1176);
#587=LINE('',#8956,#1177);
#588=LINE('',#8958,#1178);
#589=LINE('',#8960,#1179);
#590=LINE('',#8962,#1180);
#591=LINE('',#8964,#1181);
#592=LINE('',#8967,#1182);
#593=LINE('',#8968,#1183);
#594=LINE('',#8970,#1184);
#595=LINE('',#8972,#1185);
#596=LINE('',#8974,#1186);
#597=LINE('',#8975,#1187);
#598=LINE('',#8977,#1188);
#599=LINE('',#8979,#1189);
#600=LINE('',#8981,#1190);
#601=LINE('',#8983,#1191);
#602=LINE('',#8985,#1192);
#603=LINE('',#8987,#1193);
#604=LINE('',#8989,#1194);
#605=LINE('',#8991,#1195);
#606=LINE('',#8994,#1196);
#607=LINE('',#8995,#1197);
#608=LINE('',#8997,#1198);
#609=LINE('',#8999,#1199);
#610=LINE('',#9001,#1200);
#611=LINE('',#9002,#1201);
#612=LINE('',#9017,#1202);
#613=LINE('',#9021,#1203);
#614=LINE('',#9023,#1204);
#615=LINE('',#9024,#1205);
#616=LINE('',#9026,#1206);
#617=LINE('',#9027,#1207);
#618=VECTOR('',#6031,1000.);
#619=VECTOR('',#6034,1000.);
#620=VECTOR('',#6037,1000.);
#621=VECTOR('',#6042,1000.);
#622=VECTOR('',#6045,1000.);
#623=VECTOR('',#6048,1000.);
#624=VECTOR('',#6053,1000.);
#625=VECTOR('',#6054,1000.);
#626=VECTOR('',#6055,1000.);
#627=VECTOR('',#6058,1000.);
#628=VECTOR('',#6059,1000.);
#629=VECTOR('',#6060,1000.);
#630=VECTOR('',#6063,1000.);
#631=VECTOR('',#6066,1000.);
#632=VECTOR('',#6067,1000.);
#633=VECTOR('',#6068,1000.);
#634=VECTOR('',#6069,1000.);
#635=VECTOR('',#6070,1000.);
#636=VECTOR('',#6073,1000.);
#637=VECTOR('',#6074,1000.);
#638=VECTOR('',#6075,1000.);
#639=VECTOR('',#6090,1000.);
#640=VECTOR('',#6091,1000.);
#641=VECTOR('',#6092,1000.);
#642=VECTOR('',#6093,1000.);
#643=VECTOR('',#6096,1000.);
#644=VECTOR('',#6097,1000.);
#645=VECTOR('',#6098,1000.);
#646=VECTOR('',#6099,1000.);
#647=VECTOR('',#6100,1000.);
#648=VECTOR('',#6103,1000.);
#649=VECTOR('',#6118,1000.);
#650=VECTOR('',#6119,1000.);
#651=VECTOR('',#6122,1000.);
#652=VECTOR('',#6127,1000.);
#653=VECTOR('',#6130,1000.);
#654=VECTOR('',#6135,1000.);
#655=VECTOR('',#6138,1000.);
#656=VECTOR('',#6139,1000.);
#657=VECTOR('',#6142,1000.);
#658=VECTOR('',#6145,1000.);
#659=VECTOR('',#6148,1000.);
#660=VECTOR('',#6149,1000.);
#661=VECTOR('',#6150,1000.);
#662=VECTOR('',#6155,1000.);
#663=VECTOR('',#6156,1000.);
#664=VECTOR('',#6161,1000.);
#665=VECTOR('',#6164,1000.);
#666=VECTOR('',#6165,1000.);
#667=VECTOR('',#6166,1000.);
#668=VECTOR('',#6169,1000.);
#669=VECTOR('',#6176,1000.);
#670=VECTOR('',#6181,1000.);
#671=VECTOR('',#6188,1000.);
#672=VECTOR('',#6195,1000.);
#673=VECTOR('',#6200,1000.);
#674=VECTOR('',#6205,1000.);
#675=VECTOR('',#6210,1000.);
#676=VECTOR('',#6215,1000.);
#677=VECTOR('',#6218,1000.);
#678=VECTOR('',#6223,1000.);
#679=VECTOR('',#6226,1000.);
#680=VECTOR('',#6229,1000.);
#681=VECTOR('',#6232,1000.);
#682=VECTOR('',#6235,1000.);
#683=VECTOR('',#6244,1000.);
#684=VECTOR('',#6251,1000.);
#685=VECTOR('',#6258,1000.);
#686=VECTOR('',#6265,1000.);
#687=VECTOR('',#6272,1000.);
#688=VECTOR('',#6277,1000.);
#689=VECTOR('',#6278,1000.);
#690=VECTOR('',#6279,1000.);
#691=VECTOR('',#6280,1000.);
#692=VECTOR('',#6281,1000.);
#693=VECTOR('',#6282,1000.);
#694=VECTOR('',#6283,1000.);
#695=VECTOR('',#6284,1000.);
#696=VECTOR('',#6287,1000.);
#697=VECTOR('',#6288,1000.);
#698=VECTOR('',#6289,1000.);
#699=VECTOR('',#6290,1000.);
#700=VECTOR('',#6291,1000.);
#701=VECTOR('',#6292,1000.);
#702=VECTOR('',#6293,1000.);
#703=VECTOR('',#6294,1000.);
#704=VECTOR('',#6297,1000.);
#705=VECTOR('',#6298,1000.);
#706=VECTOR('',#6299,1000.);
#707=VECTOR('',#6300,1000.);
#708=VECTOR('',#6301,1000.);
#709=VECTOR('',#6302,1000.);
#710=VECTOR('',#6303,1000.);
#711=VECTOR('',#6304,1000.);
#712=VECTOR('',#6307,1000.);
#713=VECTOR('',#6308,1000.);
#714=VECTOR('',#6309,1000.);
#715=VECTOR('',#6310,1000.);
#716=VECTOR('',#6311,1000.);
#717=VECTOR('',#6312,1000.);
#718=VECTOR('',#6313,1000.);
#719=VECTOR('',#6314,1000.);
#720=VECTOR('',#6317,1000.);
#721=VECTOR('',#6318,1000.);
#722=VECTOR('',#6319,1000.);
#723=VECTOR('',#6320,1000.);
#724=VECTOR('',#6323,1000.);
#725=VECTOR('',#6324,1000.);
#726=VECTOR('',#6325,1000.);
#727=VECTOR('',#6326,1000.);
#728=VECTOR('',#6329,1000.);
#729=VECTOR('',#6330,1000.);
#730=VECTOR('',#6331,1000.);
#731=VECTOR('',#6332,1000.);
#732=VECTOR('',#6337,1000.);
#733=VECTOR('',#6338,1000.);
#734=VECTOR('',#6339,1000.);
#735=VECTOR('',#6340,1000.);
#736=VECTOR('',#6341,1000.);
#737=VECTOR('',#6342,1000.);
#738=VECTOR('',#6347,1000.);
#739=VECTOR('',#6356,1000.);
#740=VECTOR('',#6361,1000.);
#741=VECTOR('',#6362,1000.);
#742=VECTOR('',#6363,1000.);
#743=VECTOR('',#6364,1000.);
#744=VECTOR('',#6365,1000.);
#745=VECTOR('',#6366,1000.);
#746=VECTOR('',#6369,1000.);
#747=VECTOR('',#6372,1000.);
#748=VECTOR('',#6377,1000.);
#749=VECTOR('',#6380,1000.);
#750=VECTOR('',#6387,1000.);
#751=VECTOR('',#6388,1000.);
#752=VECTOR('',#6389,1000.);
#753=VECTOR('',#6390,1000.);
#754=VECTOR('',#6391,1000.);
#755=VECTOR('',#6394,1000.);
#756=VECTOR('',#6395,1000.);
#757=VECTOR('',#6398,1000.);
#758=VECTOR('',#6399,1000.);
#759=VECTOR('',#6400,1000.);
#760=VECTOR('',#6401,1000.);
#761=VECTOR('',#6404,1000.);
#762=VECTOR('',#6407,1000.);
#763=VECTOR('',#6408,1000.);
#764=VECTOR('',#6411,1000.);
#765=VECTOR('',#6412,1000.);
#766=VECTOR('',#6413,1000.);
#767=VECTOR('',#6414,1000.);
#768=VECTOR('',#6415,1000.);
#769=VECTOR('',#6418,1000.);
#770=VECTOR('',#6419,1000.);
#771=VECTOR('',#6422,1000.);
#772=VECTOR('',#6423,1000.);
#773=VECTOR('',#6424,1000.);
#774=VECTOR('',#6425,1000.);
#775=VECTOR('',#6428,1000.);
#776=VECTOR('',#6431,1000.);
#777=VECTOR('',#6432,1000.);
#778=VECTOR('',#6435,1000.);
#779=VECTOR('',#6436,1000.);
#780=VECTOR('',#6437,1000.);
#781=VECTOR('',#6438,1000.);
#782=VECTOR('',#6439,1000.);
#783=VECTOR('',#6442,1000.);
#784=VECTOR('',#6443,1000.);
#785=VECTOR('',#6446,1000.);
#786=VECTOR('',#6447,1000.);
#787=VECTOR('',#6448,1000.);
#788=VECTOR('',#6449,1000.);
#789=VECTOR('',#6452,1000.);
#790=VECTOR('',#6455,1000.);
#791=VECTOR('',#6456,1000.);
#792=VECTOR('',#6481,1000.);
#793=VECTOR('',#6484,1000.);
#794=VECTOR('',#6487,1000.);
#795=VECTOR('',#6488,1000.);
#796=VECTOR('',#6491,1000.);
#797=VECTOR('',#6492,1000.);
#798=VECTOR('',#6503,1000.);
#799=VECTOR('',#6510,1000.);
#800=VECTOR('',#6517,1000.);
#801=VECTOR('',#6524,1000.);
#802=VECTOR('',#6531,1000.);
#803=VECTOR('',#6536,1000.);
#804=VECTOR('',#6537,1000.);
#805=VECTOR('',#6538,1000.);
#806=VECTOR('',#6539,1000.);
#807=VECTOR('',#6540,1000.);
#808=VECTOR('',#6541,1000.);
#809=VECTOR('',#6542,1000.);
#810=VECTOR('',#6543,1000.);
#811=VECTOR('',#6546,1000.);
#812=VECTOR('',#6547,1000.);
#813=VECTOR('',#6548,1000.);
#814=VECTOR('',#6549,1000.);
#815=VECTOR('',#6550,1000.);
#816=VECTOR('',#6551,1000.);
#817=VECTOR('',#6552,1000.);
#818=VECTOR('',#6553,1000.);
#819=VECTOR('',#6556,1000.);
#820=VECTOR('',#6557,1000.);
#821=VECTOR('',#6558,1000.);
#822=VECTOR('',#6559,1000.);
#823=VECTOR('',#6560,1000.);
#824=VECTOR('',#6561,1000.);
#825=VECTOR('',#6562,1000.);
#826=VECTOR('',#6563,1000.);
#827=VECTOR('',#6566,1000.);
#828=VECTOR('',#6567,1000.);
#829=VECTOR('',#6568,1000.);
#830=VECTOR('',#6569,1000.);
#831=VECTOR('',#6570,1000.);
#832=VECTOR('',#6571,1000.);
#833=VECTOR('',#6572,1000.);
#834=VECTOR('',#6573,1000.);
#835=VECTOR('',#6576,1000.);
#836=VECTOR('',#6577,1000.);
#837=VECTOR('',#6578,1000.);
#838=VECTOR('',#6579,1000.);
#839=VECTOR('',#6582,1000.);
#840=VECTOR('',#6583,1000.);
#841=VECTOR('',#6584,1000.);
#842=VECTOR('',#6585,1000.);
#843=VECTOR('',#6588,1000.);
#844=VECTOR('',#6589,1000.);
#845=VECTOR('',#6590,1000.);
#846=VECTOR('',#6591,1000.);
#847=VECTOR('',#6596,1000.);
#848=VECTOR('',#6597,1000.);
#849=VECTOR('',#6598,1000.);
#850=VECTOR('',#6599,1000.);
#851=VECTOR('',#6600,1000.);
#852=VECTOR('',#6601,1000.);
#853=VECTOR('',#6606,1000.);
#854=VECTOR('',#6615,1000.);
#855=VECTOR('',#6620,1000.);
#856=VECTOR('',#6621,1000.);
#857=VECTOR('',#6622,1000.);
#858=VECTOR('',#6623,1000.);
#859=VECTOR('',#6624,1000.);
#860=VECTOR('',#6625,1000.);
#861=VECTOR('',#6628,1000.);
#862=VECTOR('',#6631,1000.);
#863=VECTOR('',#6636,1000.);
#864=VECTOR('',#6639,1000.);
#865=VECTOR('',#6646,1000.);
#866=VECTOR('',#6647,1000.);
#867=VECTOR('',#6648,1000.);
#868=VECTOR('',#6649,1000.);
#869=VECTOR('',#6650,1000.);
#870=VECTOR('',#6653,1000.);
#871=VECTOR('',#6654,1000.);
#872=VECTOR('',#6657,1000.);
#873=VECTOR('',#6658,1000.);
#874=VECTOR('',#6659,1000.);
#875=VECTOR('',#6660,1000.);
#876=VECTOR('',#6663,1000.);
#877=VECTOR('',#6666,1000.);
#878=VECTOR('',#6667,1000.);
#879=VECTOR('',#6670,1000.);
#880=VECTOR('',#6671,1000.);
#881=VECTOR('',#6672,1000.);
#882=VECTOR('',#6673,1000.);
#883=VECTOR('',#6674,1000.);
#884=VECTOR('',#6677,1000.);
#885=VECTOR('',#6678,1000.);
#886=VECTOR('',#6681,1000.);
#887=VECTOR('',#6682,1000.);
#888=VECTOR('',#6683,1000.);
#889=VECTOR('',#6684,1000.);
#890=VECTOR('',#6687,1000.);
#891=VECTOR('',#6690,1000.);
#892=VECTOR('',#6691,1000.);
#893=VECTOR('',#6694,1000.);
#894=VECTOR('',#6695,1000.);
#895=VECTOR('',#6696,1000.);
#896=VECTOR('',#6697,1000.);
#897=VECTOR('',#6698,1000.);
#898=VECTOR('',#6701,1000.);
#899=VECTOR('',#6702,1000.);
#900=VECTOR('',#6705,1000.);
#901=VECTOR('',#6706,1000.);
#902=VECTOR('',#6707,1000.);
#903=VECTOR('',#6708,1000.);
#904=VECTOR('',#6711,1000.);
#905=VECTOR('',#6714,1000.);
#906=VECTOR('',#6715,1000.);
#907=VECTOR('',#6740,1000.);
#908=VECTOR('',#6743,1000.);
#909=VECTOR('',#6746,1000.);
#910=VECTOR('',#6747,1000.);
#911=VECTOR('',#6750,1000.);
#912=VECTOR('',#6751,1000.);
#913=VECTOR('',#6760,1000.);
#914=VECTOR('',#6763,1000.);
#915=VECTOR('',#6766,1000.);
#916=VECTOR('',#6771,1000.);
#917=VECTOR('',#6774,1000.);
#918=VECTOR('',#6777,1000.);
#919=VECTOR('',#6782,1000.);
#920=VECTOR('',#6783,1000.);
#921=VECTOR('',#6784,1000.);
#922=VECTOR('',#6787,1000.);
#923=VECTOR('',#6788,1000.);
#924=VECTOR('',#6789,1000.);
#925=VECTOR('',#6792,1000.);
#926=VECTOR('',#6795,1000.);
#927=VECTOR('',#6796,1000.);
#928=VECTOR('',#6797,1000.);
#929=VECTOR('',#6798,1000.);
#930=VECTOR('',#6799,1000.);
#931=VECTOR('',#6802,1000.);
#932=VECTOR('',#6803,1000.);
#933=VECTOR('',#6804,1000.);
#934=VECTOR('',#6819,1000.);
#935=VECTOR('',#6820,1000.);
#936=VECTOR('',#6821,1000.);
#937=VECTOR('',#6822,1000.);
#938=VECTOR('',#6825,1000.);
#939=VECTOR('',#6826,1000.);
#940=VECTOR('',#6827,1000.);
#941=VECTOR('',#6828,1000.);
#942=VECTOR('',#6829,1000.);
#943=VECTOR('',#6832,1000.);
#944=VECTOR('',#6847,1000.);
#945=VECTOR('',#6848,1000.);
#946=VECTOR('',#6851,1000.);
#947=VECTOR('',#6856,1000.);
#948=VECTOR('',#6859,1000.);
#949=VECTOR('',#6864,1000.);
#950=VECTOR('',#6867,1000.);
#951=VECTOR('',#6868,1000.);
#952=VECTOR('',#6871,1000.);
#953=VECTOR('',#6874,1000.);
#954=VECTOR('',#6877,1000.);
#955=VECTOR('',#6878,1000.);
#956=VECTOR('',#6879,1000.);
#957=VECTOR('',#6884,1000.);
#958=VECTOR('',#6885,1000.);
#959=VECTOR('',#6890,1000.);
#960=VECTOR('',#6893,1000.);
#961=VECTOR('',#6894,1000.);
#962=VECTOR('',#6895,1000.);
#963=VECTOR('',#6898,1000.);
#964=VECTOR('',#6905,1000.);
#965=VECTOR('',#6910,1000.);
#966=VECTOR('',#6917,1000.);
#967=VECTOR('',#6924,1000.);
#968=VECTOR('',#6929,1000.);
#969=VECTOR('',#6934,1000.);
#970=VECTOR('',#6939,1000.);
#971=VECTOR('',#6944,1000.);
#972=VECTOR('',#6947,1000.);
#973=VECTOR('',#6952,1000.);
#974=VECTOR('',#6955,1000.);
#975=VECTOR('',#6958,1000.);
#976=VECTOR('',#6961,1000.);
#977=VECTOR('',#6964,1000.);
#978=VECTOR('',#6973,1000.);
#979=VECTOR('',#6980,1000.);
#980=VECTOR('',#6987,1000.);
#981=VECTOR('',#6994,1000.);
#982=VECTOR('',#7001,1000.);
#983=VECTOR('',#7006,1000.);
#984=VECTOR('',#7007,1000.);
#985=VECTOR('',#7008,1000.);
#986=VECTOR('',#7009,1000.);
#987=VECTOR('',#7010,1000.);
#988=VECTOR('',#7011,1000.);
#989=VECTOR('',#7012,1000.);
#990=VECTOR('',#7013,1000.);
#991=VECTOR('',#7016,1000.);
#992=VECTOR('',#7017,1000.);
#993=VECTOR('',#7018,1000.);
#994=VECTOR('',#7019,1000.);
#995=VECTOR('',#7020,1000.);
#996=VECTOR('',#7021,1000.);
#997=VECTOR('',#7022,1000.);
#998=VECTOR('',#7023,1000.);
#999=VECTOR('',#7026,1000.);
#1000=VECTOR('',#7027,1000.);
#1001=VECTOR('',#7028,1000.);
#1002=VECTOR('',#7029,1000.);
#1003=VECTOR('',#7030,1000.);
#1004=VECTOR('',#7031,1000.);
#1005=VECTOR('',#7032,1000.);
#1006=VECTOR('',#7033,1000.);
#1007=VECTOR('',#7036,1000.);
#1008=VECTOR('',#7037,1000.);
#1009=VECTOR('',#7038,1000.);
#1010=VECTOR('',#7039,1000.);
#1011=VECTOR('',#7040,1000.);
#1012=VECTOR('',#7041,1000.);
#1013=VECTOR('',#7042,1000.);
#1014=VECTOR('',#7043,1000.);
#1015=VECTOR('',#7046,1000.);
#1016=VECTOR('',#7047,1000.);
#1017=VECTOR('',#7048,1000.);
#1018=VECTOR('',#7049,1000.);
#1019=VECTOR('',#7052,1000.);
#1020=VECTOR('',#7053,1000.);
#1021=VECTOR('',#7054,1000.);
#1022=VECTOR('',#7055,1000.);
#1023=VECTOR('',#7058,1000.);
#1024=VECTOR('',#7059,1000.);
#1025=VECTOR('',#7060,1000.);
#1026=VECTOR('',#7061,1000.);
#1027=VECTOR('',#7066,1000.);
#1028=VECTOR('',#7067,1000.);
#1029=VECTOR('',#7068,1000.);
#1030=VECTOR('',#7069,1000.);
#1031=VECTOR('',#7070,1000.);
#1032=VECTOR('',#7071,1000.);
#1033=VECTOR('',#7076,1000.);
#1034=VECTOR('',#7085,1000.);
#1035=VECTOR('',#7090,1000.);
#1036=VECTOR('',#7091,1000.);
#1037=VECTOR('',#7092,1000.);
#1038=VECTOR('',#7093,1000.);
#1039=VECTOR('',#7094,1000.);
#1040=VECTOR('',#7095,1000.);
#1041=VECTOR('',#7098,1000.);
#1042=VECTOR('',#7101,1000.);
#1043=VECTOR('',#7106,1000.);
#1044=VECTOR('',#7109,1000.);
#1045=VECTOR('',#7116,1000.);
#1046=VECTOR('',#7117,1000.);
#1047=VECTOR('',#7118,1000.);
#1048=VECTOR('',#7119,1000.);
#1049=VECTOR('',#7120,1000.);
#1050=VECTOR('',#7123,1000.);
#1051=VECTOR('',#7124,1000.);
#1052=VECTOR('',#7127,1000.);
#1053=VECTOR('',#7128,1000.);
#1054=VECTOR('',#7129,1000.);
#1055=VECTOR('',#7130,1000.);
#1056=VECTOR('',#7133,1000.);
#1057=VECTOR('',#7136,1000.);
#1058=VECTOR('',#7137,1000.);
#1059=VECTOR('',#7140,1000.);
#1060=VECTOR('',#7141,1000.);
#1061=VECTOR('',#7142,1000.);
#1062=VECTOR('',#7143,1000.);
#1063=VECTOR('',#7144,1000.);
#1064=VECTOR('',#7147,1000.);
#1065=VECTOR('',#7148,1000.);
#1066=VECTOR('',#7151,1000.);
#1067=VECTOR('',#7152,1000.);
#1068=VECTOR('',#7153,1000.);
#1069=VECTOR('',#7154,1000.);
#1070=VECTOR('',#7157,1000.);
#1071=VECTOR('',#7160,1000.);
#1072=VECTOR('',#7161,1000.);
#1073=VECTOR('',#7164,1000.);
#1074=VECTOR('',#7165,1000.);
#1075=VECTOR('',#7166,1000.);
#1076=VECTOR('',#7167,1000.);
#1077=VECTOR('',#7168,1000.);
#1078=VECTOR('',#7171,1000.);
#1079=VECTOR('',#7172,1000.);
#1080=VECTOR('',#7175,1000.);
#1081=VECTOR('',#7176,1000.);
#1082=VECTOR('',#7177,1000.);
#1083=VECTOR('',#7178,1000.);
#1084=VECTOR('',#7181,1000.);
#1085=VECTOR('',#7184,1000.);
#1086=VECTOR('',#7185,1000.);
#1087=VECTOR('',#7210,1000.);
#1088=VECTOR('',#7213,1000.);
#1089=VECTOR('',#7216,1000.);
#1090=VECTOR('',#7217,1000.);
#1091=VECTOR('',#7220,1000.);
#1092=VECTOR('',#7221,1000.);
#1093=VECTOR('',#7232,1000.);
#1094=VECTOR('',#7239,1000.);
#1095=VECTOR('',#7246,1000.);
#1096=VECTOR('',#7253,1000.);
#1097=VECTOR('',#7260,1000.);
#1098=VECTOR('',#7265,1000.);
#1099=VECTOR('',#7266,1000.);
#1100=VECTOR('',#7267,1000.);
#1101=VECTOR('',#7268,1000.);
#1102=VECTOR('',#7269,1000.);
#1103=VECTOR('',#7270,1000.);
#1104=VECTOR('',#7271,1000.);
#1105=VECTOR('',#7272,1000.);
#1106=VECTOR('',#7275,1000.);
#1107=VECTOR('',#7276,1000.);
#1108=VECTOR('',#7277,1000.);
#1109=VECTOR('',#7278,1000.);
#1110=VECTOR('',#7279,1000.);
#1111=VECTOR('',#7280,1000.);
#1112=VECTOR('',#7281,1000.);
#1113=VECTOR('',#7282,1000.);
#1114=VECTOR('',#7285,1000.);
#1115=VECTOR('',#7286,1000.);
#1116=VECTOR('',#7287,1000.);
#1117=VECTOR('',#7288,1000.);
#1118=VECTOR('',#7289,1000.);
#1119=VECTOR('',#7290,1000.);
#1120=VECTOR('',#7291,1000.);
#1121=VECTOR('',#7292,1000.);
#1122=VECTOR('',#7295,1000.);
#1123=VECTOR('',#7296,1000.);
#1124=VECTOR('',#7297,1000.);
#1125=VECTOR('',#7298,1000.);
#1126=VECTOR('',#7299,1000.);
#1127=VECTOR('',#7300,1000.);
#1128=VECTOR('',#7301,1000.);
#1129=VECTOR('',#7302,1000.);
#1130=VECTOR('',#7305,1000.);
#1131=VECTOR('',#7306,1000.);
#1132=VECTOR('',#7307,1000.);
#1133=VECTOR('',#7308,1000.);
#1134=VECTOR('',#7311,1000.);
#1135=VECTOR('',#7312,1000.);
#1136=VECTOR('',#7313,1000.);
#1137=VECTOR('',#7314,1000.);
#1138=VECTOR('',#7317,1000.);
#1139=VECTOR('',#7318,1000.);
#1140=VECTOR('',#7319,1000.);
#1141=VECTOR('',#7320,1000.);
#1142=VECTOR('',#7325,1000.);
#1143=VECTOR('',#7326,1000.);
#1144=VECTOR('',#7327,1000.);
#1145=VECTOR('',#7328,1000.);
#1146=VECTOR('',#7329,1000.);
#1147=VECTOR('',#7330,1000.);
#1148=VECTOR('',#7335,1000.);
#1149=VECTOR('',#7344,1000.);
#1150=VECTOR('',#7349,1000.);
#1151=VECTOR('',#7350,1000.);
#1152=VECTOR('',#7351,1000.);
#1153=VECTOR('',#7352,1000.);
#1154=VECTOR('',#7353,1000.);
#1155=VECTOR('',#7354,1000.);
#1156=VECTOR('',#7357,1000.);
#1157=VECTOR('',#7360,1000.);
#1158=VECTOR('',#7365,1000.);
#1159=VECTOR('',#7368,1000.);
#1160=VECTOR('',#7375,1000.);
#1161=VECTOR('',#7376,1000.);
#1162=VECTOR('',#7377,1000.);
#1163=VECTOR('',#7378,1000.);
#1164=VECTOR('',#7379,1000.);
#1165=VECTOR('',#7382,1000.);
#1166=VECTOR('',#7383,1000.);
#1167=VECTOR('',#7386,1000.);
#1168=VECTOR('',#7387,1000.);
#1169=VECTOR('',#7388,1000.);
#1170=VECTOR('',#7389,1000.);
#1171=VECTOR('',#7392,1000.);
#1172=VECTOR('',#7395,1000.);
#1173=VECTOR('',#7396,1000.);
#1174=VECTOR('',#7399,1000.);
#1175=VECTOR('',#7400,1000.);
#1176=VECTOR('',#7401,1000.);
#1177=VECTOR('',#7402,1000.);
#1178=VECTOR('',#7403,1000.);
#1179=VECTOR('',#7406,1000.);
#1180=VECTOR('',#7407,1000.);
#1181=VECTOR('',#7410,1000.);
#1182=VECTOR('',#7411,1000.);
#1183=VECTOR('',#7412,1000.);
#1184=VECTOR('',#7413,1000.);
#1185=VECTOR('',#7416,1000.);
#1186=VECTOR('',#7419,1000.);
#1187=VECTOR('',#7420,1000.);
#1188=VECTOR('',#7423,1000.);
#1189=VECTOR('',#7424,1000.);
#1190=VECTOR('',#7425,1000.);
#1191=VECTOR('',#7426,1000.);
#1192=VECTOR('',#7427,1000.);
#1193=VECTOR('',#7430,1000.);
#1194=VECTOR('',#7431,1000.);
#1195=VECTOR('',#7434,1000.);
#1196=VECTOR('',#7435,1000.);
#1197=VECTOR('',#7436,1000.);
#1198=VECTOR('',#7437,1000.);
#1199=VECTOR('',#7440,1000.);
#1200=VECTOR('',#7443,1000.);
#1201=VECTOR('',#7444,1000.);
#1202=VECTOR('',#7469,1000.);
#1203=VECTOR('',#7472,1000.);
#1204=VECTOR('',#7475,1000.);
#1205=VECTOR('',#7476,1000.);
#1206=VECTOR('',#7479,1000.);
#1207=VECTOR('',#7480,1000.);
#1208=SHAPE_REPRESENTATION_RELATIONSHIP('','',#5549,#1216);
#1209=SHAPE_REPRESENTATION_RELATIONSHIP('','',#5550,#1217);
#1210=SHAPE_REPRESENTATION_RELATIONSHIP('','',#5551,#1218);
#1211=SHAPE_REPRESENTATION_RELATIONSHIP('','',#5552,#1219);
#1212=SHAPE_REPRESENTATION_RELATIONSHIP('','',#5553,#1220);
#1213=SHAPE_REPRESENTATION_RELATIONSHIP('','',#5554,#1221);
#1214=SHAPE_REPRESENTATION_RELATIONSHIP('','',#5555,#1222);
#1215=SHAPE_REPRESENTATION_RELATIONSHIP('','',#5556,#1223);
#1216=ADVANCED_BREP_SHAPE_REPRESENTATION('',(#5533),#9051);
#1217=ADVANCED_BREP_SHAPE_REPRESENTATION('',(#5534),#9052);
#1218=ADVANCED_BREP_SHAPE_REPRESENTATION('',(#5535),#9053);
#1219=ADVANCED_BREP_SHAPE_REPRESENTATION('',(#5536),#9054);
#1220=ADVANCED_BREP_SHAPE_REPRESENTATION('',(#5537),#9055);
#1221=ADVANCED_BREP_SHAPE_REPRESENTATION('',(#5538),#9056);
#1222=ADVANCED_BREP_SHAPE_REPRESENTATION('',(#5539),#9057);
#1223=ADVANCED_BREP_SHAPE_REPRESENTATION('',(#5540),#9058);
#1224=PLANE('',#5561);
#1225=PLANE('',#5563);
#1226=PLANE('',#5575);
#1227=PLANE('',#5576);
#1228=PLANE('',#5577);
#1229=PLANE('',#5586);
#1230=PLANE('',#5595);
#1231=PLANE('',#5602);
#1232=PLANE('',#5604);
#1233=PLANE('',#5605);
#1234=PLANE('',#5606);
#1235=PLANE('',#5608);
#1236=PLANE('',#5609);
#1237=PLANE('',#5610);
#1238=PLANE('',#5611);
#1239=PLANE('',#5626);
#1240=PLANE('',#5631);
#1241=PLANE('',#5632);
#1242=PLANE('',#5633);
#1243=PLANE('',#5638);
#1244=PLANE('',#5655);
#1245=PLANE('',#5656);
#1246=PLANE('',#5657);
#1247=PLANE('',#5658);
#1248=PLANE('',#5659);
#1249=PLANE('',#5660);
#1250=PLANE('',#5661);
#1251=PLANE('',#5662);
#1252=PLANE('',#5667);
#1253=PLANE('',#5672);
#1254=PLANE('',#5673);
#1255=PLANE('',#5674);
#1256=PLANE('',#5675);
#1257=PLANE('',#5676);
#1258=PLANE('',#5677);
#1259=PLANE('',#5678);
#1260=PLANE('',#5679);
#1261=PLANE('',#5680);
#1262=PLANE('',#5681);
#1263=PLANE('',#5682);
#1264=PLANE('',#5683);
#1265=PLANE('',#5684);
#1266=PLANE('',#5685);
#1267=PLANE('',#5686);
#1268=PLANE('',#5687);
#1269=PLANE('',#5688);
#1270=PLANE('',#5689);
#1271=PLANE('',#5690);
#1272=PLANE('',#5691);
#1273=PLANE('',#5692);
#1274=PLANE('',#5693);
#1275=PLANE('',#5694);
#1276=PLANE('',#5695);
#1277=PLANE('',#5696);
#1278=PLANE('',#5697);
#1279=PLANE('',#5698);
#1280=PLANE('',#5699);
#1281=PLANE('',#5707);
#1282=PLANE('',#5708);
#1283=PLANE('',#5709);
#1284=PLANE('',#5710);
#1285=PLANE('',#5727);
#1286=PLANE('',#5728);
#1287=PLANE('',#5729);
#1288=PLANE('',#5730);
#1289=PLANE('',#5731);
#1290=PLANE('',#5732);
#1291=PLANE('',#5733);
#1292=PLANE('',#5734);
#1293=PLANE('',#5739);
#1294=PLANE('',#5744);
#1295=PLANE('',#5745);
#1296=PLANE('',#5746);
#1297=PLANE('',#5747);
#1298=PLANE('',#5748);
#1299=PLANE('',#5749);
#1300=PLANE('',#5750);
#1301=PLANE('',#5751);
#1302=PLANE('',#5752);
#1303=PLANE('',#5753);
#1304=PLANE('',#5754);
#1305=PLANE('',#5755);
#1306=PLANE('',#5756);
#1307=PLANE('',#5757);
#1308=PLANE('',#5758);
#1309=PLANE('',#5759);
#1310=PLANE('',#5760);
#1311=PLANE('',#5761);
#1312=PLANE('',#5762);
#1313=PLANE('',#5763);
#1314=PLANE('',#5764);
#1315=PLANE('',#5765);
#1316=PLANE('',#5766);
#1317=PLANE('',#5767);
#1318=PLANE('',#5768);
#1319=PLANE('',#5769);
#1320=PLANE('',#5770);
#1321=PLANE('',#5771);
#1322=PLANE('',#5779);
#1323=PLANE('',#5780);
#1324=PLANE('',#5781);
#1325=PLANE('',#5782);
#1326=PLANE('',#5792);
#1327=PLANE('',#5793);
#1328=PLANE('',#5794);
#1329=PLANE('',#5803);
#1330=PLANE('',#5812);
#1331=PLANE('',#5819);
#1332=PLANE('',#5821);
#1333=PLANE('',#5822);
#1334=PLANE('',#5823);
#1335=PLANE('',#5825);
#1336=PLANE('',#5826);
#1337=PLANE('',#5827);
#1338=PLANE('',#5828);
#1339=PLANE('',#5843);
#1340=PLANE('',#5848);
#1341=PLANE('',#5849);
#1342=PLANE('',#5850);
#1343=PLANE('',#5855);
#1344=PLANE('',#5872);
#1345=PLANE('',#5873);
#1346=PLANE('',#5874);
#1347=PLANE('',#5875);
#1348=PLANE('',#5876);
#1349=PLANE('',#5877);
#1350=PLANE('',#5878);
#1351=PLANE('',#5879);
#1352=PLANE('',#5884);
#1353=PLANE('',#5889);
#1354=PLANE('',#5890);
#1355=PLANE('',#5891);
#1356=PLANE('',#5892);
#1357=PLANE('',#5893);
#1358=PLANE('',#5894);
#1359=PLANE('',#5895);
#1360=PLANE('',#5896);
#1361=PLANE('',#5897);
#1362=PLANE('',#5898);
#1363=PLANE('',#5899);
#1364=PLANE('',#5900);
#1365=PLANE('',#5901);
#1366=PLANE('',#5902);
#1367=PLANE('',#5903);
#1368=PLANE('',#5904);
#1369=PLANE('',#5905);
#1370=PLANE('',#5906);
#1371=PLANE('',#5907);
#1372=PLANE('',#5908);
#1373=PLANE('',#5909);
#1374=PLANE('',#5910);
#1375=PLANE('',#5911);
#1376=PLANE('',#5912);
#1377=PLANE('',#5913);
#1378=PLANE('',#5914);
#1379=PLANE('',#5915);
#1380=PLANE('',#5916);
#1381=PLANE('',#5924);
#1382=PLANE('',#5925);
#1383=PLANE('',#5926);
#1384=PLANE('',#5927);
#1385=PLANE('',#5944);
#1386=PLANE('',#5945);
#1387=PLANE('',#5946);
#1388=PLANE('',#5947);
#1389=PLANE('',#5948);
#1390=PLANE('',#5949);
#1391=PLANE('',#5950);
#1392=PLANE('',#5951);
#1393=PLANE('',#5956);
#1394=PLANE('',#5961);
#1395=PLANE('',#5962);
#1396=PLANE('',#5963);
#1397=PLANE('',#5964);
#1398=PLANE('',#5965);
#1399=PLANE('',#5966);
#1400=PLANE('',#5967);
#1401=PLANE('',#5968);
#1402=PLANE('',#5969);
#1403=PLANE('',#5970);
#1404=PLANE('',#5971);
#1405=PLANE('',#5972);
#1406=PLANE('',#5973);
#1407=PLANE('',#5974);
#1408=PLANE('',#5975);
#1409=PLANE('',#5976);
#1410=PLANE('',#5977);
#1411=PLANE('',#5978);
#1412=PLANE('',#5979);
#1413=PLANE('',#5980);
#1414=PLANE('',#5981);
#1415=PLANE('',#5982);
#1416=PLANE('',#5983);
#1417=PLANE('',#5984);
#1418=PLANE('',#5985);
#1419=PLANE('',#5986);
#1420=PLANE('',#5987);
#1421=PLANE('',#5988);
#1422=PLANE('',#5996);
#1423=PLANE('',#5997);
#1424=PLANE('',#5998);
#1425=PLANE('',#5999);
#1426=PLANE('',#6004);
#1427=PLANE('',#6006);
#1428=ORIENTED_EDGE('',*,*,#2924,.F.);
#1429=ORIENTED_EDGE('',*,*,#2925,.T.);
#1430=ORIENTED_EDGE('',*,*,#2926,.T.);
#1431=ORIENTED_EDGE('',*,*,#2924,.T.);
#1432=ORIENTED_EDGE('',*,*,#2927,.F.);
#1433=ORIENTED_EDGE('',*,*,#2925,.F.);
#1434=ORIENTED_EDGE('',*,*,#2926,.F.);
#1435=ORIENTED_EDGE('',*,*,#2927,.T.);
#1436=ORIENTED_EDGE('',*,*,#2928,.F.);
#1437=ORIENTED_EDGE('',*,*,#2929,.F.);
#1438=ORIENTED_EDGE('',*,*,#2930,.F.);
#1439=ORIENTED_EDGE('',*,*,#2931,.F.);
#1440=ORIENTED_EDGE('',*,*,#2932,.F.);
#1441=ORIENTED_EDGE('',*,*,#2933,.F.);
#1442=ORIENTED_EDGE('',*,*,#2934,.F.);
#1443=ORIENTED_EDGE('',*,*,#2935,.F.);
#1444=ORIENTED_EDGE('',*,*,#2936,.F.);
#1445=ORIENTED_EDGE('',*,*,#2937,.F.);
#1446=ORIENTED_EDGE('',*,*,#2938,.F.);
#1447=ORIENTED_EDGE('',*,*,#2939,.F.);
#1448=ORIENTED_EDGE('',*,*,#2930,.T.);
#1449=ORIENTED_EDGE('',*,*,#2940,.F.);
#1450=ORIENTED_EDGE('',*,*,#2941,.T.);
#1451=ORIENTED_EDGE('',*,*,#2942,.T.);
#1452=ORIENTED_EDGE('',*,*,#2932,.T.);
#1453=ORIENTED_EDGE('',*,*,#2943,.T.);
#1454=ORIENTED_EDGE('',*,*,#2944,.T.);
#1455=ORIENTED_EDGE('',*,*,#2945,.F.);
#1456=ORIENTED_EDGE('',*,*,#2933,.T.);
#1457=ORIENTED_EDGE('',*,*,#2945,.T.);
#1458=ORIENTED_EDGE('',*,*,#2946,.T.);
#1459=ORIENTED_EDGE('',*,*,#2947,.T.);
#1460=ORIENTED_EDGE('',*,*,#2948,.T.);
#1461=ORIENTED_EDGE('',*,*,#2949,.F.);
#1462=ORIENTED_EDGE('',*,*,#2950,.T.);
#1463=ORIENTED_EDGE('',*,*,#2951,.T.);
#1464=ORIENTED_EDGE('',*,*,#2952,.T.);
#1465=ORIENTED_EDGE('',*,*,#2953,.T.);
#1466=ORIENTED_EDGE('',*,*,#2954,.T.);
#1467=ORIENTED_EDGE('',*,*,#2955,.T.);
#1468=ORIENTED_EDGE('',*,*,#2939,.T.);
#1469=ORIENTED_EDGE('',*,*,#2956,.T.);
#1470=ORIENTED_EDGE('',*,*,#2957,.F.);
#1471=ORIENTED_EDGE('',*,*,#2958,.F.);
#1472=ORIENTED_EDGE('',*,*,#2959,.F.);
#1473=ORIENTED_EDGE('',*,*,#2960,.F.);
#1474=ORIENTED_EDGE('',*,*,#2961,.F.);
#1475=ORIENTED_EDGE('',*,*,#2962,.F.);
#1476=ORIENTED_EDGE('',*,*,#2931,.T.);
#1477=ORIENTED_EDGE('',*,*,#2942,.F.);
#1478=ORIENTED_EDGE('',*,*,#2963,.F.);
#1479=ORIENTED_EDGE('',*,*,#2964,.F.);
#1480=ORIENTED_EDGE('',*,*,#2935,.T.);
#1481=ORIENTED_EDGE('',*,*,#2965,.F.);
#1482=ORIENTED_EDGE('',*,*,#2966,.F.);
#1483=ORIENTED_EDGE('',*,*,#2967,.F.);
#1484=ORIENTED_EDGE('',*,*,#2968,.F.);
#1485=ORIENTED_EDGE('',*,*,#2969,.F.);
#1486=ORIENTED_EDGE('',*,*,#2970,.F.);
#1487=ORIENTED_EDGE('',*,*,#2971,.F.);
#1488=ORIENTED_EDGE('',*,*,#2972,.F.);
#1489=ORIENTED_EDGE('',*,*,#2973,.F.);
#1490=ORIENTED_EDGE('',*,*,#2974,.F.);
#1491=ORIENTED_EDGE('',*,*,#2943,.F.);
#1492=ORIENTED_EDGE('',*,*,#2975,.F.);
#1493=ORIENTED_EDGE('',*,*,#2976,.F.);
#1494=ORIENTED_EDGE('',*,*,#2977,.F.);
#1495=ORIENTED_EDGE('',*,*,#2978,.F.);
#1496=ORIENTED_EDGE('',*,*,#2979,.F.);
#1497=ORIENTED_EDGE('',*,*,#2980,.F.);
#1498=ORIENTED_EDGE('',*,*,#2936,.T.);
#1499=ORIENTED_EDGE('',*,*,#2964,.T.);
#1500=ORIENTED_EDGE('',*,*,#2981,.F.);
#1501=ORIENTED_EDGE('',*,*,#2982,.T.);
#1502=ORIENTED_EDGE('',*,*,#2957,.T.);
#1503=ORIENTED_EDGE('',*,*,#2983,.T.);
#1504=ORIENTED_EDGE('',*,*,#2984,.T.);
#1505=ORIENTED_EDGE('',*,*,#2983,.F.);
#1506=ORIENTED_EDGE('',*,*,#2984,.F.);
#1507=ORIENTED_EDGE('',*,*,#2985,.T.);
#1508=ORIENTED_EDGE('',*,*,#2980,.T.);
#1509=ORIENTED_EDGE('',*,*,#2985,.F.);
#1510=ORIENTED_EDGE('',*,*,#2962,.T.);
#1511=ORIENTED_EDGE('',*,*,#2986,.T.);
#1512=ORIENTED_EDGE('',*,*,#2987,.T.);
#1513=ORIENTED_EDGE('',*,*,#2986,.F.);
#1514=ORIENTED_EDGE('',*,*,#2987,.F.);
#1515=ORIENTED_EDGE('',*,*,#2988,.T.);
#1516=ORIENTED_EDGE('',*,*,#2979,.T.);
#1517=ORIENTED_EDGE('',*,*,#2988,.F.);
#1518=ORIENTED_EDGE('',*,*,#2966,.T.);
#1519=ORIENTED_EDGE('',*,*,#2989,.F.);
#1520=ORIENTED_EDGE('',*,*,#2954,.F.);
#1521=ORIENTED_EDGE('',*,*,#2990,.F.);
#1522=ORIENTED_EDGE('',*,*,#2967,.T.);
#1523=ORIENTED_EDGE('',*,*,#2990,.T.);
#1524=ORIENTED_EDGE('',*,*,#2953,.F.);
#1525=ORIENTED_EDGE('',*,*,#2991,.F.);
#1526=ORIENTED_EDGE('',*,*,#2968,.T.);
#1527=ORIENTED_EDGE('',*,*,#2991,.T.);
#1528=ORIENTED_EDGE('',*,*,#2952,.F.);
#1529=ORIENTED_EDGE('',*,*,#2992,.F.);
#1530=ORIENTED_EDGE('',*,*,#2992,.T.);
#1531=ORIENTED_EDGE('',*,*,#2951,.F.);
#1532=ORIENTED_EDGE('',*,*,#2993,.F.);
#1533=ORIENTED_EDGE('',*,*,#2994,.F.);
#1534=ORIENTED_EDGE('',*,*,#2995,.T.);
#1535=ORIENTED_EDGE('',*,*,#2969,.T.);
#1536=ORIENTED_EDGE('',*,*,#2934,.T.);
#1537=ORIENTED_EDGE('',*,*,#2955,.F.);
#1538=ORIENTED_EDGE('',*,*,#2989,.T.);
#1539=ORIENTED_EDGE('',*,*,#2965,.T.);
#1540=ORIENTED_EDGE('',*,*,#2973,.T.);
#1541=ORIENTED_EDGE('',*,*,#2996,.T.);
#1542=ORIENTED_EDGE('',*,*,#2947,.F.);
#1543=ORIENTED_EDGE('',*,*,#2997,.F.);
#1544=ORIENTED_EDGE('',*,*,#2974,.T.);
#1545=ORIENTED_EDGE('',*,*,#2997,.T.);
#1546=ORIENTED_EDGE('',*,*,#2946,.F.);
#1547=ORIENTED_EDGE('',*,*,#2944,.F.);
#1548=ORIENTED_EDGE('',*,*,#2972,.T.);
#1549=ORIENTED_EDGE('',*,*,#2998,.F.);
#1550=ORIENTED_EDGE('',*,*,#2948,.F.);
#1551=ORIENTED_EDGE('',*,*,#2996,.F.);
#1552=ORIENTED_EDGE('',*,*,#2949,.T.);
#1553=ORIENTED_EDGE('',*,*,#2998,.T.);
#1554=ORIENTED_EDGE('',*,*,#2971,.T.);
#1555=ORIENTED_EDGE('',*,*,#2999,.T.);
#1556=ORIENTED_EDGE('',*,*,#3000,.T.);
#1557=ORIENTED_EDGE('',*,*,#3001,.F.);
#1558=ORIENTED_EDGE('',*,*,#2963,.T.);
#1559=ORIENTED_EDGE('',*,*,#2941,.F.);
#1560=ORIENTED_EDGE('',*,*,#3002,.F.);
#1561=ORIENTED_EDGE('',*,*,#2981,.T.);
#1562=ORIENTED_EDGE('',*,*,#3003,.F.);
#1563=ORIENTED_EDGE('',*,*,#3004,.F.);
#1564=ORIENTED_EDGE('',*,*,#3005,.T.);
#1565=ORIENTED_EDGE('',*,*,#3006,.T.);
#1566=ORIENTED_EDGE('',*,*,#3005,.F.);
#1567=ORIENTED_EDGE('',*,*,#3006,.F.);
#1568=ORIENTED_EDGE('',*,*,#3007,.T.);
#1569=ORIENTED_EDGE('',*,*,#3008,.F.);
#1570=ORIENTED_EDGE('',*,*,#3007,.F.);
#1571=ORIENTED_EDGE('',*,*,#3009,.F.);
#1572=ORIENTED_EDGE('',*,*,#3010,.T.);
#1573=ORIENTED_EDGE('',*,*,#3011,.F.);
#1574=ORIENTED_EDGE('',*,*,#3010,.F.);
#1575=ORIENTED_EDGE('',*,*,#3012,.T.);
#1576=ORIENTED_EDGE('',*,*,#3013,.T.);
#1577=ORIENTED_EDGE('',*,*,#3014,.T.);
#1578=ORIENTED_EDGE('',*,*,#3013,.F.);
#1579=ORIENTED_EDGE('',*,*,#3014,.F.);
#1580=ORIENTED_EDGE('',*,*,#3015,.T.);
#1581=ORIENTED_EDGE('',*,*,#3016,.T.);
#1582=ORIENTED_EDGE('',*,*,#3015,.F.);
#1583=ORIENTED_EDGE('',*,*,#2950,.F.);
#1584=ORIENTED_EDGE('',*,*,#3001,.T.);
#1585=ORIENTED_EDGE('',*,*,#3017,.T.);
#1586=ORIENTED_EDGE('',*,*,#2993,.T.);
#1587=ORIENTED_EDGE('',*,*,#3004,.T.);
#1588=ORIENTED_EDGE('',*,*,#3009,.T.);
#1589=ORIENTED_EDGE('',*,*,#3012,.F.);
#1590=ORIENTED_EDGE('',*,*,#3018,.T.);
#1591=ORIENTED_EDGE('',*,*,#3019,.T.);
#1592=ORIENTED_EDGE('',*,*,#3003,.T.);
#1593=ORIENTED_EDGE('',*,*,#3019,.F.);
#1594=ORIENTED_EDGE('',*,*,#3020,.F.);
#1595=ORIENTED_EDGE('',*,*,#3021,.T.);
#1596=ORIENTED_EDGE('',*,*,#3018,.F.);
#1597=ORIENTED_EDGE('',*,*,#3021,.F.);
#1598=ORIENTED_EDGE('',*,*,#2929,.T.);
#1599=ORIENTED_EDGE('',*,*,#3022,.F.);
#1600=ORIENTED_EDGE('',*,*,#2937,.T.);
#1601=ORIENTED_EDGE('',*,*,#2982,.F.);
#1602=ORIENTED_EDGE('',*,*,#3002,.T.);
#1603=ORIENTED_EDGE('',*,*,#2940,.T.);
#1604=ORIENTED_EDGE('',*,*,#2928,.T.);
#1605=ORIENTED_EDGE('',*,*,#2956,.F.);
#1606=ORIENTED_EDGE('',*,*,#2938,.T.);
#1607=ORIENTED_EDGE('',*,*,#3022,.T.);
#1608=ORIENTED_EDGE('',*,*,#3020,.T.);
#1609=ORIENTED_EDGE('',*,*,#3023,.T.);
#1610=ORIENTED_EDGE('',*,*,#2994,.T.);
#1611=ORIENTED_EDGE('',*,*,#3017,.F.);
#1612=ORIENTED_EDGE('',*,*,#3000,.F.);
#1613=ORIENTED_EDGE('',*,*,#2975,.T.);
#1614=ORIENTED_EDGE('',*,*,#3024,.T.);
#1615=ORIENTED_EDGE('',*,*,#2958,.T.);
#1616=ORIENTED_EDGE('',*,*,#3024,.F.);
#1617=ORIENTED_EDGE('',*,*,#2976,.T.);
#1618=ORIENTED_EDGE('',*,*,#3025,.T.);
#1619=ORIENTED_EDGE('',*,*,#2959,.T.);
#1620=ORIENTED_EDGE('',*,*,#3025,.F.);
#1621=ORIENTED_EDGE('',*,*,#2977,.T.);
#1622=ORIENTED_EDGE('',*,*,#3026,.T.);
#1623=ORIENTED_EDGE('',*,*,#2960,.T.);
#1624=ORIENTED_EDGE('',*,*,#3026,.F.);
#1625=ORIENTED_EDGE('',*,*,#2978,.T.);
#1626=ORIENTED_EDGE('',*,*,#3027,.T.);
#1627=ORIENTED_EDGE('',*,*,#2961,.T.);
#1628=ORIENTED_EDGE('',*,*,#3027,.F.);
#1629=ORIENTED_EDGE('',*,*,#2970,.T.);
#1630=ORIENTED_EDGE('',*,*,#2995,.F.);
#1631=ORIENTED_EDGE('',*,*,#3023,.F.);
#1632=ORIENTED_EDGE('',*,*,#2999,.F.);
#1633=ORIENTED_EDGE('',*,*,#3008,.T.);
#1634=ORIENTED_EDGE('',*,*,#3011,.T.);
#1635=ORIENTED_EDGE('',*,*,#3016,.F.);
#1636=ORIENTED_EDGE('',*,*,#3028,.F.);
#1637=ORIENTED_EDGE('',*,*,#3029,.T.);
#1638=ORIENTED_EDGE('',*,*,#3030,.F.);
#1639=ORIENTED_EDGE('',*,*,#3029,.F.);
#1640=ORIENTED_EDGE('',*,*,#3031,.F.);
#1641=ORIENTED_EDGE('',*,*,#3032,.T.);
#1642=ORIENTED_EDGE('',*,*,#3033,.T.);
#1643=ORIENTED_EDGE('',*,*,#3032,.F.);
#1644=ORIENTED_EDGE('',*,*,#3034,.F.);
#1645=ORIENTED_EDGE('',*,*,#3035,.T.);
#1646=ORIENTED_EDGE('',*,*,#3036,.F.);
#1647=ORIENTED_EDGE('',*,*,#3035,.F.);
#1648=ORIENTED_EDGE('',*,*,#3037,.F.);
#1649=ORIENTED_EDGE('',*,*,#3038,.T.);
#1650=ORIENTED_EDGE('',*,*,#3039,.F.);
#1651=ORIENTED_EDGE('',*,*,#3038,.F.);
#1652=ORIENTED_EDGE('',*,*,#3040,.T.);
#1653=ORIENTED_EDGE('',*,*,#3041,.T.);
#1654=ORIENTED_EDGE('',*,*,#3042,.T.);
#1655=ORIENTED_EDGE('',*,*,#3041,.F.);
#1656=ORIENTED_EDGE('',*,*,#3043,.F.);
#1657=ORIENTED_EDGE('',*,*,#3044,.T.);
#1658=ORIENTED_EDGE('',*,*,#3045,.F.);
#1659=ORIENTED_EDGE('',*,*,#3046,.F.);
#1660=ORIENTED_EDGE('',*,*,#3047,.T.);
#1661=ORIENTED_EDGE('',*,*,#3048,.T.);
#1662=ORIENTED_EDGE('',*,*,#3049,.F.);
#1663=ORIENTED_EDGE('',*,*,#3050,.F.);
#1664=ORIENTED_EDGE('',*,*,#3051,.T.);
#1665=ORIENTED_EDGE('',*,*,#3052,.T.);
#1666=ORIENTED_EDGE('',*,*,#3053,.F.);
#1667=ORIENTED_EDGE('',*,*,#3054,.F.);
#1668=ORIENTED_EDGE('',*,*,#3055,.F.);
#1669=ORIENTED_EDGE('',*,*,#3056,.F.);
#1670=ORIENTED_EDGE('',*,*,#3057,.F.);
#1671=ORIENTED_EDGE('',*,*,#3058,.F.);
#1672=ORIENTED_EDGE('',*,*,#3059,.F.);
#1673=ORIENTED_EDGE('',*,*,#3060,.T.);
#1674=ORIENTED_EDGE('',*,*,#3061,.T.);
#1675=ORIENTED_EDGE('',*,*,#3062,.T.);
#1676=ORIENTED_EDGE('',*,*,#3063,.F.);
#1677=ORIENTED_EDGE('',*,*,#3064,.F.);
#1678=ORIENTED_EDGE('',*,*,#3065,.F.);
#1679=ORIENTED_EDGE('',*,*,#3066,.F.);
#1680=ORIENTED_EDGE('',*,*,#3067,.T.);
#1681=ORIENTED_EDGE('',*,*,#3068,.T.);
#1682=ORIENTED_EDGE('',*,*,#3069,.F.);
#1683=ORIENTED_EDGE('',*,*,#3070,.F.);
#1684=ORIENTED_EDGE('',*,*,#3071,.F.);
#1685=ORIENTED_EDGE('',*,*,#3072,.F.);
#1686=ORIENTED_EDGE('',*,*,#3073,.F.);
#1687=ORIENTED_EDGE('',*,*,#3074,.F.);
#1688=ORIENTED_EDGE('',*,*,#3075,.F.);
#1689=ORIENTED_EDGE('',*,*,#3076,.T.);
#1690=ORIENTED_EDGE('',*,*,#3077,.T.);
#1691=ORIENTED_EDGE('',*,*,#3078,.T.);
#1692=ORIENTED_EDGE('',*,*,#3079,.F.);
#1693=ORIENTED_EDGE('',*,*,#3080,.T.);
#1694=ORIENTED_EDGE('',*,*,#3081,.T.);
#1695=ORIENTED_EDGE('',*,*,#3082,.T.);
#1696=ORIENTED_EDGE('',*,*,#3083,.T.);
#1697=ORIENTED_EDGE('',*,*,#3084,.T.);
#1698=ORIENTED_EDGE('',*,*,#3085,.F.);
#1699=ORIENTED_EDGE('',*,*,#3086,.T.);
#1700=ORIENTED_EDGE('',*,*,#3085,.T.);
#1701=ORIENTED_EDGE('',*,*,#3087,.T.);
#1702=ORIENTED_EDGE('',*,*,#3059,.T.);
#1703=ORIENTED_EDGE('',*,*,#3088,.T.);
#1704=ORIENTED_EDGE('',*,*,#3089,.T.);
#1705=ORIENTED_EDGE('',*,*,#3090,.F.);
#1706=ORIENTED_EDGE('',*,*,#3053,.T.);
#1707=ORIENTED_EDGE('',*,*,#3091,.T.);
#1708=ORIENTED_EDGE('',*,*,#3092,.F.);
#1709=ORIENTED_EDGE('',*,*,#3093,.F.);
#1710=ORIENTED_EDGE('',*,*,#3069,.T.);
#1711=ORIENTED_EDGE('',*,*,#3094,.T.);
#1712=ORIENTED_EDGE('',*,*,#3075,.T.);
#1713=ORIENTED_EDGE('',*,*,#3095,.T.);
#1714=ORIENTED_EDGE('',*,*,#3079,.T.);
#1715=ORIENTED_EDGE('',*,*,#3096,.T.);
#1716=ORIENTED_EDGE('',*,*,#3045,.T.);
#1717=ORIENTED_EDGE('',*,*,#3097,.T.);
#1718=ORIENTED_EDGE('',*,*,#3039,.T.);
#1719=ORIENTED_EDGE('',*,*,#3042,.F.);
#1720=ORIENTED_EDGE('',*,*,#3061,.F.);
#1721=ORIENTED_EDGE('',*,*,#3098,.T.);
#1722=ORIENTED_EDGE('',*,*,#3083,.F.);
#1723=ORIENTED_EDGE('',*,*,#3099,.T.);
#1724=ORIENTED_EDGE('',*,*,#3043,.T.);
#1725=ORIENTED_EDGE('',*,*,#3100,.T.);
#1726=ORIENTED_EDGE('',*,*,#3081,.F.);
#1727=ORIENTED_EDGE('',*,*,#3101,.T.);
#1728=ORIENTED_EDGE('',*,*,#3077,.F.);
#1729=ORIENTED_EDGE('',*,*,#3102,.T.);
#1730=ORIENTED_EDGE('',*,*,#3067,.F.);
#1731=ORIENTED_EDGE('',*,*,#3103,.F.);
#1732=ORIENTED_EDGE('',*,*,#3104,.F.);
#1733=ORIENTED_EDGE('',*,*,#3105,.T.);
#1734=ORIENTED_EDGE('',*,*,#3051,.F.);
#1735=ORIENTED_EDGE('',*,*,#3106,.F.);
#1736=ORIENTED_EDGE('',*,*,#3107,.T.);
#1737=ORIENTED_EDGE('',*,*,#3108,.T.);
#1738=ORIENTED_EDGE('',*,*,#3037,.T.);
#1739=ORIENTED_EDGE('',*,*,#3040,.F.);
#1740=ORIENTED_EDGE('',*,*,#3108,.F.);
#1741=ORIENTED_EDGE('',*,*,#3109,.T.);
#1742=ORIENTED_EDGE('',*,*,#3088,.F.);
#1743=ORIENTED_EDGE('',*,*,#3062,.F.);
#1744=ORIENTED_EDGE('',*,*,#3107,.F.);
#1745=ORIENTED_EDGE('',*,*,#3110,.T.);
#1746=ORIENTED_EDGE('',*,*,#3089,.F.);
#1747=ORIENTED_EDGE('',*,*,#3109,.F.);
#1748=ORIENTED_EDGE('',*,*,#3110,.F.);
#1749=ORIENTED_EDGE('',*,*,#3106,.T.);
#1750=ORIENTED_EDGE('',*,*,#3054,.T.);
#1751=ORIENTED_EDGE('',*,*,#3090,.T.);
#1752=ORIENTED_EDGE('',*,*,#3111,.F.);
#1753=ORIENTED_EDGE('',*,*,#3103,.T.);
#1754=ORIENTED_EDGE('',*,*,#3070,.T.);
#1755=ORIENTED_EDGE('',*,*,#3093,.T.);
#1756=ORIENTED_EDGE('',*,*,#3105,.F.);
#1757=ORIENTED_EDGE('',*,*,#3112,.T.);
#1758=ORIENTED_EDGE('',*,*,#3091,.F.);
#1759=ORIENTED_EDGE('',*,*,#3052,.F.);
#1760=ORIENTED_EDGE('',*,*,#3112,.F.);
#1761=ORIENTED_EDGE('',*,*,#3104,.T.);
#1762=ORIENTED_EDGE('',*,*,#3111,.T.);
#1763=ORIENTED_EDGE('',*,*,#3092,.T.);
#1764=ORIENTED_EDGE('',*,*,#3100,.F.);
#1765=ORIENTED_EDGE('',*,*,#3046,.T.);
#1766=ORIENTED_EDGE('',*,*,#3096,.F.);
#1767=ORIENTED_EDGE('',*,*,#3082,.F.);
#1768=ORIENTED_EDGE('',*,*,#3113,.F.);
#1769=ORIENTED_EDGE('',*,*,#3114,.T.);
#1770=ORIENTED_EDGE('',*,*,#3115,.F.);
#1771=ORIENTED_EDGE('',*,*,#3116,.T.);
#1772=ORIENTED_EDGE('',*,*,#3117,.T.);
#1773=ORIENTED_EDGE('',*,*,#3071,.T.);
#1774=ORIENTED_EDGE('',*,*,#3028,.T.);
#1775=ORIENTED_EDGE('',*,*,#3118,.F.);
#1776=ORIENTED_EDGE('',*,*,#3119,.F.);
#1777=ORIENTED_EDGE('',*,*,#3113,.T.);
#1778=ORIENTED_EDGE('',*,*,#3074,.T.);
#1779=ORIENTED_EDGE('',*,*,#3120,.F.);
#1780=ORIENTED_EDGE('',*,*,#3121,.T.);
#1781=ORIENTED_EDGE('',*,*,#3118,.T.);
#1782=ORIENTED_EDGE('',*,*,#3073,.T.);
#1783=ORIENTED_EDGE('',*,*,#3122,.F.);
#1784=ORIENTED_EDGE('',*,*,#3123,.T.);
#1785=ORIENTED_EDGE('',*,*,#3030,.T.);
#1786=ORIENTED_EDGE('',*,*,#3117,.F.);
#1787=ORIENTED_EDGE('',*,*,#3124,.T.);
#1788=ORIENTED_EDGE('',*,*,#3122,.T.);
#1789=ORIENTED_EDGE('',*,*,#3072,.T.);
#1790=ORIENTED_EDGE('',*,*,#3115,.T.);
#1791=ORIENTED_EDGE('',*,*,#3125,.T.);
#1792=ORIENTED_EDGE('',*,*,#3120,.T.);
#1793=ORIENTED_EDGE('',*,*,#3126,.F.);
#1794=ORIENTED_EDGE('',*,*,#3127,.F.);
#1795=ORIENTED_EDGE('',*,*,#3128,.T.);
#1796=ORIENTED_EDGE('',*,*,#3129,.F.);
#1797=ORIENTED_EDGE('',*,*,#3130,.T.);
#1798=ORIENTED_EDGE('',*,*,#3131,.T.);
#1799=ORIENTED_EDGE('',*,*,#3063,.T.);
#1800=ORIENTED_EDGE('',*,*,#3031,.T.);
#1801=ORIENTED_EDGE('',*,*,#3132,.F.);
#1802=ORIENTED_EDGE('',*,*,#3133,.F.);
#1803=ORIENTED_EDGE('',*,*,#3127,.T.);
#1804=ORIENTED_EDGE('',*,*,#3066,.T.);
#1805=ORIENTED_EDGE('',*,*,#3134,.F.);
#1806=ORIENTED_EDGE('',*,*,#3135,.F.);
#1807=ORIENTED_EDGE('',*,*,#3132,.T.);
#1808=ORIENTED_EDGE('',*,*,#3065,.T.);
#1809=ORIENTED_EDGE('',*,*,#3136,.F.);
#1810=ORIENTED_EDGE('',*,*,#3137,.F.);
#1811=ORIENTED_EDGE('',*,*,#3033,.F.);
#1812=ORIENTED_EDGE('',*,*,#3131,.F.);
#1813=ORIENTED_EDGE('',*,*,#3138,.T.);
#1814=ORIENTED_EDGE('',*,*,#3136,.T.);
#1815=ORIENTED_EDGE('',*,*,#3064,.T.);
#1816=ORIENTED_EDGE('',*,*,#3129,.T.);
#1817=ORIENTED_EDGE('',*,*,#3139,.T.);
#1818=ORIENTED_EDGE('',*,*,#3134,.T.);
#1819=ORIENTED_EDGE('',*,*,#3140,.F.);
#1820=ORIENTED_EDGE('',*,*,#3141,.F.);
#1821=ORIENTED_EDGE('',*,*,#3142,.T.);
#1822=ORIENTED_EDGE('',*,*,#3143,.F.);
#1823=ORIENTED_EDGE('',*,*,#3144,.T.);
#1824=ORIENTED_EDGE('',*,*,#3145,.T.);
#1825=ORIENTED_EDGE('',*,*,#3055,.T.);
#1826=ORIENTED_EDGE('',*,*,#3034,.T.);
#1827=ORIENTED_EDGE('',*,*,#3146,.F.);
#1828=ORIENTED_EDGE('',*,*,#3147,.F.);
#1829=ORIENTED_EDGE('',*,*,#3141,.T.);
#1830=ORIENTED_EDGE('',*,*,#3058,.T.);
#1831=ORIENTED_EDGE('',*,*,#3148,.F.);
#1832=ORIENTED_EDGE('',*,*,#3149,.T.);
#1833=ORIENTED_EDGE('',*,*,#3146,.T.);
#1834=ORIENTED_EDGE('',*,*,#3057,.T.);
#1835=ORIENTED_EDGE('',*,*,#3150,.F.);
#1836=ORIENTED_EDGE('',*,*,#3151,.T.);
#1837=ORIENTED_EDGE('',*,*,#3036,.T.);
#1838=ORIENTED_EDGE('',*,*,#3145,.F.);
#1839=ORIENTED_EDGE('',*,*,#3152,.T.);
#1840=ORIENTED_EDGE('',*,*,#3150,.T.);
#1841=ORIENTED_EDGE('',*,*,#3056,.T.);
#1842=ORIENTED_EDGE('',*,*,#3143,.T.);
#1843=ORIENTED_EDGE('',*,*,#3153,.T.);
#1844=ORIENTED_EDGE('',*,*,#3148,.T.);
#1845=ORIENTED_EDGE('',*,*,#3154,.T.);
#1846=ORIENTED_EDGE('',*,*,#3154,.F.);
#1847=ORIENTED_EDGE('',*,*,#3151,.F.);
#1848=ORIENTED_EDGE('',*,*,#3152,.F.);
#1849=ORIENTED_EDGE('',*,*,#3144,.F.);
#1850=ORIENTED_EDGE('',*,*,#3140,.T.);
#1851=ORIENTED_EDGE('',*,*,#3137,.T.);
#1852=ORIENTED_EDGE('',*,*,#3138,.F.);
#1853=ORIENTED_EDGE('',*,*,#3130,.F.);
#1854=ORIENTED_EDGE('',*,*,#3126,.T.);
#1855=ORIENTED_EDGE('',*,*,#3123,.F.);
#1856=ORIENTED_EDGE('',*,*,#3124,.F.);
#1857=ORIENTED_EDGE('',*,*,#3116,.F.);
#1858=ORIENTED_EDGE('',*,*,#3147,.T.);
#1859=ORIENTED_EDGE('',*,*,#3149,.F.);
#1860=ORIENTED_EDGE('',*,*,#3153,.F.);
#1861=ORIENTED_EDGE('',*,*,#3142,.F.);
#1862=ORIENTED_EDGE('',*,*,#3133,.T.);
#1863=ORIENTED_EDGE('',*,*,#3135,.T.);
#1864=ORIENTED_EDGE('',*,*,#3139,.F.);
#1865=ORIENTED_EDGE('',*,*,#3128,.F.);
#1866=ORIENTED_EDGE('',*,*,#3119,.T.);
#1867=ORIENTED_EDGE('',*,*,#3121,.F.);
#1868=ORIENTED_EDGE('',*,*,#3125,.F.);
#1869=ORIENTED_EDGE('',*,*,#3114,.F.);
#1870=ORIENTED_EDGE('',*,*,#3087,.F.);
#1871=ORIENTED_EDGE('',*,*,#3084,.F.);
#1872=ORIENTED_EDGE('',*,*,#3098,.F.);
#1873=ORIENTED_EDGE('',*,*,#3060,.F.);
#1874=ORIENTED_EDGE('',*,*,#3094,.F.);
#1875=ORIENTED_EDGE('',*,*,#3068,.F.);
#1876=ORIENTED_EDGE('',*,*,#3102,.F.);
#1877=ORIENTED_EDGE('',*,*,#3076,.F.);
#1878=ORIENTED_EDGE('',*,*,#3095,.F.);
#1879=ORIENTED_EDGE('',*,*,#3078,.F.);
#1880=ORIENTED_EDGE('',*,*,#3101,.F.);
#1881=ORIENTED_EDGE('',*,*,#3080,.F.);
#1882=ORIENTED_EDGE('',*,*,#3099,.F.);
#1883=ORIENTED_EDGE('',*,*,#3086,.F.);
#1884=ORIENTED_EDGE('',*,*,#3097,.F.);
#1885=ORIENTED_EDGE('',*,*,#3044,.F.);
#1886=ORIENTED_EDGE('',*,*,#3155,.F.);
#1887=ORIENTED_EDGE('',*,*,#3156,.F.);
#1888=ORIENTED_EDGE('',*,*,#3157,.T.);
#1889=ORIENTED_EDGE('',*,*,#3158,.T.);
#1890=ORIENTED_EDGE('',*,*,#3159,.F.);
#1891=ORIENTED_EDGE('',*,*,#3048,.F.);
#1892=ORIENTED_EDGE('',*,*,#3160,.T.);
#1893=ORIENTED_EDGE('',*,*,#3156,.T.);
#1894=ORIENTED_EDGE('',*,*,#3161,.T.);
#1895=ORIENTED_EDGE('',*,*,#3158,.F.);
#1896=ORIENTED_EDGE('',*,*,#3162,.F.);
#1897=ORIENTED_EDGE('',*,*,#3050,.T.);
#1898=ORIENTED_EDGE('',*,*,#3157,.F.);
#1899=ORIENTED_EDGE('',*,*,#3160,.F.);
#1900=ORIENTED_EDGE('',*,*,#3047,.F.);
#1901=ORIENTED_EDGE('',*,*,#3162,.T.);
#1902=ORIENTED_EDGE('',*,*,#3155,.T.);
#1903=ORIENTED_EDGE('',*,*,#3161,.F.);
#1904=ORIENTED_EDGE('',*,*,#3049,.T.);
#1905=ORIENTED_EDGE('',*,*,#3159,.T.);
#1906=ORIENTED_EDGE('',*,*,#3163,.F.);
#1907=ORIENTED_EDGE('',*,*,#3164,.T.);
#1908=ORIENTED_EDGE('',*,*,#3165,.F.);
#1909=ORIENTED_EDGE('',*,*,#3164,.F.);
#1910=ORIENTED_EDGE('',*,*,#3166,.F.);
#1911=ORIENTED_EDGE('',*,*,#3167,.T.);
#1912=ORIENTED_EDGE('',*,*,#3168,.T.);
#1913=ORIENTED_EDGE('',*,*,#3167,.F.);
#1914=ORIENTED_EDGE('',*,*,#3169,.F.);
#1915=ORIENTED_EDGE('',*,*,#3170,.T.);
#1916=ORIENTED_EDGE('',*,*,#3171,.F.);
#1917=ORIENTED_EDGE('',*,*,#3170,.F.);
#1918=ORIENTED_EDGE('',*,*,#3172,.F.);
#1919=ORIENTED_EDGE('',*,*,#3173,.T.);
#1920=ORIENTED_EDGE('',*,*,#3174,.F.);
#1921=ORIENTED_EDGE('',*,*,#3173,.F.);
#1922=ORIENTED_EDGE('',*,*,#3175,.T.);
#1923=ORIENTED_EDGE('',*,*,#3176,.T.);
#1924=ORIENTED_EDGE('',*,*,#3177,.T.);
#1925=ORIENTED_EDGE('',*,*,#3176,.F.);
#1926=ORIENTED_EDGE('',*,*,#3178,.F.);
#1927=ORIENTED_EDGE('',*,*,#3179,.T.);
#1928=ORIENTED_EDGE('',*,*,#3180,.F.);
#1929=ORIENTED_EDGE('',*,*,#3181,.F.);
#1930=ORIENTED_EDGE('',*,*,#3182,.T.);
#1931=ORIENTED_EDGE('',*,*,#3183,.T.);
#1932=ORIENTED_EDGE('',*,*,#3184,.F.);
#1933=ORIENTED_EDGE('',*,*,#3185,.F.);
#1934=ORIENTED_EDGE('',*,*,#3186,.T.);
#1935=ORIENTED_EDGE('',*,*,#3187,.T.);
#1936=ORIENTED_EDGE('',*,*,#3188,.F.);
#1937=ORIENTED_EDGE('',*,*,#3189,.F.);
#1938=ORIENTED_EDGE('',*,*,#3190,.F.);
#1939=ORIENTED_EDGE('',*,*,#3191,.F.);
#1940=ORIENTED_EDGE('',*,*,#3192,.F.);
#1941=ORIENTED_EDGE('',*,*,#3193,.F.);
#1942=ORIENTED_EDGE('',*,*,#3194,.F.);
#1943=ORIENTED_EDGE('',*,*,#3195,.T.);
#1944=ORIENTED_EDGE('',*,*,#3196,.T.);
#1945=ORIENTED_EDGE('',*,*,#3197,.T.);
#1946=ORIENTED_EDGE('',*,*,#3198,.F.);
#1947=ORIENTED_EDGE('',*,*,#3199,.F.);
#1948=ORIENTED_EDGE('',*,*,#3200,.F.);
#1949=ORIENTED_EDGE('',*,*,#3201,.F.);
#1950=ORIENTED_EDGE('',*,*,#3202,.T.);
#1951=ORIENTED_EDGE('',*,*,#3203,.T.);
#1952=ORIENTED_EDGE('',*,*,#3204,.F.);
#1953=ORIENTED_EDGE('',*,*,#3205,.F.);
#1954=ORIENTED_EDGE('',*,*,#3206,.F.);
#1955=ORIENTED_EDGE('',*,*,#3207,.F.);
#1956=ORIENTED_EDGE('',*,*,#3208,.F.);
#1957=ORIENTED_EDGE('',*,*,#3209,.F.);
#1958=ORIENTED_EDGE('',*,*,#3210,.F.);
#1959=ORIENTED_EDGE('',*,*,#3211,.T.);
#1960=ORIENTED_EDGE('',*,*,#3212,.T.);
#1961=ORIENTED_EDGE('',*,*,#3213,.T.);
#1962=ORIENTED_EDGE('',*,*,#3214,.F.);
#1963=ORIENTED_EDGE('',*,*,#3215,.T.);
#1964=ORIENTED_EDGE('',*,*,#3216,.T.);
#1965=ORIENTED_EDGE('',*,*,#3217,.T.);
#1966=ORIENTED_EDGE('',*,*,#3218,.T.);
#1967=ORIENTED_EDGE('',*,*,#3219,.T.);
#1968=ORIENTED_EDGE('',*,*,#3220,.F.);
#1969=ORIENTED_EDGE('',*,*,#3221,.T.);
#1970=ORIENTED_EDGE('',*,*,#3220,.T.);
#1971=ORIENTED_EDGE('',*,*,#3222,.T.);
#1972=ORIENTED_EDGE('',*,*,#3194,.T.);
#1973=ORIENTED_EDGE('',*,*,#3223,.T.);
#1974=ORIENTED_EDGE('',*,*,#3224,.T.);
#1975=ORIENTED_EDGE('',*,*,#3225,.F.);
#1976=ORIENTED_EDGE('',*,*,#3188,.T.);
#1977=ORIENTED_EDGE('',*,*,#3226,.T.);
#1978=ORIENTED_EDGE('',*,*,#3227,.F.);
#1979=ORIENTED_EDGE('',*,*,#3228,.F.);
#1980=ORIENTED_EDGE('',*,*,#3204,.T.);
#1981=ORIENTED_EDGE('',*,*,#3229,.T.);
#1982=ORIENTED_EDGE('',*,*,#3210,.T.);
#1983=ORIENTED_EDGE('',*,*,#3230,.T.);
#1984=ORIENTED_EDGE('',*,*,#3214,.T.);
#1985=ORIENTED_EDGE('',*,*,#3231,.T.);
#1986=ORIENTED_EDGE('',*,*,#3180,.T.);
#1987=ORIENTED_EDGE('',*,*,#3232,.T.);
#1988=ORIENTED_EDGE('',*,*,#3174,.T.);
#1989=ORIENTED_EDGE('',*,*,#3177,.F.);
#1990=ORIENTED_EDGE('',*,*,#3196,.F.);
#1991=ORIENTED_EDGE('',*,*,#3233,.T.);
#1992=ORIENTED_EDGE('',*,*,#3218,.F.);
#1993=ORIENTED_EDGE('',*,*,#3234,.T.);
#1994=ORIENTED_EDGE('',*,*,#3178,.T.);
#1995=ORIENTED_EDGE('',*,*,#3235,.T.);
#1996=ORIENTED_EDGE('',*,*,#3216,.F.);
#1997=ORIENTED_EDGE('',*,*,#3236,.T.);
#1998=ORIENTED_EDGE('',*,*,#3212,.F.);
#1999=ORIENTED_EDGE('',*,*,#3237,.T.);
#2000=ORIENTED_EDGE('',*,*,#3202,.F.);
#2001=ORIENTED_EDGE('',*,*,#3238,.F.);
#2002=ORIENTED_EDGE('',*,*,#3239,.F.);
#2003=ORIENTED_EDGE('',*,*,#3240,.T.);
#2004=ORIENTED_EDGE('',*,*,#3186,.F.);
#2005=ORIENTED_EDGE('',*,*,#3241,.F.);
#2006=ORIENTED_EDGE('',*,*,#3242,.T.);
#2007=ORIENTED_EDGE('',*,*,#3243,.T.);
#2008=ORIENTED_EDGE('',*,*,#3172,.T.);
#2009=ORIENTED_EDGE('',*,*,#3175,.F.);
#2010=ORIENTED_EDGE('',*,*,#3243,.F.);
#2011=ORIENTED_EDGE('',*,*,#3244,.T.);
#2012=ORIENTED_EDGE('',*,*,#3223,.F.);
#2013=ORIENTED_EDGE('',*,*,#3197,.F.);
#2014=ORIENTED_EDGE('',*,*,#3242,.F.);
#2015=ORIENTED_EDGE('',*,*,#3245,.T.);
#2016=ORIENTED_EDGE('',*,*,#3224,.F.);
#2017=ORIENTED_EDGE('',*,*,#3244,.F.);
#2018=ORIENTED_EDGE('',*,*,#3245,.F.);
#2019=ORIENTED_EDGE('',*,*,#3241,.T.);
#2020=ORIENTED_EDGE('',*,*,#3189,.T.);
#2021=ORIENTED_EDGE('',*,*,#3225,.T.);
#2022=ORIENTED_EDGE('',*,*,#3246,.F.);
#2023=ORIENTED_EDGE('',*,*,#3238,.T.);
#2024=ORIENTED_EDGE('',*,*,#3205,.T.);
#2025=ORIENTED_EDGE('',*,*,#3228,.T.);
#2026=ORIENTED_EDGE('',*,*,#3240,.F.);
#2027=ORIENTED_EDGE('',*,*,#3247,.T.);
#2028=ORIENTED_EDGE('',*,*,#3226,.F.);
#2029=ORIENTED_EDGE('',*,*,#3187,.F.);
#2030=ORIENTED_EDGE('',*,*,#3247,.F.);
#2031=ORIENTED_EDGE('',*,*,#3239,.T.);
#2032=ORIENTED_EDGE('',*,*,#3246,.T.);
#2033=ORIENTED_EDGE('',*,*,#3227,.T.);
#2034=ORIENTED_EDGE('',*,*,#3235,.F.);
#2035=ORIENTED_EDGE('',*,*,#3181,.T.);
#2036=ORIENTED_EDGE('',*,*,#3231,.F.);
#2037=ORIENTED_EDGE('',*,*,#3217,.F.);
#2038=ORIENTED_EDGE('',*,*,#3248,.F.);
#2039=ORIENTED_EDGE('',*,*,#3249,.T.);
#2040=ORIENTED_EDGE('',*,*,#3250,.F.);
#2041=ORIENTED_EDGE('',*,*,#3251,.T.);
#2042=ORIENTED_EDGE('',*,*,#3252,.T.);
#2043=ORIENTED_EDGE('',*,*,#3206,.T.);
#2044=ORIENTED_EDGE('',*,*,#3163,.T.);
#2045=ORIENTED_EDGE('',*,*,#3253,.F.);
#2046=ORIENTED_EDGE('',*,*,#3254,.F.);
#2047=ORIENTED_EDGE('',*,*,#3248,.T.);
#2048=ORIENTED_EDGE('',*,*,#3209,.T.);
#2049=ORIENTED_EDGE('',*,*,#3255,.F.);
#2050=ORIENTED_EDGE('',*,*,#3256,.T.);
#2051=ORIENTED_EDGE('',*,*,#3253,.T.);
#2052=ORIENTED_EDGE('',*,*,#3208,.T.);
#2053=ORIENTED_EDGE('',*,*,#3257,.F.);
#2054=ORIENTED_EDGE('',*,*,#3258,.T.);
#2055=ORIENTED_EDGE('',*,*,#3165,.T.);
#2056=ORIENTED_EDGE('',*,*,#3252,.F.);
#2057=ORIENTED_EDGE('',*,*,#3259,.T.);
#2058=ORIENTED_EDGE('',*,*,#3257,.T.);
#2059=ORIENTED_EDGE('',*,*,#3207,.T.);
#2060=ORIENTED_EDGE('',*,*,#3250,.T.);
#2061=ORIENTED_EDGE('',*,*,#3260,.T.);
#2062=ORIENTED_EDGE('',*,*,#3255,.T.);
#2063=ORIENTED_EDGE('',*,*,#3261,.F.);
#2064=ORIENTED_EDGE('',*,*,#3262,.F.);
#2065=ORIENTED_EDGE('',*,*,#3263,.T.);
#2066=ORIENTED_EDGE('',*,*,#3264,.F.);
#2067=ORIENTED_EDGE('',*,*,#3265,.T.);
#2068=ORIENTED_EDGE('',*,*,#3266,.T.);
#2069=ORIENTED_EDGE('',*,*,#3198,.T.);
#2070=ORIENTED_EDGE('',*,*,#3166,.T.);
#2071=ORIENTED_EDGE('',*,*,#3267,.F.);
#2072=ORIENTED_EDGE('',*,*,#3268,.F.);
#2073=ORIENTED_EDGE('',*,*,#3262,.T.);
#2074=ORIENTED_EDGE('',*,*,#3201,.T.);
#2075=ORIENTED_EDGE('',*,*,#3269,.F.);
#2076=ORIENTED_EDGE('',*,*,#3270,.F.);
#2077=ORIENTED_EDGE('',*,*,#3267,.T.);
#2078=ORIENTED_EDGE('',*,*,#3200,.T.);
#2079=ORIENTED_EDGE('',*,*,#3271,.F.);
#2080=ORIENTED_EDGE('',*,*,#3272,.F.);
#2081=ORIENTED_EDGE('',*,*,#3168,.F.);
#2082=ORIENTED_EDGE('',*,*,#3266,.F.);
#2083=ORIENTED_EDGE('',*,*,#3273,.T.);
#2084=ORIENTED_EDGE('',*,*,#3271,.T.);
#2085=ORIENTED_EDGE('',*,*,#3199,.T.);
#2086=ORIENTED_EDGE('',*,*,#3264,.T.);
#2087=ORIENTED_EDGE('',*,*,#3274,.T.);
#2088=ORIENTED_EDGE('',*,*,#3269,.T.);
#2089=ORIENTED_EDGE('',*,*,#3275,.F.);
#2090=ORIENTED_EDGE('',*,*,#3276,.F.);
#2091=ORIENTED_EDGE('',*,*,#3277,.T.);
#2092=ORIENTED_EDGE('',*,*,#3278,.F.);
#2093=ORIENTED_EDGE('',*,*,#3279,.T.);
#2094=ORIENTED_EDGE('',*,*,#3280,.T.);
#2095=ORIENTED_EDGE('',*,*,#3190,.T.);
#2096=ORIENTED_EDGE('',*,*,#3169,.T.);
#2097=ORIENTED_EDGE('',*,*,#3281,.F.);
#2098=ORIENTED_EDGE('',*,*,#3282,.F.);
#2099=ORIENTED_EDGE('',*,*,#3276,.T.);
#2100=ORIENTED_EDGE('',*,*,#3193,.T.);
#2101=ORIENTED_EDGE('',*,*,#3283,.F.);
#2102=ORIENTED_EDGE('',*,*,#3284,.T.);
#2103=ORIENTED_EDGE('',*,*,#3281,.T.);
#2104=ORIENTED_EDGE('',*,*,#3192,.T.);
#2105=ORIENTED_EDGE('',*,*,#3285,.F.);
#2106=ORIENTED_EDGE('',*,*,#3286,.T.);
#2107=ORIENTED_EDGE('',*,*,#3171,.T.);
#2108=ORIENTED_EDGE('',*,*,#3280,.F.);
#2109=ORIENTED_EDGE('',*,*,#3287,.T.);
#2110=ORIENTED_EDGE('',*,*,#3285,.T.);
#2111=ORIENTED_EDGE('',*,*,#3191,.T.);
#2112=ORIENTED_EDGE('',*,*,#3278,.T.);
#2113=ORIENTED_EDGE('',*,*,#3288,.T.);
#2114=ORIENTED_EDGE('',*,*,#3283,.T.);
#2115=ORIENTED_EDGE('',*,*,#3289,.T.);
#2116=ORIENTED_EDGE('',*,*,#3289,.F.);
#2117=ORIENTED_EDGE('',*,*,#3286,.F.);
#2118=ORIENTED_EDGE('',*,*,#3287,.F.);
#2119=ORIENTED_EDGE('',*,*,#3279,.F.);
#2120=ORIENTED_EDGE('',*,*,#3275,.T.);
#2121=ORIENTED_EDGE('',*,*,#3272,.T.);
#2122=ORIENTED_EDGE('',*,*,#3273,.F.);
#2123=ORIENTED_EDGE('',*,*,#3265,.F.);
#2124=ORIENTED_EDGE('',*,*,#3261,.T.);
#2125=ORIENTED_EDGE('',*,*,#3258,.F.);
#2126=ORIENTED_EDGE('',*,*,#3259,.F.);
#2127=ORIENTED_EDGE('',*,*,#3251,.F.);
#2128=ORIENTED_EDGE('',*,*,#3282,.T.);
#2129=ORIENTED_EDGE('',*,*,#3284,.F.);
#2130=ORIENTED_EDGE('',*,*,#3288,.F.);
#2131=ORIENTED_EDGE('',*,*,#3277,.F.);
#2132=ORIENTED_EDGE('',*,*,#3268,.T.);
#2133=ORIENTED_EDGE('',*,*,#3270,.T.);
#2134=ORIENTED_EDGE('',*,*,#3274,.F.);
#2135=ORIENTED_EDGE('',*,*,#3263,.F.);
#2136=ORIENTED_EDGE('',*,*,#3254,.T.);
#2137=ORIENTED_EDGE('',*,*,#3256,.F.);
#2138=ORIENTED_EDGE('',*,*,#3260,.F.);
#2139=ORIENTED_EDGE('',*,*,#3249,.F.);
#2140=ORIENTED_EDGE('',*,*,#3222,.F.);
#2141=ORIENTED_EDGE('',*,*,#3219,.F.);
#2142=ORIENTED_EDGE('',*,*,#3233,.F.);
#2143=ORIENTED_EDGE('',*,*,#3195,.F.);
#2144=ORIENTED_EDGE('',*,*,#3229,.F.);
#2145=ORIENTED_EDGE('',*,*,#3203,.F.);
#2146=ORIENTED_EDGE('',*,*,#3237,.F.);
#2147=ORIENTED_EDGE('',*,*,#3211,.F.);
#2148=ORIENTED_EDGE('',*,*,#3230,.F.);
#2149=ORIENTED_EDGE('',*,*,#3213,.F.);
#2150=ORIENTED_EDGE('',*,*,#3236,.F.);
#2151=ORIENTED_EDGE('',*,*,#3215,.F.);
#2152=ORIENTED_EDGE('',*,*,#3234,.F.);
#2153=ORIENTED_EDGE('',*,*,#3221,.F.);
#2154=ORIENTED_EDGE('',*,*,#3232,.F.);
#2155=ORIENTED_EDGE('',*,*,#3179,.F.);
#2156=ORIENTED_EDGE('',*,*,#3290,.F.);
#2157=ORIENTED_EDGE('',*,*,#3291,.F.);
#2158=ORIENTED_EDGE('',*,*,#3292,.T.);
#2159=ORIENTED_EDGE('',*,*,#3293,.T.);
#2160=ORIENTED_EDGE('',*,*,#3294,.F.);
#2161=ORIENTED_EDGE('',*,*,#3183,.F.);
#2162=ORIENTED_EDGE('',*,*,#3295,.T.);
#2163=ORIENTED_EDGE('',*,*,#3291,.T.);
#2164=ORIENTED_EDGE('',*,*,#3296,.T.);
#2165=ORIENTED_EDGE('',*,*,#3293,.F.);
#2166=ORIENTED_EDGE('',*,*,#3297,.F.);
#2167=ORIENTED_EDGE('',*,*,#3185,.T.);
#2168=ORIENTED_EDGE('',*,*,#3292,.F.);
#2169=ORIENTED_EDGE('',*,*,#3295,.F.);
#2170=ORIENTED_EDGE('',*,*,#3182,.F.);
#2171=ORIENTED_EDGE('',*,*,#3297,.T.);
#2172=ORIENTED_EDGE('',*,*,#3290,.T.);
#2173=ORIENTED_EDGE('',*,*,#3296,.F.);
#2174=ORIENTED_EDGE('',*,*,#3184,.T.);
#2175=ORIENTED_EDGE('',*,*,#3294,.T.);
#2176=ORIENTED_EDGE('',*,*,#3298,.F.);
#2177=ORIENTED_EDGE('',*,*,#3299,.F.);
#2178=ORIENTED_EDGE('',*,*,#3300,.F.);
#2179=ORIENTED_EDGE('',*,*,#3301,.F.);
#2180=ORIENTED_EDGE('',*,*,#3302,.F.);
#2181=ORIENTED_EDGE('',*,*,#3303,.F.);
#2182=ORIENTED_EDGE('',*,*,#3304,.F.);
#2183=ORIENTED_EDGE('',*,*,#3305,.F.);
#2184=ORIENTED_EDGE('',*,*,#3306,.F.);
#2185=ORIENTED_EDGE('',*,*,#3307,.F.);
#2186=ORIENTED_EDGE('',*,*,#3308,.F.);
#2187=ORIENTED_EDGE('',*,*,#3309,.F.);
#2188=ORIENTED_EDGE('',*,*,#3300,.T.);
#2189=ORIENTED_EDGE('',*,*,#3310,.F.);
#2190=ORIENTED_EDGE('',*,*,#3311,.T.);
#2191=ORIENTED_EDGE('',*,*,#3312,.T.);
#2192=ORIENTED_EDGE('',*,*,#3302,.T.);
#2193=ORIENTED_EDGE('',*,*,#3313,.T.);
#2194=ORIENTED_EDGE('',*,*,#3314,.T.);
#2195=ORIENTED_EDGE('',*,*,#3315,.F.);
#2196=ORIENTED_EDGE('',*,*,#3303,.T.);
#2197=ORIENTED_EDGE('',*,*,#3315,.T.);
#2198=ORIENTED_EDGE('',*,*,#3316,.T.);
#2199=ORIENTED_EDGE('',*,*,#3317,.T.);
#2200=ORIENTED_EDGE('',*,*,#3318,.T.);
#2201=ORIENTED_EDGE('',*,*,#3319,.F.);
#2202=ORIENTED_EDGE('',*,*,#3320,.T.);
#2203=ORIENTED_EDGE('',*,*,#3321,.T.);
#2204=ORIENTED_EDGE('',*,*,#3322,.T.);
#2205=ORIENTED_EDGE('',*,*,#3323,.T.);
#2206=ORIENTED_EDGE('',*,*,#3324,.T.);
#2207=ORIENTED_EDGE('',*,*,#3325,.T.);
#2208=ORIENTED_EDGE('',*,*,#3309,.T.);
#2209=ORIENTED_EDGE('',*,*,#3326,.T.);
#2210=ORIENTED_EDGE('',*,*,#3327,.F.);
#2211=ORIENTED_EDGE('',*,*,#3328,.F.);
#2212=ORIENTED_EDGE('',*,*,#3329,.F.);
#2213=ORIENTED_EDGE('',*,*,#3330,.F.);
#2214=ORIENTED_EDGE('',*,*,#3331,.F.);
#2215=ORIENTED_EDGE('',*,*,#3332,.F.);
#2216=ORIENTED_EDGE('',*,*,#3301,.T.);
#2217=ORIENTED_EDGE('',*,*,#3312,.F.);
#2218=ORIENTED_EDGE('',*,*,#3333,.F.);
#2219=ORIENTED_EDGE('',*,*,#3334,.F.);
#2220=ORIENTED_EDGE('',*,*,#3305,.T.);
#2221=ORIENTED_EDGE('',*,*,#3335,.F.);
#2222=ORIENTED_EDGE('',*,*,#3336,.F.);
#2223=ORIENTED_EDGE('',*,*,#3337,.F.);
#2224=ORIENTED_EDGE('',*,*,#3338,.F.);
#2225=ORIENTED_EDGE('',*,*,#3339,.F.);
#2226=ORIENTED_EDGE('',*,*,#3340,.F.);
#2227=ORIENTED_EDGE('',*,*,#3341,.F.);
#2228=ORIENTED_EDGE('',*,*,#3342,.F.);
#2229=ORIENTED_EDGE('',*,*,#3343,.F.);
#2230=ORIENTED_EDGE('',*,*,#3344,.F.);
#2231=ORIENTED_EDGE('',*,*,#3313,.F.);
#2232=ORIENTED_EDGE('',*,*,#3345,.F.);
#2233=ORIENTED_EDGE('',*,*,#3346,.F.);
#2234=ORIENTED_EDGE('',*,*,#3347,.F.);
#2235=ORIENTED_EDGE('',*,*,#3348,.F.);
#2236=ORIENTED_EDGE('',*,*,#3349,.F.);
#2237=ORIENTED_EDGE('',*,*,#3350,.F.);
#2238=ORIENTED_EDGE('',*,*,#3306,.T.);
#2239=ORIENTED_EDGE('',*,*,#3334,.T.);
#2240=ORIENTED_EDGE('',*,*,#3351,.F.);
#2241=ORIENTED_EDGE('',*,*,#3352,.T.);
#2242=ORIENTED_EDGE('',*,*,#3327,.T.);
#2243=ORIENTED_EDGE('',*,*,#3353,.T.);
#2244=ORIENTED_EDGE('',*,*,#3354,.T.);
#2245=ORIENTED_EDGE('',*,*,#3353,.F.);
#2246=ORIENTED_EDGE('',*,*,#3354,.F.);
#2247=ORIENTED_EDGE('',*,*,#3355,.T.);
#2248=ORIENTED_EDGE('',*,*,#3350,.T.);
#2249=ORIENTED_EDGE('',*,*,#3355,.F.);
#2250=ORIENTED_EDGE('',*,*,#3332,.T.);
#2251=ORIENTED_EDGE('',*,*,#3356,.T.);
#2252=ORIENTED_EDGE('',*,*,#3357,.T.);
#2253=ORIENTED_EDGE('',*,*,#3356,.F.);
#2254=ORIENTED_EDGE('',*,*,#3357,.F.);
#2255=ORIENTED_EDGE('',*,*,#3358,.T.);
#2256=ORIENTED_EDGE('',*,*,#3349,.T.);
#2257=ORIENTED_EDGE('',*,*,#3358,.F.);
#2258=ORIENTED_EDGE('',*,*,#3336,.T.);
#2259=ORIENTED_EDGE('',*,*,#3359,.F.);
#2260=ORIENTED_EDGE('',*,*,#3324,.F.);
#2261=ORIENTED_EDGE('',*,*,#3360,.F.);
#2262=ORIENTED_EDGE('',*,*,#3337,.T.);
#2263=ORIENTED_EDGE('',*,*,#3360,.T.);
#2264=ORIENTED_EDGE('',*,*,#3323,.F.);
#2265=ORIENTED_EDGE('',*,*,#3361,.F.);
#2266=ORIENTED_EDGE('',*,*,#3338,.T.);
#2267=ORIENTED_EDGE('',*,*,#3361,.T.);
#2268=ORIENTED_EDGE('',*,*,#3322,.F.);
#2269=ORIENTED_EDGE('',*,*,#3362,.F.);
#2270=ORIENTED_EDGE('',*,*,#3362,.T.);
#2271=ORIENTED_EDGE('',*,*,#3321,.F.);
#2272=ORIENTED_EDGE('',*,*,#3363,.F.);
#2273=ORIENTED_EDGE('',*,*,#3364,.F.);
#2274=ORIENTED_EDGE('',*,*,#3365,.T.);
#2275=ORIENTED_EDGE('',*,*,#3339,.T.);
#2276=ORIENTED_EDGE('',*,*,#3304,.T.);
#2277=ORIENTED_EDGE('',*,*,#3325,.F.);
#2278=ORIENTED_EDGE('',*,*,#3359,.T.);
#2279=ORIENTED_EDGE('',*,*,#3335,.T.);
#2280=ORIENTED_EDGE('',*,*,#3343,.T.);
#2281=ORIENTED_EDGE('',*,*,#3366,.T.);
#2282=ORIENTED_EDGE('',*,*,#3317,.F.);
#2283=ORIENTED_EDGE('',*,*,#3367,.F.);
#2284=ORIENTED_EDGE('',*,*,#3344,.T.);
#2285=ORIENTED_EDGE('',*,*,#3367,.T.);
#2286=ORIENTED_EDGE('',*,*,#3316,.F.);
#2287=ORIENTED_EDGE('',*,*,#3314,.F.);
#2288=ORIENTED_EDGE('',*,*,#3342,.T.);
#2289=ORIENTED_EDGE('',*,*,#3368,.F.);
#2290=ORIENTED_EDGE('',*,*,#3318,.F.);
#2291=ORIENTED_EDGE('',*,*,#3366,.F.);
#2292=ORIENTED_EDGE('',*,*,#3319,.T.);
#2293=ORIENTED_EDGE('',*,*,#3368,.T.);
#2294=ORIENTED_EDGE('',*,*,#3341,.T.);
#2295=ORIENTED_EDGE('',*,*,#3369,.T.);
#2296=ORIENTED_EDGE('',*,*,#3370,.T.);
#2297=ORIENTED_EDGE('',*,*,#3371,.F.);
#2298=ORIENTED_EDGE('',*,*,#3333,.T.);
#2299=ORIENTED_EDGE('',*,*,#3311,.F.);
#2300=ORIENTED_EDGE('',*,*,#3372,.F.);
#2301=ORIENTED_EDGE('',*,*,#3351,.T.);
#2302=ORIENTED_EDGE('',*,*,#3373,.F.);
#2303=ORIENTED_EDGE('',*,*,#3374,.F.);
#2304=ORIENTED_EDGE('',*,*,#3375,.T.);
#2305=ORIENTED_EDGE('',*,*,#3376,.T.);
#2306=ORIENTED_EDGE('',*,*,#3375,.F.);
#2307=ORIENTED_EDGE('',*,*,#3376,.F.);
#2308=ORIENTED_EDGE('',*,*,#3377,.T.);
#2309=ORIENTED_EDGE('',*,*,#3378,.F.);
#2310=ORIENTED_EDGE('',*,*,#3377,.F.);
#2311=ORIENTED_EDGE('',*,*,#3379,.F.);
#2312=ORIENTED_EDGE('',*,*,#3380,.T.);
#2313=ORIENTED_EDGE('',*,*,#3381,.F.);
#2314=ORIENTED_EDGE('',*,*,#3380,.F.);
#2315=ORIENTED_EDGE('',*,*,#3382,.T.);
#2316=ORIENTED_EDGE('',*,*,#3383,.T.);
#2317=ORIENTED_EDGE('',*,*,#3384,.T.);
#2318=ORIENTED_EDGE('',*,*,#3383,.F.);
#2319=ORIENTED_EDGE('',*,*,#3384,.F.);
#2320=ORIENTED_EDGE('',*,*,#3385,.T.);
#2321=ORIENTED_EDGE('',*,*,#3386,.T.);
#2322=ORIENTED_EDGE('',*,*,#3385,.F.);
#2323=ORIENTED_EDGE('',*,*,#3320,.F.);
#2324=ORIENTED_EDGE('',*,*,#3371,.T.);
#2325=ORIENTED_EDGE('',*,*,#3387,.T.);
#2326=ORIENTED_EDGE('',*,*,#3363,.T.);
#2327=ORIENTED_EDGE('',*,*,#3374,.T.);
#2328=ORIENTED_EDGE('',*,*,#3379,.T.);
#2329=ORIENTED_EDGE('',*,*,#3382,.F.);
#2330=ORIENTED_EDGE('',*,*,#3388,.T.);
#2331=ORIENTED_EDGE('',*,*,#3389,.T.);
#2332=ORIENTED_EDGE('',*,*,#3373,.T.);
#2333=ORIENTED_EDGE('',*,*,#3389,.F.);
#2334=ORIENTED_EDGE('',*,*,#3390,.F.);
#2335=ORIENTED_EDGE('',*,*,#3391,.T.);
#2336=ORIENTED_EDGE('',*,*,#3388,.F.);
#2337=ORIENTED_EDGE('',*,*,#3391,.F.);
#2338=ORIENTED_EDGE('',*,*,#3299,.T.);
#2339=ORIENTED_EDGE('',*,*,#3392,.F.);
#2340=ORIENTED_EDGE('',*,*,#3307,.T.);
#2341=ORIENTED_EDGE('',*,*,#3352,.F.);
#2342=ORIENTED_EDGE('',*,*,#3372,.T.);
#2343=ORIENTED_EDGE('',*,*,#3310,.T.);
#2344=ORIENTED_EDGE('',*,*,#3298,.T.);
#2345=ORIENTED_EDGE('',*,*,#3326,.F.);
#2346=ORIENTED_EDGE('',*,*,#3308,.T.);
#2347=ORIENTED_EDGE('',*,*,#3392,.T.);
#2348=ORIENTED_EDGE('',*,*,#3390,.T.);
#2349=ORIENTED_EDGE('',*,*,#3393,.T.);
#2350=ORIENTED_EDGE('',*,*,#3364,.T.);
#2351=ORIENTED_EDGE('',*,*,#3387,.F.);
#2352=ORIENTED_EDGE('',*,*,#3370,.F.);
#2353=ORIENTED_EDGE('',*,*,#3345,.T.);
#2354=ORIENTED_EDGE('',*,*,#3394,.T.);
#2355=ORIENTED_EDGE('',*,*,#3328,.T.);
#2356=ORIENTED_EDGE('',*,*,#3394,.F.);
#2357=ORIENTED_EDGE('',*,*,#3346,.T.);
#2358=ORIENTED_EDGE('',*,*,#3395,.T.);
#2359=ORIENTED_EDGE('',*,*,#3329,.T.);
#2360=ORIENTED_EDGE('',*,*,#3395,.F.);
#2361=ORIENTED_EDGE('',*,*,#3347,.T.);
#2362=ORIENTED_EDGE('',*,*,#3396,.T.);
#2363=ORIENTED_EDGE('',*,*,#3330,.T.);
#2364=ORIENTED_EDGE('',*,*,#3396,.F.);
#2365=ORIENTED_EDGE('',*,*,#3348,.T.);
#2366=ORIENTED_EDGE('',*,*,#3397,.T.);
#2367=ORIENTED_EDGE('',*,*,#3331,.T.);
#2368=ORIENTED_EDGE('',*,*,#3397,.F.);
#2369=ORIENTED_EDGE('',*,*,#3340,.T.);
#2370=ORIENTED_EDGE('',*,*,#3365,.F.);
#2371=ORIENTED_EDGE('',*,*,#3393,.F.);
#2372=ORIENTED_EDGE('',*,*,#3369,.F.);
#2373=ORIENTED_EDGE('',*,*,#3378,.T.);
#2374=ORIENTED_EDGE('',*,*,#3381,.T.);
#2375=ORIENTED_EDGE('',*,*,#3386,.F.);
#2376=ORIENTED_EDGE('',*,*,#3398,.F.);
#2377=ORIENTED_EDGE('',*,*,#3399,.T.);
#2378=ORIENTED_EDGE('',*,*,#3400,.F.);
#2379=ORIENTED_EDGE('',*,*,#3399,.F.);
#2380=ORIENTED_EDGE('',*,*,#3401,.F.);
#2381=ORIENTED_EDGE('',*,*,#3402,.T.);
#2382=ORIENTED_EDGE('',*,*,#3403,.T.);
#2383=ORIENTED_EDGE('',*,*,#3402,.F.);
#2384=ORIENTED_EDGE('',*,*,#3404,.F.);
#2385=ORIENTED_EDGE('',*,*,#3405,.T.);
#2386=ORIENTED_EDGE('',*,*,#3406,.F.);
#2387=ORIENTED_EDGE('',*,*,#3405,.F.);
#2388=ORIENTED_EDGE('',*,*,#3407,.F.);
#2389=ORIENTED_EDGE('',*,*,#3408,.T.);
#2390=ORIENTED_EDGE('',*,*,#3409,.F.);
#2391=ORIENTED_EDGE('',*,*,#3408,.F.);
#2392=ORIENTED_EDGE('',*,*,#3410,.T.);
#2393=ORIENTED_EDGE('',*,*,#3411,.T.);
#2394=ORIENTED_EDGE('',*,*,#3412,.T.);
#2395=ORIENTED_EDGE('',*,*,#3411,.F.);
#2396=ORIENTED_EDGE('',*,*,#3413,.F.);
#2397=ORIENTED_EDGE('',*,*,#3414,.T.);
#2398=ORIENTED_EDGE('',*,*,#3415,.F.);
#2399=ORIENTED_EDGE('',*,*,#3416,.F.);
#2400=ORIENTED_EDGE('',*,*,#3417,.T.);
#2401=ORIENTED_EDGE('',*,*,#3418,.T.);
#2402=ORIENTED_EDGE('',*,*,#3419,.F.);
#2403=ORIENTED_EDGE('',*,*,#3420,.F.);
#2404=ORIENTED_EDGE('',*,*,#3421,.T.);
#2405=ORIENTED_EDGE('',*,*,#3422,.T.);
#2406=ORIENTED_EDGE('',*,*,#3423,.F.);
#2407=ORIENTED_EDGE('',*,*,#3424,.F.);
#2408=ORIENTED_EDGE('',*,*,#3425,.F.);
#2409=ORIENTED_EDGE('',*,*,#3426,.F.);
#2410=ORIENTED_EDGE('',*,*,#3427,.F.);
#2411=ORIENTED_EDGE('',*,*,#3428,.F.);
#2412=ORIENTED_EDGE('',*,*,#3429,.F.);
#2413=ORIENTED_EDGE('',*,*,#3430,.T.);
#2414=ORIENTED_EDGE('',*,*,#3431,.T.);
#2415=ORIENTED_EDGE('',*,*,#3432,.T.);
#2416=ORIENTED_EDGE('',*,*,#3433,.F.);
#2417=ORIENTED_EDGE('',*,*,#3434,.F.);
#2418=ORIENTED_EDGE('',*,*,#3435,.F.);
#2419=ORIENTED_EDGE('',*,*,#3436,.F.);
#2420=ORIENTED_EDGE('',*,*,#3437,.T.);
#2421=ORIENTED_EDGE('',*,*,#3438,.T.);
#2422=ORIENTED_EDGE('',*,*,#3439,.F.);
#2423=ORIENTED_EDGE('',*,*,#3440,.F.);
#2424=ORIENTED_EDGE('',*,*,#3441,.F.);
#2425=ORIENTED_EDGE('',*,*,#3442,.F.);
#2426=ORIENTED_EDGE('',*,*,#3443,.F.);
#2427=ORIENTED_EDGE('',*,*,#3444,.F.);
#2428=ORIENTED_EDGE('',*,*,#3445,.F.);
#2429=ORIENTED_EDGE('',*,*,#3446,.T.);
#2430=ORIENTED_EDGE('',*,*,#3447,.T.);
#2431=ORIENTED_EDGE('',*,*,#3448,.T.);
#2432=ORIENTED_EDGE('',*,*,#3449,.F.);
#2433=ORIENTED_EDGE('',*,*,#3450,.T.);
#2434=ORIENTED_EDGE('',*,*,#3451,.T.);
#2435=ORIENTED_EDGE('',*,*,#3452,.T.);
#2436=ORIENTED_EDGE('',*,*,#3453,.T.);
#2437=ORIENTED_EDGE('',*,*,#3454,.T.);
#2438=ORIENTED_EDGE('',*,*,#3455,.F.);
#2439=ORIENTED_EDGE('',*,*,#3456,.T.);
#2440=ORIENTED_EDGE('',*,*,#3455,.T.);
#2441=ORIENTED_EDGE('',*,*,#3457,.T.);
#2442=ORIENTED_EDGE('',*,*,#3429,.T.);
#2443=ORIENTED_EDGE('',*,*,#3458,.T.);
#2444=ORIENTED_EDGE('',*,*,#3459,.T.);
#2445=ORIENTED_EDGE('',*,*,#3460,.F.);
#2446=ORIENTED_EDGE('',*,*,#3423,.T.);
#2447=ORIENTED_EDGE('',*,*,#3461,.T.);
#2448=ORIENTED_EDGE('',*,*,#3462,.F.);
#2449=ORIENTED_EDGE('',*,*,#3463,.F.);
#2450=ORIENTED_EDGE('',*,*,#3439,.T.);
#2451=ORIENTED_EDGE('',*,*,#3464,.T.);
#2452=ORIENTED_EDGE('',*,*,#3445,.T.);
#2453=ORIENTED_EDGE('',*,*,#3465,.T.);
#2454=ORIENTED_EDGE('',*,*,#3449,.T.);
#2455=ORIENTED_EDGE('',*,*,#3466,.T.);
#2456=ORIENTED_EDGE('',*,*,#3415,.T.);
#2457=ORIENTED_EDGE('',*,*,#3467,.T.);
#2458=ORIENTED_EDGE('',*,*,#3409,.T.);
#2459=ORIENTED_EDGE('',*,*,#3412,.F.);
#2460=ORIENTED_EDGE('',*,*,#3431,.F.);
#2461=ORIENTED_EDGE('',*,*,#3468,.T.);
#2462=ORIENTED_EDGE('',*,*,#3453,.F.);
#2463=ORIENTED_EDGE('',*,*,#3469,.T.);
#2464=ORIENTED_EDGE('',*,*,#3413,.T.);
#2465=ORIENTED_EDGE('',*,*,#3470,.T.);
#2466=ORIENTED_EDGE('',*,*,#3451,.F.);
#2467=ORIENTED_EDGE('',*,*,#3471,.T.);
#2468=ORIENTED_EDGE('',*,*,#3447,.F.);
#2469=ORIENTED_EDGE('',*,*,#3472,.T.);
#2470=ORIENTED_EDGE('',*,*,#3437,.F.);
#2471=ORIENTED_EDGE('',*,*,#3473,.F.);
#2472=ORIENTED_EDGE('',*,*,#3474,.F.);
#2473=ORIENTED_EDGE('',*,*,#3475,.T.);
#2474=ORIENTED_EDGE('',*,*,#3421,.F.);
#2475=ORIENTED_EDGE('',*,*,#3476,.F.);
#2476=ORIENTED_EDGE('',*,*,#3477,.T.);
#2477=ORIENTED_EDGE('',*,*,#3478,.T.);
#2478=ORIENTED_EDGE('',*,*,#3407,.T.);
#2479=ORIENTED_EDGE('',*,*,#3410,.F.);
#2480=ORIENTED_EDGE('',*,*,#3478,.F.);
#2481=ORIENTED_EDGE('',*,*,#3479,.T.);
#2482=ORIENTED_EDGE('',*,*,#3458,.F.);
#2483=ORIENTED_EDGE('',*,*,#3432,.F.);
#2484=ORIENTED_EDGE('',*,*,#3477,.F.);
#2485=ORIENTED_EDGE('',*,*,#3480,.T.);
#2486=ORIENTED_EDGE('',*,*,#3459,.F.);
#2487=ORIENTED_EDGE('',*,*,#3479,.F.);
#2488=ORIENTED_EDGE('',*,*,#3480,.F.);
#2489=ORIENTED_EDGE('',*,*,#3476,.T.);
#2490=ORIENTED_EDGE('',*,*,#3424,.T.);
#2491=ORIENTED_EDGE('',*,*,#3460,.T.);
#2492=ORIENTED_EDGE('',*,*,#3481,.F.);
#2493=ORIENTED_EDGE('',*,*,#3473,.T.);
#2494=ORIENTED_EDGE('',*,*,#3440,.T.);
#2495=ORIENTED_EDGE('',*,*,#3463,.T.);
#2496=ORIENTED_EDGE('',*,*,#3475,.F.);
#2497=ORIENTED_EDGE('',*,*,#3482,.T.);
#2498=ORIENTED_EDGE('',*,*,#3461,.F.);
#2499=ORIENTED_EDGE('',*,*,#3422,.F.);
#2500=ORIENTED_EDGE('',*,*,#3482,.F.);
#2501=ORIENTED_EDGE('',*,*,#3474,.T.);
#2502=ORIENTED_EDGE('',*,*,#3481,.T.);
#2503=ORIENTED_EDGE('',*,*,#3462,.T.);
#2504=ORIENTED_EDGE('',*,*,#3470,.F.);
#2505=ORIENTED_EDGE('',*,*,#3416,.T.);
#2506=ORIENTED_EDGE('',*,*,#3466,.F.);
#2507=ORIENTED_EDGE('',*,*,#3452,.F.);
#2508=ORIENTED_EDGE('',*,*,#3483,.F.);
#2509=ORIENTED_EDGE('',*,*,#3484,.T.);
#2510=ORIENTED_EDGE('',*,*,#3485,.F.);
#2511=ORIENTED_EDGE('',*,*,#3486,.T.);
#2512=ORIENTED_EDGE('',*,*,#3487,.T.);
#2513=ORIENTED_EDGE('',*,*,#3441,.T.);
#2514=ORIENTED_EDGE('',*,*,#3398,.T.);
#2515=ORIENTED_EDGE('',*,*,#3488,.F.);
#2516=ORIENTED_EDGE('',*,*,#3489,.F.);
#2517=ORIENTED_EDGE('',*,*,#3483,.T.);
#2518=ORIENTED_EDGE('',*,*,#3444,.T.);
#2519=ORIENTED_EDGE('',*,*,#3490,.F.);
#2520=ORIENTED_EDGE('',*,*,#3491,.T.);
#2521=ORIENTED_EDGE('',*,*,#3488,.T.);
#2522=ORIENTED_EDGE('',*,*,#3443,.T.);
#2523=ORIENTED_EDGE('',*,*,#3492,.F.);
#2524=ORIENTED_EDGE('',*,*,#3493,.T.);
#2525=ORIENTED_EDGE('',*,*,#3400,.T.);
#2526=ORIENTED_EDGE('',*,*,#3487,.F.);
#2527=ORIENTED_EDGE('',*,*,#3494,.T.);
#2528=ORIENTED_EDGE('',*,*,#3492,.T.);
#2529=ORIENTED_EDGE('',*,*,#3442,.T.);
#2530=ORIENTED_EDGE('',*,*,#3485,.T.);
#2531=ORIENTED_EDGE('',*,*,#3495,.T.);
#2532=ORIENTED_EDGE('',*,*,#3490,.T.);
#2533=ORIENTED_EDGE('',*,*,#3496,.F.);
#2534=ORIENTED_EDGE('',*,*,#3497,.F.);
#2535=ORIENTED_EDGE('',*,*,#3498,.T.);
#2536=ORIENTED_EDGE('',*,*,#3499,.F.);
#2537=ORIENTED_EDGE('',*,*,#3500,.T.);
#2538=ORIENTED_EDGE('',*,*,#3501,.T.);
#2539=ORIENTED_EDGE('',*,*,#3433,.T.);
#2540=ORIENTED_EDGE('',*,*,#3401,.T.);
#2541=ORIENTED_EDGE('',*,*,#3502,.F.);
#2542=ORIENTED_EDGE('',*,*,#3503,.F.);
#2543=ORIENTED_EDGE('',*,*,#3497,.T.);
#2544=ORIENTED_EDGE('',*,*,#3436,.T.);
#2545=ORIENTED_EDGE('',*,*,#3504,.F.);
#2546=ORIENTED_EDGE('',*,*,#3505,.F.);
#2547=ORIENTED_EDGE('',*,*,#3502,.T.);
#2548=ORIENTED_EDGE('',*,*,#3435,.T.);
#2549=ORIENTED_EDGE('',*,*,#3506,.F.);
#2550=ORIENTED_EDGE('',*,*,#3507,.F.);
#2551=ORIENTED_EDGE('',*,*,#3403,.F.);
#2552=ORIENTED_EDGE('',*,*,#3501,.F.);
#2553=ORIENTED_EDGE('',*,*,#3508,.T.);
#2554=ORIENTED_EDGE('',*,*,#3506,.T.);
#2555=ORIENTED_EDGE('',*,*,#3434,.T.);
#2556=ORIENTED_EDGE('',*,*,#3499,.T.);
#2557=ORIENTED_EDGE('',*,*,#3509,.T.);
#2558=ORIENTED_EDGE('',*,*,#3504,.T.);
#2559=ORIENTED_EDGE('',*,*,#3510,.F.);
#2560=ORIENTED_EDGE('',*,*,#3511,.F.);
#2561=ORIENTED_EDGE('',*,*,#3512,.T.);
#2562=ORIENTED_EDGE('',*,*,#3513,.F.);
#2563=ORIENTED_EDGE('',*,*,#3514,.T.);
#2564=ORIENTED_EDGE('',*,*,#3515,.T.);
#2565=ORIENTED_EDGE('',*,*,#3425,.T.);
#2566=ORIENTED_EDGE('',*,*,#3404,.T.);
#2567=ORIENTED_EDGE('',*,*,#3516,.F.);
#2568=ORIENTED_EDGE('',*,*,#3517,.F.);
#2569=ORIENTED_EDGE('',*,*,#3511,.T.);
#2570=ORIENTED_EDGE('',*,*,#3428,.T.);
#2571=ORIENTED_EDGE('',*,*,#3518,.F.);
#2572=ORIENTED_EDGE('',*,*,#3519,.T.);
#2573=ORIENTED_EDGE('',*,*,#3516,.T.);
#2574=ORIENTED_EDGE('',*,*,#3427,.T.);
#2575=ORIENTED_EDGE('',*,*,#3520,.F.);
#2576=ORIENTED_EDGE('',*,*,#3521,.T.);
#2577=ORIENTED_EDGE('',*,*,#3406,.T.);
#2578=ORIENTED_EDGE('',*,*,#3515,.F.);
#2579=ORIENTED_EDGE('',*,*,#3522,.T.);
#2580=ORIENTED_EDGE('',*,*,#3520,.T.);
#2581=ORIENTED_EDGE('',*,*,#3426,.T.);
#2582=ORIENTED_EDGE('',*,*,#3513,.T.);
#2583=ORIENTED_EDGE('',*,*,#3523,.T.);
#2584=ORIENTED_EDGE('',*,*,#3518,.T.);
#2585=ORIENTED_EDGE('',*,*,#3524,.T.);
#2586=ORIENTED_EDGE('',*,*,#3524,.F.);
#2587=ORIENTED_EDGE('',*,*,#3521,.F.);
#2588=ORIENTED_EDGE('',*,*,#3522,.F.);
#2589=ORIENTED_EDGE('',*,*,#3514,.F.);
#2590=ORIENTED_EDGE('',*,*,#3510,.T.);
#2591=ORIENTED_EDGE('',*,*,#3507,.T.);
#2592=ORIENTED_EDGE('',*,*,#3508,.F.);
#2593=ORIENTED_EDGE('',*,*,#3500,.F.);
#2594=ORIENTED_EDGE('',*,*,#3496,.T.);
#2595=ORIENTED_EDGE('',*,*,#3493,.F.);
#2596=ORIENTED_EDGE('',*,*,#3494,.F.);
#2597=ORIENTED_EDGE('',*,*,#3486,.F.);
#2598=ORIENTED_EDGE('',*,*,#3517,.T.);
#2599=ORIENTED_EDGE('',*,*,#3519,.F.);
#2600=ORIENTED_EDGE('',*,*,#3523,.F.);
#2601=ORIENTED_EDGE('',*,*,#3512,.F.);
#2602=ORIENTED_EDGE('',*,*,#3503,.T.);
#2603=ORIENTED_EDGE('',*,*,#3505,.T.);
#2604=ORIENTED_EDGE('',*,*,#3509,.F.);
#2605=ORIENTED_EDGE('',*,*,#3498,.F.);
#2606=ORIENTED_EDGE('',*,*,#3489,.T.);
#2607=ORIENTED_EDGE('',*,*,#3491,.F.);
#2608=ORIENTED_EDGE('',*,*,#3495,.F.);
#2609=ORIENTED_EDGE('',*,*,#3484,.F.);
#2610=ORIENTED_EDGE('',*,*,#3457,.F.);
#2611=ORIENTED_EDGE('',*,*,#3454,.F.);
#2612=ORIENTED_EDGE('',*,*,#3468,.F.);
#2613=ORIENTED_EDGE('',*,*,#3430,.F.);
#2614=ORIENTED_EDGE('',*,*,#3464,.F.);
#2615=ORIENTED_EDGE('',*,*,#3438,.F.);
#2616=ORIENTED_EDGE('',*,*,#3472,.F.);
#2617=ORIENTED_EDGE('',*,*,#3446,.F.);
#2618=ORIENTED_EDGE('',*,*,#3465,.F.);
#2619=ORIENTED_EDGE('',*,*,#3448,.F.);
#2620=ORIENTED_EDGE('',*,*,#3471,.F.);
#2621=ORIENTED_EDGE('',*,*,#3450,.F.);
#2622=ORIENTED_EDGE('',*,*,#3469,.F.);
#2623=ORIENTED_EDGE('',*,*,#3456,.F.);
#2624=ORIENTED_EDGE('',*,*,#3467,.F.);
#2625=ORIENTED_EDGE('',*,*,#3414,.F.);
#2626=ORIENTED_EDGE('',*,*,#3525,.F.);
#2627=ORIENTED_EDGE('',*,*,#3526,.F.);
#2628=ORIENTED_EDGE('',*,*,#3527,.T.);
#2629=ORIENTED_EDGE('',*,*,#3528,.T.);
#2630=ORIENTED_EDGE('',*,*,#3529,.F.);
#2631=ORIENTED_EDGE('',*,*,#3418,.F.);
#2632=ORIENTED_EDGE('',*,*,#3530,.T.);
#2633=ORIENTED_EDGE('',*,*,#3526,.T.);
#2634=ORIENTED_EDGE('',*,*,#3531,.T.);
#2635=ORIENTED_EDGE('',*,*,#3528,.F.);
#2636=ORIENTED_EDGE('',*,*,#3532,.F.);
#2637=ORIENTED_EDGE('',*,*,#3420,.T.);
#2638=ORIENTED_EDGE('',*,*,#3527,.F.);
#2639=ORIENTED_EDGE('',*,*,#3530,.F.);
#2640=ORIENTED_EDGE('',*,*,#3417,.F.);
#2641=ORIENTED_EDGE('',*,*,#3532,.T.);
#2642=ORIENTED_EDGE('',*,*,#3525,.T.);
#2643=ORIENTED_EDGE('',*,*,#3531,.F.);
#2644=ORIENTED_EDGE('',*,*,#3419,.T.);
#2645=ORIENTED_EDGE('',*,*,#3529,.T.);
#2646=ORIENTED_EDGE('',*,*,#3533,.F.);
#2647=ORIENTED_EDGE('',*,*,#3534,.T.);
#2648=ORIENTED_EDGE('',*,*,#3535,.F.);
#2649=ORIENTED_EDGE('',*,*,#3534,.F.);
#2650=ORIENTED_EDGE('',*,*,#3536,.F.);
#2651=ORIENTED_EDGE('',*,*,#3537,.T.);
#2652=ORIENTED_EDGE('',*,*,#3538,.T.);
#2653=ORIENTED_EDGE('',*,*,#3537,.F.);
#2654=ORIENTED_EDGE('',*,*,#3539,.F.);
#2655=ORIENTED_EDGE('',*,*,#3540,.T.);
#2656=ORIENTED_EDGE('',*,*,#3541,.F.);
#2657=ORIENTED_EDGE('',*,*,#3540,.F.);
#2658=ORIENTED_EDGE('',*,*,#3542,.F.);
#2659=ORIENTED_EDGE('',*,*,#3543,.T.);
#2660=ORIENTED_EDGE('',*,*,#3544,.F.);
#2661=ORIENTED_EDGE('',*,*,#3543,.F.);
#2662=ORIENTED_EDGE('',*,*,#3545,.T.);
#2663=ORIENTED_EDGE('',*,*,#3546,.T.);
#2664=ORIENTED_EDGE('',*,*,#3547,.T.);
#2665=ORIENTED_EDGE('',*,*,#3546,.F.);
#2666=ORIENTED_EDGE('',*,*,#3548,.F.);
#2667=ORIENTED_EDGE('',*,*,#3549,.T.);
#2668=ORIENTED_EDGE('',*,*,#3550,.F.);
#2669=ORIENTED_EDGE('',*,*,#3551,.F.);
#2670=ORIENTED_EDGE('',*,*,#3552,.T.);
#2671=ORIENTED_EDGE('',*,*,#3553,.T.);
#2672=ORIENTED_EDGE('',*,*,#3554,.F.);
#2673=ORIENTED_EDGE('',*,*,#3555,.F.);
#2674=ORIENTED_EDGE('',*,*,#3556,.T.);
#2675=ORIENTED_EDGE('',*,*,#3557,.T.);
#2676=ORIENTED_EDGE('',*,*,#3558,.F.);
#2677=ORIENTED_EDGE('',*,*,#3559,.F.);
#2678=ORIENTED_EDGE('',*,*,#3560,.F.);
#2679=ORIENTED_EDGE('',*,*,#3561,.F.);
#2680=ORIENTED_EDGE('',*,*,#3562,.F.);
#2681=ORIENTED_EDGE('',*,*,#3563,.F.);
#2682=ORIENTED_EDGE('',*,*,#3564,.F.);
#2683=ORIENTED_EDGE('',*,*,#3565,.T.);
#2684=ORIENTED_EDGE('',*,*,#3566,.T.);
#2685=ORIENTED_EDGE('',*,*,#3567,.T.);
#2686=ORIENTED_EDGE('',*,*,#3568,.F.);
#2687=ORIENTED_EDGE('',*,*,#3569,.F.);
#2688=ORIENTED_EDGE('',*,*,#3570,.F.);
#2689=ORIENTED_EDGE('',*,*,#3571,.F.);
#2690=ORIENTED_EDGE('',*,*,#3572,.T.);
#2691=ORIENTED_EDGE('',*,*,#3573,.T.);
#2692=ORIENTED_EDGE('',*,*,#3574,.F.);
#2693=ORIENTED_EDGE('',*,*,#3575,.F.);
#2694=ORIENTED_EDGE('',*,*,#3576,.F.);
#2695=ORIENTED_EDGE('',*,*,#3577,.F.);
#2696=ORIENTED_EDGE('',*,*,#3578,.F.);
#2697=ORIENTED_EDGE('',*,*,#3579,.F.);
#2698=ORIENTED_EDGE('',*,*,#3580,.F.);
#2699=ORIENTED_EDGE('',*,*,#3581,.T.);
#2700=ORIENTED_EDGE('',*,*,#3582,.T.);
#2701=ORIENTED_EDGE('',*,*,#3583,.T.);
#2702=ORIENTED_EDGE('',*,*,#3584,.F.);
#2703=ORIENTED_EDGE('',*,*,#3585,.T.);
#2704=ORIENTED_EDGE('',*,*,#3586,.T.);
#2705=ORIENTED_EDGE('',*,*,#3587,.T.);
#2706=ORIENTED_EDGE('',*,*,#3588,.T.);
#2707=ORIENTED_EDGE('',*,*,#3589,.T.);
#2708=ORIENTED_EDGE('',*,*,#3590,.F.);
#2709=ORIENTED_EDGE('',*,*,#3591,.T.);
#2710=ORIENTED_EDGE('',*,*,#3590,.T.);
#2711=ORIENTED_EDGE('',*,*,#3592,.T.);
#2712=ORIENTED_EDGE('',*,*,#3564,.T.);
#2713=ORIENTED_EDGE('',*,*,#3593,.T.);
#2714=ORIENTED_EDGE('',*,*,#3594,.T.);
#2715=ORIENTED_EDGE('',*,*,#3595,.F.);
#2716=ORIENTED_EDGE('',*,*,#3558,.T.);
#2717=ORIENTED_EDGE('',*,*,#3596,.T.);
#2718=ORIENTED_EDGE('',*,*,#3597,.F.);
#2719=ORIENTED_EDGE('',*,*,#3598,.F.);
#2720=ORIENTED_EDGE('',*,*,#3574,.T.);
#2721=ORIENTED_EDGE('',*,*,#3599,.T.);
#2722=ORIENTED_EDGE('',*,*,#3580,.T.);
#2723=ORIENTED_EDGE('',*,*,#3600,.T.);
#2724=ORIENTED_EDGE('',*,*,#3584,.T.);
#2725=ORIENTED_EDGE('',*,*,#3601,.T.);
#2726=ORIENTED_EDGE('',*,*,#3550,.T.);
#2727=ORIENTED_EDGE('',*,*,#3602,.T.);
#2728=ORIENTED_EDGE('',*,*,#3544,.T.);
#2729=ORIENTED_EDGE('',*,*,#3547,.F.);
#2730=ORIENTED_EDGE('',*,*,#3566,.F.);
#2731=ORIENTED_EDGE('',*,*,#3603,.T.);
#2732=ORIENTED_EDGE('',*,*,#3588,.F.);
#2733=ORIENTED_EDGE('',*,*,#3604,.T.);
#2734=ORIENTED_EDGE('',*,*,#3548,.T.);
#2735=ORIENTED_EDGE('',*,*,#3605,.T.);
#2736=ORIENTED_EDGE('',*,*,#3586,.F.);
#2737=ORIENTED_EDGE('',*,*,#3606,.T.);
#2738=ORIENTED_EDGE('',*,*,#3582,.F.);
#2739=ORIENTED_EDGE('',*,*,#3607,.T.);
#2740=ORIENTED_EDGE('',*,*,#3572,.F.);
#2741=ORIENTED_EDGE('',*,*,#3608,.F.);
#2742=ORIENTED_EDGE('',*,*,#3609,.F.);
#2743=ORIENTED_EDGE('',*,*,#3610,.T.);
#2744=ORIENTED_EDGE('',*,*,#3556,.F.);
#2745=ORIENTED_EDGE('',*,*,#3611,.F.);
#2746=ORIENTED_EDGE('',*,*,#3612,.T.);
#2747=ORIENTED_EDGE('',*,*,#3613,.T.);
#2748=ORIENTED_EDGE('',*,*,#3542,.T.);
#2749=ORIENTED_EDGE('',*,*,#3545,.F.);
#2750=ORIENTED_EDGE('',*,*,#3613,.F.);
#2751=ORIENTED_EDGE('',*,*,#3614,.T.);
#2752=ORIENTED_EDGE('',*,*,#3593,.F.);
#2753=ORIENTED_EDGE('',*,*,#3567,.F.);
#2754=ORIENTED_EDGE('',*,*,#3612,.F.);
#2755=ORIENTED_EDGE('',*,*,#3615,.T.);
#2756=ORIENTED_EDGE('',*,*,#3594,.F.);
#2757=ORIENTED_EDGE('',*,*,#3614,.F.);
#2758=ORIENTED_EDGE('',*,*,#3615,.F.);
#2759=ORIENTED_EDGE('',*,*,#3611,.T.);
#2760=ORIENTED_EDGE('',*,*,#3559,.T.);
#2761=ORIENTED_EDGE('',*,*,#3595,.T.);
#2762=ORIENTED_EDGE('',*,*,#3616,.F.);
#2763=ORIENTED_EDGE('',*,*,#3608,.T.);
#2764=ORIENTED_EDGE('',*,*,#3575,.T.);
#2765=ORIENTED_EDGE('',*,*,#3598,.T.);
#2766=ORIENTED_EDGE('',*,*,#3610,.F.);
#2767=ORIENTED_EDGE('',*,*,#3617,.T.);
#2768=ORIENTED_EDGE('',*,*,#3596,.F.);
#2769=ORIENTED_EDGE('',*,*,#3557,.F.);
#2770=ORIENTED_EDGE('',*,*,#3617,.F.);
#2771=ORIENTED_EDGE('',*,*,#3609,.T.);
#2772=ORIENTED_EDGE('',*,*,#3616,.T.);
#2773=ORIENTED_EDGE('',*,*,#3597,.T.);
#2774=ORIENTED_EDGE('',*,*,#3605,.F.);
#2775=ORIENTED_EDGE('',*,*,#3551,.T.);
#2776=ORIENTED_EDGE('',*,*,#3601,.F.);
#2777=ORIENTED_EDGE('',*,*,#3587,.F.);
#2778=ORIENTED_EDGE('',*,*,#3618,.F.);
#2779=ORIENTED_EDGE('',*,*,#3619,.T.);
#2780=ORIENTED_EDGE('',*,*,#3620,.F.);
#2781=ORIENTED_EDGE('',*,*,#3621,.T.);
#2782=ORIENTED_EDGE('',*,*,#3622,.T.);
#2783=ORIENTED_EDGE('',*,*,#3576,.T.);
#2784=ORIENTED_EDGE('',*,*,#3533,.T.);
#2785=ORIENTED_EDGE('',*,*,#3623,.F.);
#2786=ORIENTED_EDGE('',*,*,#3624,.F.);
#2787=ORIENTED_EDGE('',*,*,#3618,.T.);
#2788=ORIENTED_EDGE('',*,*,#3579,.T.);
#2789=ORIENTED_EDGE('',*,*,#3625,.F.);
#2790=ORIENTED_EDGE('',*,*,#3626,.T.);
#2791=ORIENTED_EDGE('',*,*,#3623,.T.);
#2792=ORIENTED_EDGE('',*,*,#3578,.T.);
#2793=ORIENTED_EDGE('',*,*,#3627,.F.);
#2794=ORIENTED_EDGE('',*,*,#3628,.T.);
#2795=ORIENTED_EDGE('',*,*,#3535,.T.);
#2796=ORIENTED_EDGE('',*,*,#3622,.F.);
#2797=ORIENTED_EDGE('',*,*,#3629,.T.);
#2798=ORIENTED_EDGE('',*,*,#3627,.T.);
#2799=ORIENTED_EDGE('',*,*,#3577,.T.);
#2800=ORIENTED_EDGE('',*,*,#3620,.T.);
#2801=ORIENTED_EDGE('',*,*,#3630,.T.);
#2802=ORIENTED_EDGE('',*,*,#3625,.T.);
#2803=ORIENTED_EDGE('',*,*,#3631,.F.);
#2804=ORIENTED_EDGE('',*,*,#3632,.F.);
#2805=ORIENTED_EDGE('',*,*,#3633,.T.);
#2806=ORIENTED_EDGE('',*,*,#3634,.F.);
#2807=ORIENTED_EDGE('',*,*,#3635,.T.);
#2808=ORIENTED_EDGE('',*,*,#3636,.T.);
#2809=ORIENTED_EDGE('',*,*,#3568,.T.);
#2810=ORIENTED_EDGE('',*,*,#3536,.T.);
#2811=ORIENTED_EDGE('',*,*,#3637,.F.);
#2812=ORIENTED_EDGE('',*,*,#3638,.F.);
#2813=ORIENTED_EDGE('',*,*,#3632,.T.);
#2814=ORIENTED_EDGE('',*,*,#3571,.T.);
#2815=ORIENTED_EDGE('',*,*,#3639,.F.);
#2816=ORIENTED_EDGE('',*,*,#3640,.F.);
#2817=ORIENTED_EDGE('',*,*,#3637,.T.);
#2818=ORIENTED_EDGE('',*,*,#3570,.T.);
#2819=ORIENTED_EDGE('',*,*,#3641,.F.);
#2820=ORIENTED_EDGE('',*,*,#3642,.F.);
#2821=ORIENTED_EDGE('',*,*,#3538,.F.);
#2822=ORIENTED_EDGE('',*,*,#3636,.F.);
#2823=ORIENTED_EDGE('',*,*,#3643,.T.);
#2824=ORIENTED_EDGE('',*,*,#3641,.T.);
#2825=ORIENTED_EDGE('',*,*,#3569,.T.);
#2826=ORIENTED_EDGE('',*,*,#3634,.T.);
#2827=ORIENTED_EDGE('',*,*,#3644,.T.);
#2828=ORIENTED_EDGE('',*,*,#3639,.T.);
#2829=ORIENTED_EDGE('',*,*,#3645,.F.);
#2830=ORIENTED_EDGE('',*,*,#3646,.F.);
#2831=ORIENTED_EDGE('',*,*,#3647,.T.);
#2832=ORIENTED_EDGE('',*,*,#3648,.F.);
#2833=ORIENTED_EDGE('',*,*,#3649,.T.);
#2834=ORIENTED_EDGE('',*,*,#3650,.T.);
#2835=ORIENTED_EDGE('',*,*,#3560,.T.);
#2836=ORIENTED_EDGE('',*,*,#3539,.T.);
#2837=ORIENTED_EDGE('',*,*,#3651,.F.);
#2838=ORIENTED_EDGE('',*,*,#3652,.F.);
#2839=ORIENTED_EDGE('',*,*,#3646,.T.);
#2840=ORIENTED_EDGE('',*,*,#3563,.T.);
#2841=ORIENTED_EDGE('',*,*,#3653,.F.);
#2842=ORIENTED_EDGE('',*,*,#3654,.T.);
#2843=ORIENTED_EDGE('',*,*,#3651,.T.);
#2844=ORIENTED_EDGE('',*,*,#3562,.T.);
#2845=ORIENTED_EDGE('',*,*,#3655,.F.);
#2846=ORIENTED_EDGE('',*,*,#3656,.T.);
#2847=ORIENTED_EDGE('',*,*,#3541,.T.);
#2848=ORIENTED_EDGE('',*,*,#3650,.F.);
#2849=ORIENTED_EDGE('',*,*,#3657,.T.);
#2850=ORIENTED_EDGE('',*,*,#3655,.T.);
#2851=ORIENTED_EDGE('',*,*,#3561,.T.);
#2852=ORIENTED_EDGE('',*,*,#3648,.T.);
#2853=ORIENTED_EDGE('',*,*,#3658,.T.);
#2854=ORIENTED_EDGE('',*,*,#3653,.T.);
#2855=ORIENTED_EDGE('',*,*,#3659,.T.);
#2856=ORIENTED_EDGE('',*,*,#3659,.F.);
#2857=ORIENTED_EDGE('',*,*,#3656,.F.);
#2858=ORIENTED_EDGE('',*,*,#3657,.F.);
#2859=ORIENTED_EDGE('',*,*,#3649,.F.);
#2860=ORIENTED_EDGE('',*,*,#3645,.T.);
#2861=ORIENTED_EDGE('',*,*,#3642,.T.);
#2862=ORIENTED_EDGE('',*,*,#3643,.F.);
#2863=ORIENTED_EDGE('',*,*,#3635,.F.);
#2864=ORIENTED_EDGE('',*,*,#3631,.T.);
#2865=ORIENTED_EDGE('',*,*,#3628,.F.);
#2866=ORIENTED_EDGE('',*,*,#3629,.F.);
#2867=ORIENTED_EDGE('',*,*,#3621,.F.);
#2868=ORIENTED_EDGE('',*,*,#3652,.T.);
#2869=ORIENTED_EDGE('',*,*,#3654,.F.);
#2870=ORIENTED_EDGE('',*,*,#3658,.F.);
#2871=ORIENTED_EDGE('',*,*,#3647,.F.);
#2872=ORIENTED_EDGE('',*,*,#3638,.T.);
#2873=ORIENTED_EDGE('',*,*,#3640,.T.);
#2874=ORIENTED_EDGE('',*,*,#3644,.F.);
#2875=ORIENTED_EDGE('',*,*,#3633,.F.);
#2876=ORIENTED_EDGE('',*,*,#3624,.T.);
#2877=ORIENTED_EDGE('',*,*,#3626,.F.);
#2878=ORIENTED_EDGE('',*,*,#3630,.F.);
#2879=ORIENTED_EDGE('',*,*,#3619,.F.);
#2880=ORIENTED_EDGE('',*,*,#3592,.F.);
#2881=ORIENTED_EDGE('',*,*,#3589,.F.);
#2882=ORIENTED_EDGE('',*,*,#3603,.F.);
#2883=ORIENTED_EDGE('',*,*,#3565,.F.);
#2884=ORIENTED_EDGE('',*,*,#3599,.F.);
#2885=ORIENTED_EDGE('',*,*,#3573,.F.);
#2886=ORIENTED_EDGE('',*,*,#3607,.F.);
#2887=ORIENTED_EDGE('',*,*,#3581,.F.);
#2888=ORIENTED_EDGE('',*,*,#3600,.F.);
#2889=ORIENTED_EDGE('',*,*,#3583,.F.);
#2890=ORIENTED_EDGE('',*,*,#3606,.F.);
#2891=ORIENTED_EDGE('',*,*,#3585,.F.);
#2892=ORIENTED_EDGE('',*,*,#3604,.F.);
#2893=ORIENTED_EDGE('',*,*,#3591,.F.);
#2894=ORIENTED_EDGE('',*,*,#3602,.F.);
#2895=ORIENTED_EDGE('',*,*,#3549,.F.);
#2896=ORIENTED_EDGE('',*,*,#3660,.F.);
#2897=ORIENTED_EDGE('',*,*,#3661,.F.);
#2898=ORIENTED_EDGE('',*,*,#3662,.T.);
#2899=ORIENTED_EDGE('',*,*,#3663,.T.);
#2900=ORIENTED_EDGE('',*,*,#3664,.F.);
#2901=ORIENTED_EDGE('',*,*,#3553,.F.);
#2902=ORIENTED_EDGE('',*,*,#3665,.T.);
#2903=ORIENTED_EDGE('',*,*,#3661,.T.);
#2904=ORIENTED_EDGE('',*,*,#3666,.T.);
#2905=ORIENTED_EDGE('',*,*,#3663,.F.);
#2906=ORIENTED_EDGE('',*,*,#3667,.F.);
#2907=ORIENTED_EDGE('',*,*,#3555,.T.);
#2908=ORIENTED_EDGE('',*,*,#3662,.F.);
#2909=ORIENTED_EDGE('',*,*,#3665,.F.);
#2910=ORIENTED_EDGE('',*,*,#3552,.F.);
#2911=ORIENTED_EDGE('',*,*,#3667,.T.);
#2912=ORIENTED_EDGE('',*,*,#3660,.T.);
#2913=ORIENTED_EDGE('',*,*,#3666,.F.);
#2914=ORIENTED_EDGE('',*,*,#3554,.T.);
#2915=ORIENTED_EDGE('',*,*,#3664,.T.);
#2916=ORIENTED_EDGE('',*,*,#3668,.F.);
#2917=ORIENTED_EDGE('',*,*,#3669,.T.);
#2918=ORIENTED_EDGE('',*,*,#3670,.T.);
#2919=ORIENTED_EDGE('',*,*,#3668,.T.);
#2920=ORIENTED_EDGE('',*,*,#3671,.F.);
#2921=ORIENTED_EDGE('',*,*,#3669,.F.);
#2922=ORIENTED_EDGE('',*,*,#3670,.F.);
#2923=ORIENTED_EDGE('',*,*,#3671,.T.);
#2924=EDGE_CURVE('',#3672,#3672,#4170,.T.);
#2925=EDGE_CURVE('',#3673,#3673,#4171,.T.);
#2926=EDGE_CURVE('',#3674,#3674,#4172,.F.);
#2927=EDGE_CURVE('',#3675,#3675,#4173,.F.);
#2928=EDGE_CURVE('',#3676,#3677,#28,.T.);
#2929=EDGE_CURVE('',#3678,#3676,#4174,.F.);
#2930=EDGE_CURVE('',#3679,#3678,#29,.F.);
#2931=EDGE_CURVE('',#3680,#3679,#4175,.T.);
#2932=EDGE_CURVE('',#3681,#3680,#30,.T.);
#2933=EDGE_CURVE('',#3677,#3681,#4176,.F.);
#2934=EDGE_CURVE('',#3682,#3683,#31,.F.);
#2935=EDGE_CURVE('',#3684,#3682,#4177,.T.);
#2936=EDGE_CURVE('',#3685,#3684,#32,.T.);
#2937=EDGE_CURVE('',#3686,#3685,#4178,.F.);
#2938=EDGE_CURVE('',#3687,#3686,#33,.F.);
#2939=EDGE_CURVE('',#3683,#3687,#4179,.F.);
#2940=EDGE_CURVE('',#3688,#3678,#34,.T.);
#2941=EDGE_CURVE('',#3688,#3689,#35,.T.);
#2942=EDGE_CURVE('',#3689,#3679,#36,.F.);
#2943=EDGE_CURVE('',#3680,#3690,#37,.F.);
#2944=EDGE_CURVE('',#3690,#3691,#38,.F.);
#2945=EDGE_CURVE('',#3681,#3691,#39,.T.);
#2946=EDGE_CURVE('',#3691,#3692,#40,.T.);
#2947=EDGE_CURVE('',#3692,#3693,#4180,.T.);
#2948=EDGE_CURVE('',#3693,#3694,#41,.F.);
#2949=EDGE_CURVE('',#3695,#3694,#42,.F.);
#2950=EDGE_CURVE('',#3695,#3696,#43,.F.);
#2951=EDGE_CURVE('',#3696,#3697,#44,.F.);
#2952=EDGE_CURVE('',#3697,#3698,#45,.F.);
#2953=EDGE_CURVE('',#3698,#3699,#4181,.T.);
#2954=EDGE_CURVE('',#3699,#3700,#46,.T.);
#2955=EDGE_CURVE('',#3700,#3683,#47,.F.);
#2956=EDGE_CURVE('',#3687,#3677,#48,.T.);
#2957=EDGE_CURVE('',#3701,#3701,#4182,.T.);
#2958=EDGE_CURVE('',#3702,#3702,#4183,.F.);
#2959=EDGE_CURVE('',#3703,#3703,#4184,.F.);
#2960=EDGE_CURVE('',#3704,#3704,#4185,.F.);
#2961=EDGE_CURVE('',#3705,#3705,#4186,.F.);
#2962=EDGE_CURVE('',#3706,#3706,#4187,.T.);
#2963=EDGE_CURVE('',#3707,#3689,#49,.F.);
#2964=EDGE_CURVE('',#3684,#3707,#50,.F.);
#2965=EDGE_CURVE('',#3708,#3682,#51,.F.);
#2966=EDGE_CURVE('',#3709,#3708,#52,.T.);
#2967=EDGE_CURVE('',#3710,#3709,#4188,.T.);
#2968=EDGE_CURVE('',#3711,#3710,#53,.T.);
#2969=EDGE_CURVE('',#3712,#3711,#54,.F.);
#2970=EDGE_CURVE('',#3713,#3712,#55,.F.);
#2971=EDGE_CURVE('',#3714,#3713,#56,.F.);
#2972=EDGE_CURVE('',#3715,#3714,#57,.T.);
#2973=EDGE_CURVE('',#3716,#3715,#4189,.T.);
#2974=EDGE_CURVE('',#3690,#3716,#58,.T.);
#2975=EDGE_CURVE('',#3717,#3717,#4190,.T.);
#2976=EDGE_CURVE('',#3718,#3718,#4191,.T.);
#2977=EDGE_CURVE('',#3719,#3719,#4192,.T.);
#2978=EDGE_CURVE('',#3720,#3720,#4193,.T.);
#2979=EDGE_CURVE('',#3721,#3721,#4194,.F.);
#2980=EDGE_CURVE('',#3722,#3722,#4195,.F.);
#2981=EDGE_CURVE('',#3723,#3707,#59,.T.);
#2982=EDGE_CURVE('',#3723,#3685,#60,.T.);
#2983=EDGE_CURVE('',#3701,#3724,#61,.F.);
#2984=EDGE_CURVE('',#3724,#3724,#4196,.F.);
#2985=EDGE_CURVE('',#3724,#3722,#62,.F.);
#2986=EDGE_CURVE('',#3706,#3725,#63,.F.);
#2987=EDGE_CURVE('',#3725,#3725,#4197,.F.);
#2988=EDGE_CURVE('',#3725,#3721,#64,.F.);
#2989=EDGE_CURVE('',#3700,#3708,#65,.T.);
#2990=EDGE_CURVE('',#3709,#3699,#66,.T.);
#2991=EDGE_CURVE('',#3710,#3698,#67,.T.);
#2992=EDGE_CURVE('',#3711,#3697,#68,.F.);
#2993=EDGE_CURVE('',#3726,#3696,#69,.F.);
#2994=EDGE_CURVE('',#3727,#3726,#70,.T.);
#2995=EDGE_CURVE('',#3727,#3712,#71,.T.);
#2996=EDGE_CURVE('',#3715,#3693,#72,.T.);
#2997=EDGE_CURVE('',#3716,#3692,#73,.T.);
#2998=EDGE_CURVE('',#3694,#3714,#74,.T.);
#2999=EDGE_CURVE('',#3713,#3728,#75,.F.);
#3000=EDGE_CURVE('',#3728,#3729,#76,.T.);
#3001=EDGE_CURVE('',#3695,#3729,#77,.T.);
#3002=EDGE_CURVE('',#3723,#3688,#78,.T.);
#3003=EDGE_CURVE('',#3730,#3730,#4198,.T.);
#3004=EDGE_CURVE('',#3731,#3731,#4199,.F.);
#3005=EDGE_CURVE('',#3731,#3732,#79,.F.);
#3006=EDGE_CURVE('',#3732,#3732,#4200,.F.);
#3007=EDGE_CURVE('',#3732,#3733,#80,.T.);
#3008=EDGE_CURVE('',#3733,#3733,#4201,.F.);
#3009=EDGE_CURVE('',#3734,#3734,#4202,.T.);
#3010=EDGE_CURVE('',#3734,#3735,#81,.T.);
#3011=EDGE_CURVE('',#3735,#3735,#4203,.F.);
#3012=EDGE_CURVE('',#3736,#3736,#4204,.T.);
#3013=EDGE_CURVE('',#3736,#3737,#82,.F.);
#3014=EDGE_CURVE('',#3737,#3737,#4205,.F.);
#3015=EDGE_CURVE('',#3737,#3738,#83,.F.);
#3016=EDGE_CURVE('',#3738,#3738,#4206,.F.);
#3017=EDGE_CURVE('',#3729,#3726,#84,.F.);
#3018=EDGE_CURVE('',#3739,#3739,#4207,.F.);
#3019=EDGE_CURVE('',#3739,#3730,#85,.T.);
#3020=EDGE_CURVE('',#3740,#3740,#4208,.F.);
#3021=EDGE_CURVE('',#3740,#3739,#86,.F.);
#3022=EDGE_CURVE('',#3686,#3676,#87,.T.);
#3023=EDGE_CURVE('',#3728,#3727,#88,.T.);
#3024=EDGE_CURVE('',#3717,#3702,#89,.F.);
#3025=EDGE_CURVE('',#3718,#3703,#90,.F.);
#3026=EDGE_CURVE('',#3719,#3704,#91,.F.);
#3027=EDGE_CURVE('',#3720,#3705,#92,.F.);
#3028=EDGE_CURVE('',#3741,#3741,#4209,.T.);
#3029=EDGE_CURVE('',#3741,#3742,#93,.T.);
#3030=EDGE_CURVE('',#3742,#3742,#4210,.F.);
#3031=EDGE_CURVE('',#3743,#3743,#4211,.T.);
#3032=EDGE_CURVE('',#3743,#3744,#94,.T.);
#3033=EDGE_CURVE('',#3744,#3744,#4212,.T.);
#3034=EDGE_CURVE('',#3745,#3745,#4213,.T.);
#3035=EDGE_CURVE('',#3745,#3746,#95,.T.);
#3036=EDGE_CURVE('',#3746,#3746,#4214,.F.);
#3037=EDGE_CURVE('',#3747,#3747,#4215,.T.);
#3038=EDGE_CURVE('',#3747,#3748,#96,.T.);
#3039=EDGE_CURVE('',#3748,#3748,#4216,.F.);
#3040=EDGE_CURVE('',#3749,#3749,#4217,.F.);
#3041=EDGE_CURVE('',#3749,#3750,#97,.T.);
#3042=EDGE_CURVE('',#3750,#3750,#4218,.T.);
#3043=EDGE_CURVE('',#3751,#3752,#98,.T.);
#3044=EDGE_CURVE('',#3751,#3753,#99,.T.);
#3045=EDGE_CURVE('',#3754,#3753,#100,.F.);
#3046=EDGE_CURVE('',#3752,#3754,#101,.T.);
#3047=EDGE_CURVE('',#3755,#3756,#102,.F.);
#3048=EDGE_CURVE('',#3756,#3757,#103,.F.);
#3049=EDGE_CURVE('',#3758,#3757,#104,.F.);
#3050=EDGE_CURVE('',#3755,#3758,#105,.F.);
#3051=EDGE_CURVE('',#3759,#3760,#106,.T.);
#3052=EDGE_CURVE('',#3760,#3761,#107,.T.);
#3053=EDGE_CURVE('',#3762,#3761,#108,.T.);
#3054=EDGE_CURVE('',#3759,#3762,#109,.T.);
#3055=EDGE_CURVE('',#3763,#3764,#110,.T.);
#3056=EDGE_CURVE('',#3765,#3763,#111,.T.);
#3057=EDGE_CURVE('',#3766,#3765,#112,.T.);
#3058=EDGE_CURVE('',#3764,#3766,#113,.T.);
#3059=EDGE_CURVE('',#3767,#3768,#114,.T.);
#3060=EDGE_CURVE('',#3767,#3769,#115,.F.);
#3061=EDGE_CURVE('',#3769,#3770,#116,.T.);
#3062=EDGE_CURVE('',#3770,#3768,#117,.T.);
#3063=EDGE_CURVE('',#3771,#3772,#118,.T.);
#3064=EDGE_CURVE('',#3773,#3771,#119,.T.);
#3065=EDGE_CURVE('',#3774,#3773,#120,.T.);
#3066=EDGE_CURVE('',#3772,#3774,#121,.T.);
#3067=EDGE_CURVE('',#3775,#3776,#122,.T.);
#3068=EDGE_CURVE('',#3776,#3777,#123,.T.);
#3069=EDGE_CURVE('',#3778,#3777,#124,.T.);
#3070=EDGE_CURVE('',#3775,#3778,#125,.T.);
#3071=EDGE_CURVE('',#3779,#3780,#126,.T.);
#3072=EDGE_CURVE('',#3781,#3779,#127,.T.);
#3073=EDGE_CURVE('',#3782,#3781,#128,.T.);
#3074=EDGE_CURVE('',#3780,#3782,#129,.T.);
#3075=EDGE_CURVE('',#3783,#3784,#130,.T.);
#3076=EDGE_CURVE('',#3783,#3785,#131,.F.);
#3077=EDGE_CURVE('',#3785,#3786,#132,.T.);
#3078=EDGE_CURVE('',#3786,#3784,#133,.T.);
#3079=EDGE_CURVE('',#3787,#3788,#134,.F.);
#3080=EDGE_CURVE('',#3787,#3789,#135,.T.);
#3081=EDGE_CURVE('',#3789,#3790,#136,.F.);
#3082=EDGE_CURVE('',#3790,#3788,#137,.F.);
#3083=EDGE_CURVE('',#3791,#3792,#138,.F.);
#3084=EDGE_CURVE('',#3792,#3793,#139,.T.);
#3085=EDGE_CURVE('',#3794,#3793,#140,.F.);
#3086=EDGE_CURVE('',#3794,#3791,#141,.F.);
#3087=EDGE_CURVE('',#3793,#3767,#4219,.F.);
#3088=EDGE_CURVE('',#3768,#3795,#142,.T.);
#3089=EDGE_CURVE('',#3795,#3796,#143,.T.);
#3090=EDGE_CURVE('',#3762,#3796,#144,.T.);
#3091=EDGE_CURVE('',#3761,#3797,#145,.T.);
#3092=EDGE_CURVE('',#3798,#3797,#146,.F.);
#3093=EDGE_CURVE('',#3778,#3798,#147,.T.);
#3094=EDGE_CURVE('',#3777,#3783,#4220,.F.);
#3095=EDGE_CURVE('',#3784,#3787,#4221,.F.);
#3096=EDGE_CURVE('',#3788,#3754,#148,.T.);
#3097=EDGE_CURVE('',#3753,#3794,#4222,.F.);
#3098=EDGE_CURVE('',#3769,#3792,#4223,.T.);
#3099=EDGE_CURVE('',#3791,#3751,#4224,.T.);
#3100=EDGE_CURVE('',#3752,#3790,#149,.T.);
#3101=EDGE_CURVE('',#3789,#3786,#4225,.T.);
#3102=EDGE_CURVE('',#3785,#3776,#4226,.T.);
#3103=EDGE_CURVE('',#3799,#3775,#150,.F.);
#3104=EDGE_CURVE('',#3800,#3799,#151,.T.);
#3105=EDGE_CURVE('',#3800,#3760,#152,.T.);
#3106=EDGE_CURVE('',#3801,#3759,#153,.F.);
#3107=EDGE_CURVE('',#3801,#3802,#154,.F.);
#3108=EDGE_CURVE('',#3802,#3770,#155,.T.);
#3109=EDGE_CURVE('',#3802,#3795,#156,.T.);
#3110=EDGE_CURVE('',#3801,#3796,#157,.F.);
#3111=EDGE_CURVE('',#3799,#3798,#158,.T.);
#3112=EDGE_CURVE('',#3800,#3797,#159,.T.);
#3113=EDGE_CURVE('',#3803,#3780,#160,.T.);
#3114=EDGE_CURVE('',#3803,#3804,#161,.T.);
#3115=EDGE_CURVE('',#3805,#3804,#162,.T.);
#3116=EDGE_CURVE('',#3805,#3806,#163,.T.);
#3117=EDGE_CURVE('',#3806,#3779,#164,.T.);
#3118=EDGE_CURVE('',#3807,#3782,#165,.T.);
#3119=EDGE_CURVE('',#3803,#3807,#166,.F.);
#3120=EDGE_CURVE('',#3808,#3809,#167,.F.);
#3121=EDGE_CURVE('',#3808,#3807,#168,.T.);
#3122=EDGE_CURVE('',#3810,#3781,#169,.T.);
#3123=EDGE_CURVE('',#3810,#3809,#170,.T.);
#3124=EDGE_CURVE('',#3806,#3810,#171,.F.);
#3125=EDGE_CURVE('',#3804,#3808,#172,.F.);
#3126=EDGE_CURVE('',#3805,#3809,#173,.F.);
#3127=EDGE_CURVE('',#3811,#3772,#174,.T.);
#3128=EDGE_CURVE('',#3811,#3812,#175,.T.);
#3129=EDGE_CURVE('',#3813,#3812,#176,.T.);
#3130=EDGE_CURVE('',#3813,#3814,#177,.T.);
#3131=EDGE_CURVE('',#3814,#3771,#178,.T.);
#3132=EDGE_CURVE('',#3815,#3774,#179,.T.);
#3133=EDGE_CURVE('',#3811,#3815,#180,.F.);
#3134=EDGE_CURVE('',#3816,#3817,#181,.F.);
#3135=EDGE_CURVE('',#3815,#3816,#182,.F.);
#3136=EDGE_CURVE('',#3818,#3773,#183,.T.);
#3137=EDGE_CURVE('',#3817,#3818,#184,.F.);
#3138=EDGE_CURVE('',#3814,#3818,#185,.F.);
#3139=EDGE_CURVE('',#3812,#3816,#186,.F.);
#3140=EDGE_CURVE('',#3813,#3817,#187,.F.);
#3141=EDGE_CURVE('',#3819,#3764,#188,.T.);
#3142=EDGE_CURVE('',#3819,#3820,#189,.T.);
#3143=EDGE_CURVE('',#3821,#3820,#190,.T.);
#3144=EDGE_CURVE('',#3821,#3822,#191,.T.);
#3145=EDGE_CURVE('',#3822,#3763,#192,.T.);
#3146=EDGE_CURVE('',#3823,#3766,#193,.T.);
#3147=EDGE_CURVE('',#3819,#3823,#194,.F.);
#3148=EDGE_CURVE('',#3824,#3825,#195,.F.);
#3149=EDGE_CURVE('',#3824,#3823,#196,.T.);
#3150=EDGE_CURVE('',#3826,#3765,#197,.T.);
#3151=EDGE_CURVE('',#3826,#3825,#198,.T.);
#3152=EDGE_CURVE('',#3822,#3826,#199,.F.);
#3153=EDGE_CURVE('',#3820,#3824,#200,.F.);
#3154=EDGE_CURVE('',#3825,#3821,#201,.T.);
#3155=EDGE_CURVE('',#3827,#3828,#4227,.T.);
#3156=EDGE_CURVE('',#3829,#3827,#202,.F.);
#3157=EDGE_CURVE('',#3829,#3830,#4228,.T.);
#3158=EDGE_CURVE('',#3830,#3828,#203,.T.);
#3159=EDGE_CURVE('',#3757,#3827,#204,.T.);
#3160=EDGE_CURVE('',#3756,#3829,#205,.T.);
#3161=EDGE_CURVE('',#3758,#3828,#206,.F.);
#3162=EDGE_CURVE('',#3755,#3830,#207,.T.);
#3163=EDGE_CURVE('',#3831,#3831,#4229,.T.);
#3164=EDGE_CURVE('',#3831,#3832,#208,.T.);
#3165=EDGE_CURVE('',#3832,#3832,#4230,.F.);
#3166=EDGE_CURVE('',#3833,#3833,#4231,.T.);
#3167=EDGE_CURVE('',#3833,#3834,#209,.T.);
#3168=EDGE_CURVE('',#3834,#3834,#4232,.T.);
#3169=EDGE_CURVE('',#3835,#3835,#4233,.T.);
#3170=EDGE_CURVE('',#3835,#3836,#210,.T.);
#3171=EDGE_CURVE('',#3836,#3836,#4234,.F.);
#3172=EDGE_CURVE('',#3837,#3837,#4235,.T.);
#3173=EDGE_CURVE('',#3837,#3838,#211,.T.);
#3174=EDGE_CURVE('',#3838,#3838,#4236,.F.);
#3175=EDGE_CURVE('',#3839,#3839,#4237,.F.);
#3176=EDGE_CURVE('',#3839,#3840,#212,.T.);
#3177=EDGE_CURVE('',#3840,#3840,#4238,.T.);
#3178=EDGE_CURVE('',#3841,#3842,#213,.T.);
#3179=EDGE_CURVE('',#3841,#3843,#214,.T.);
#3180=EDGE_CURVE('',#3844,#3843,#215,.F.);
#3181=EDGE_CURVE('',#3842,#3844,#216,.T.);
#3182=EDGE_CURVE('',#3845,#3846,#217,.F.);
#3183=EDGE_CURVE('',#3846,#3847,#218,.F.);
#3184=EDGE_CURVE('',#3848,#3847,#219,.F.);
#3185=EDGE_CURVE('',#3845,#3848,#220,.F.);
#3186=EDGE_CURVE('',#3849,#3850,#221,.T.);
#3187=EDGE_CURVE('',#3850,#3851,#222,.T.);
#3188=EDGE_CURVE('',#3852,#3851,#223,.T.);
#3189=EDGE_CURVE('',#3849,#3852,#224,.T.);
#3190=EDGE_CURVE('',#3853,#3854,#225,.T.);
#3191=EDGE_CURVE('',#3855,#3853,#226,.T.);
#3192=EDGE_CURVE('',#3856,#3855,#227,.T.);
#3193=EDGE_CURVE('',#3854,#3856,#228,.T.);
#3194=EDGE_CURVE('',#3857,#3858,#229,.T.);
#3195=EDGE_CURVE('',#3857,#3859,#230,.F.);
#3196=EDGE_CURVE('',#3859,#3860,#231,.T.);
#3197=EDGE_CURVE('',#3860,#3858,#232,.T.);
#3198=EDGE_CURVE('',#3861,#3862,#233,.T.);
#3199=EDGE_CURVE('',#3863,#3861,#234,.T.);
#3200=EDGE_CURVE('',#3864,#3863,#235,.T.);
#3201=EDGE_CURVE('',#3862,#3864,#236,.T.);
#3202=EDGE_CURVE('',#3865,#3866,#237,.T.);
#3203=EDGE_CURVE('',#3866,#3867,#238,.T.);
#3204=EDGE_CURVE('',#3868,#3867,#239,.T.);
#3205=EDGE_CURVE('',#3865,#3868,#240,.T.);
#3206=EDGE_CURVE('',#3869,#3870,#241,.T.);
#3207=EDGE_CURVE('',#3871,#3869,#242,.T.);
#3208=EDGE_CURVE('',#3872,#3871,#243,.T.);
#3209=EDGE_CURVE('',#3870,#3872,#244,.T.);
#3210=EDGE_CURVE('',#3873,#3874,#245,.T.);
#3211=EDGE_CURVE('',#3873,#3875,#246,.F.);
#3212=EDGE_CURVE('',#3875,#3876,#247,.T.);
#3213=EDGE_CURVE('',#3876,#3874,#248,.T.);
#3214=EDGE_CURVE('',#3877,#3878,#249,.F.);
#3215=EDGE_CURVE('',#3877,#3879,#250,.T.);
#3216=EDGE_CURVE('',#3879,#3880,#251,.F.);
#3217=EDGE_CURVE('',#3880,#3878,#252,.F.);
#3218=EDGE_CURVE('',#3881,#3882,#253,.F.);
#3219=EDGE_CURVE('',#3882,#3883,#254,.T.);
#3220=EDGE_CURVE('',#3884,#3883,#255,.F.);
#3221=EDGE_CURVE('',#3884,#3881,#256,.F.);
#3222=EDGE_CURVE('',#3883,#3857,#4239,.F.);
#3223=EDGE_CURVE('',#3858,#3885,#257,.T.);
#3224=EDGE_CURVE('',#3885,#3886,#258,.T.);
#3225=EDGE_CURVE('',#3852,#3886,#259,.T.);
#3226=EDGE_CURVE('',#3851,#3887,#260,.T.);
#3227=EDGE_CURVE('',#3888,#3887,#261,.F.);
#3228=EDGE_CURVE('',#3868,#3888,#262,.T.);
#3229=EDGE_CURVE('',#3867,#3873,#4240,.F.);
#3230=EDGE_CURVE('',#3874,#3877,#4241,.F.);
#3231=EDGE_CURVE('',#3878,#3844,#263,.T.);
#3232=EDGE_CURVE('',#3843,#3884,#4242,.F.);
#3233=EDGE_CURVE('',#3859,#3882,#4243,.T.);
#3234=EDGE_CURVE('',#3881,#3841,#4244,.T.);
#3235=EDGE_CURVE('',#3842,#3880,#264,.T.);
#3236=EDGE_CURVE('',#3879,#3876,#4245,.T.);
#3237=EDGE_CURVE('',#3875,#3866,#4246,.T.);
#3238=EDGE_CURVE('',#3889,#3865,#265,.F.);
#3239=EDGE_CURVE('',#3890,#3889,#266,.T.);
#3240=EDGE_CURVE('',#3890,#3850,#267,.T.);
#3241=EDGE_CURVE('',#3891,#3849,#268,.F.);
#3242=EDGE_CURVE('',#3891,#3892,#269,.F.);
#3243=EDGE_CURVE('',#3892,#3860,#270,.T.);
#3244=EDGE_CURVE('',#3892,#3885,#271,.T.);
#3245=EDGE_CURVE('',#3891,#3886,#272,.F.);
#3246=EDGE_CURVE('',#3889,#3888,#273,.T.);
#3247=EDGE_CURVE('',#3890,#3887,#274,.T.);
#3248=EDGE_CURVE('',#3893,#3870,#275,.T.);
#3249=EDGE_CURVE('',#3893,#3894,#276,.T.);
#3250=EDGE_CURVE('',#3895,#3894,#277,.T.);
#3251=EDGE_CURVE('',#3895,#3896,#278,.T.);
#3252=EDGE_CURVE('',#3896,#3869,#279,.T.);
#3253=EDGE_CURVE('',#3897,#3872,#280,.T.);
#3254=EDGE_CURVE('',#3893,#3897,#281,.F.);
#3255=EDGE_CURVE('',#3898,#3899,#282,.F.);
#3256=EDGE_CURVE('',#3898,#3897,#283,.T.);
#3257=EDGE_CURVE('',#3900,#3871,#284,.T.);
#3258=EDGE_CURVE('',#3900,#3899,#285,.T.);
#3259=EDGE_CURVE('',#3896,#3900,#286,.F.);
#3260=EDGE_CURVE('',#3894,#3898,#287,.F.);
#3261=EDGE_CURVE('',#3895,#3899,#288,.F.);
#3262=EDGE_CURVE('',#3901,#3862,#289,.T.);
#3263=EDGE_CURVE('',#3901,#3902,#290,.T.);
#3264=EDGE_CURVE('',#3903,#3902,#291,.T.);
#3265=EDGE_CURVE('',#3903,#3904,#292,.T.);
#3266=EDGE_CURVE('',#3904,#3861,#293,.T.);
#3267=EDGE_CURVE('',#3905,#3864,#294,.T.);
#3268=EDGE_CURVE('',#3901,#3905,#295,.F.);
#3269=EDGE_CURVE('',#3906,#3907,#296,.F.);
#3270=EDGE_CURVE('',#3905,#3906,#297,.F.);
#3271=EDGE_CURVE('',#3908,#3863,#298,.T.);
#3272=EDGE_CURVE('',#3907,#3908,#299,.F.);
#3273=EDGE_CURVE('',#3904,#3908,#300,.F.);
#3274=EDGE_CURVE('',#3902,#3906,#301,.F.);
#3275=EDGE_CURVE('',#3903,#3907,#302,.F.);
#3276=EDGE_CURVE('',#3909,#3854,#303,.T.);
#3277=EDGE_CURVE('',#3909,#3910,#304,.T.);
#3278=EDGE_CURVE('',#3911,#3910,#305,.T.);
#3279=EDGE_CURVE('',#3911,#3912,#306,.T.);
#3280=EDGE_CURVE('',#3912,#3853,#307,.T.);
#3281=EDGE_CURVE('',#3913,#3856,#308,.T.);
#3282=EDGE_CURVE('',#3909,#3913,#309,.F.);
#3283=EDGE_CURVE('',#3914,#3915,#310,.F.);
#3284=EDGE_CURVE('',#3914,#3913,#311,.T.);
#3285=EDGE_CURVE('',#3916,#3855,#312,.T.);
#3286=EDGE_CURVE('',#3916,#3915,#313,.T.);
#3287=EDGE_CURVE('',#3912,#3916,#314,.F.);
#3288=EDGE_CURVE('',#3910,#3914,#315,.F.);
#3289=EDGE_CURVE('',#3915,#3911,#316,.T.);
#3290=EDGE_CURVE('',#3917,#3918,#4247,.T.);
#3291=EDGE_CURVE('',#3919,#3917,#317,.F.);
#3292=EDGE_CURVE('',#3919,#3920,#4248,.T.);
#3293=EDGE_CURVE('',#3920,#3918,#318,.T.);
#3294=EDGE_CURVE('',#3847,#3917,#319,.T.);
#3295=EDGE_CURVE('',#3846,#3919,#320,.T.);
#3296=EDGE_CURVE('',#3848,#3918,#321,.F.);
#3297=EDGE_CURVE('',#3845,#3920,#322,.T.);
#3298=EDGE_CURVE('',#3921,#3922,#323,.T.);
#3299=EDGE_CURVE('',#3923,#3921,#4249,.F.);
#3300=EDGE_CURVE('',#3924,#3923,#324,.F.);
#3301=EDGE_CURVE('',#3925,#3924,#4250,.T.);
#3302=EDGE_CURVE('',#3926,#3925,#325,.T.);
#3303=EDGE_CURVE('',#3922,#3926,#4251,.F.);
#3304=EDGE_CURVE('',#3927,#3928,#326,.F.);
#3305=EDGE_CURVE('',#3929,#3927,#4252,.T.);
#3306=EDGE_CURVE('',#3930,#3929,#327,.T.);
#3307=EDGE_CURVE('',#3931,#3930,#4253,.F.);
#3308=EDGE_CURVE('',#3932,#3931,#328,.F.);
#3309=EDGE_CURVE('',#3928,#3932,#4254,.F.);
#3310=EDGE_CURVE('',#3933,#3923,#329,.T.);
#3311=EDGE_CURVE('',#3933,#3934,#330,.T.);
#3312=EDGE_CURVE('',#3934,#3924,#331,.F.);
#3313=EDGE_CURVE('',#3925,#3935,#332,.F.);
#3314=EDGE_CURVE('',#3935,#3936,#333,.F.);
#3315=EDGE_CURVE('',#3926,#3936,#334,.T.);
#3316=EDGE_CURVE('',#3936,#3937,#335,.T.);
#3317=EDGE_CURVE('',#3937,#3938,#4255,.T.);
#3318=EDGE_CURVE('',#3938,#3939,#336,.F.);
#3319=EDGE_CURVE('',#3940,#3939,#337,.F.);
#3320=EDGE_CURVE('',#3940,#3941,#338,.F.);
#3321=EDGE_CURVE('',#3941,#3942,#339,.F.);
#3322=EDGE_CURVE('',#3942,#3943,#340,.F.);
#3323=EDGE_CURVE('',#3943,#3944,#4256,.T.);
#3324=EDGE_CURVE('',#3944,#3945,#341,.T.);
#3325=EDGE_CURVE('',#3945,#3928,#342,.F.);
#3326=EDGE_CURVE('',#3932,#3922,#343,.T.);
#3327=EDGE_CURVE('',#3946,#3946,#4257,.T.);
#3328=EDGE_CURVE('',#3947,#3947,#4258,.F.);
#3329=EDGE_CURVE('',#3948,#3948,#4259,.F.);
#3330=EDGE_CURVE('',#3949,#3949,#4260,.F.);
#3331=EDGE_CURVE('',#3950,#3950,#4261,.F.);
#3332=EDGE_CURVE('',#3951,#3951,#4262,.T.);
#3333=EDGE_CURVE('',#3952,#3934,#344,.F.);
#3334=EDGE_CURVE('',#3929,#3952,#345,.F.);
#3335=EDGE_CURVE('',#3953,#3927,#346,.F.);
#3336=EDGE_CURVE('',#3954,#3953,#347,.T.);
#3337=EDGE_CURVE('',#3955,#3954,#4263,.T.);
#3338=EDGE_CURVE('',#3956,#3955,#348,.T.);
#3339=EDGE_CURVE('',#3957,#3956,#349,.F.);
#3340=EDGE_CURVE('',#3958,#3957,#350,.F.);
#3341=EDGE_CURVE('',#3959,#3958,#351,.F.);
#3342=EDGE_CURVE('',#3960,#3959,#352,.T.);
#3343=EDGE_CURVE('',#3961,#3960,#4264,.T.);
#3344=EDGE_CURVE('',#3935,#3961,#353,.T.);
#3345=EDGE_CURVE('',#3962,#3962,#4265,.T.);
#3346=EDGE_CURVE('',#3963,#3963,#4266,.T.);
#3347=EDGE_CURVE('',#3964,#3964,#4267,.T.);
#3348=EDGE_CURVE('',#3965,#3965,#4268,.T.);
#3349=EDGE_CURVE('',#3966,#3966,#4269,.F.);
#3350=EDGE_CURVE('',#3967,#3967,#4270,.F.);
#3351=EDGE_CURVE('',#3968,#3952,#354,.T.);
#3352=EDGE_CURVE('',#3968,#3930,#355,.T.);
#3353=EDGE_CURVE('',#3946,#3969,#356,.F.);
#3354=EDGE_CURVE('',#3969,#3969,#4271,.F.);
#3355=EDGE_CURVE('',#3969,#3967,#357,.F.);
#3356=EDGE_CURVE('',#3951,#3970,#358,.F.);
#3357=EDGE_CURVE('',#3970,#3970,#4272,.F.);
#3358=EDGE_CURVE('',#3970,#3966,#359,.F.);
#3359=EDGE_CURVE('',#3945,#3953,#360,.T.);
#3360=EDGE_CURVE('',#3954,#3944,#361,.T.);
#3361=EDGE_CURVE('',#3955,#3943,#362,.T.);
#3362=EDGE_CURVE('',#3956,#3942,#363,.F.);
#3363=EDGE_CURVE('',#3971,#3941,#364,.F.);
#3364=EDGE_CURVE('',#3972,#3971,#365,.T.);
#3365=EDGE_CURVE('',#3972,#3957,#366,.T.);
#3366=EDGE_CURVE('',#3960,#3938,#367,.T.);
#3367=EDGE_CURVE('',#3961,#3937,#368,.T.);
#3368=EDGE_CURVE('',#3939,#3959,#369,.T.);
#3369=EDGE_CURVE('',#3958,#3973,#370,.F.);
#3370=EDGE_CURVE('',#3973,#3974,#371,.T.);
#3371=EDGE_CURVE('',#3940,#3974,#372,.T.);
#3372=EDGE_CURVE('',#3968,#3933,#373,.T.);
#3373=EDGE_CURVE('',#3975,#3975,#4273,.T.);
#3374=EDGE_CURVE('',#3976,#3976,#4274,.F.);
#3375=EDGE_CURVE('',#3976,#3977,#374,.F.);
#3376=EDGE_CURVE('',#3977,#3977,#4275,.F.);
#3377=EDGE_CURVE('',#3977,#3978,#375,.T.);
#3378=EDGE_CURVE('',#3978,#3978,#4276,.F.);
#3379=EDGE_CURVE('',#3979,#3979,#4277,.T.);
#3380=EDGE_CURVE('',#3979,#3980,#376,.T.);
#3381=EDGE_CURVE('',#3980,#3980,#4278,.F.);
#3382=EDGE_CURVE('',#3981,#3981,#4279,.T.);
#3383=EDGE_CURVE('',#3981,#3982,#377,.F.);
#3384=EDGE_CURVE('',#3982,#3982,#4280,.F.);
#3385=EDGE_CURVE('',#3982,#3983,#378,.F.);
#3386=EDGE_CURVE('',#3983,#3983,#4281,.F.);
#3387=EDGE_CURVE('',#3974,#3971,#379,.F.);
#3388=EDGE_CURVE('',#3984,#3984,#4282,.F.);
#3389=EDGE_CURVE('',#3984,#3975,#380,.T.);
#3390=EDGE_CURVE('',#3985,#3985,#4283,.F.);
#3391=EDGE_CURVE('',#3985,#3984,#381,.F.);
#3392=EDGE_CURVE('',#3931,#3921,#382,.T.);
#3393=EDGE_CURVE('',#3973,#3972,#383,.T.);
#3394=EDGE_CURVE('',#3962,#3947,#384,.F.);
#3395=EDGE_CURVE('',#3963,#3948,#385,.F.);
#3396=EDGE_CURVE('',#3964,#3949,#386,.F.);
#3397=EDGE_CURVE('',#3965,#3950,#387,.F.);
#3398=EDGE_CURVE('',#3986,#3986,#4284,.T.);
#3399=EDGE_CURVE('',#3986,#3987,#388,.T.);
#3400=EDGE_CURVE('',#3987,#3987,#4285,.F.);
#3401=EDGE_CURVE('',#3988,#3988,#4286,.T.);
#3402=EDGE_CURVE('',#3988,#3989,#389,.T.);
#3403=EDGE_CURVE('',#3989,#3989,#4287,.T.);
#3404=EDGE_CURVE('',#3990,#3990,#4288,.T.);
#3405=EDGE_CURVE('',#3990,#3991,#390,.T.);
#3406=EDGE_CURVE('',#3991,#3991,#4289,.F.);
#3407=EDGE_CURVE('',#3992,#3992,#4290,.T.);
#3408=EDGE_CURVE('',#3992,#3993,#391,.T.);
#3409=EDGE_CURVE('',#3993,#3993,#4291,.F.);
#3410=EDGE_CURVE('',#3994,#3994,#4292,.F.);
#3411=EDGE_CURVE('',#3994,#3995,#392,.T.);
#3412=EDGE_CURVE('',#3995,#3995,#4293,.T.);
#3413=EDGE_CURVE('',#3996,#3997,#393,.T.);
#3414=EDGE_CURVE('',#3996,#3998,#394,.T.);
#3415=EDGE_CURVE('',#3999,#3998,#395,.F.);
#3416=EDGE_CURVE('',#3997,#3999,#396,.T.);
#3417=EDGE_CURVE('',#4000,#4001,#397,.F.);
#3418=EDGE_CURVE('',#4001,#4002,#398,.F.);
#3419=EDGE_CURVE('',#4003,#4002,#399,.F.);
#3420=EDGE_CURVE('',#4000,#4003,#400,.F.);
#3421=EDGE_CURVE('',#4004,#4005,#401,.T.);
#3422=EDGE_CURVE('',#4005,#4006,#402,.T.);
#3423=EDGE_CURVE('',#4007,#4006,#403,.T.);
#3424=EDGE_CURVE('',#4004,#4007,#404,.T.);
#3425=EDGE_CURVE('',#4008,#4009,#405,.T.);
#3426=EDGE_CURVE('',#4010,#4008,#406,.T.);
#3427=EDGE_CURVE('',#4011,#4010,#407,.T.);
#3428=EDGE_CURVE('',#4009,#4011,#408,.T.);
#3429=EDGE_CURVE('',#4012,#4013,#409,.T.);
#3430=EDGE_CURVE('',#4012,#4014,#410,.F.);
#3431=EDGE_CURVE('',#4014,#4015,#411,.T.);
#3432=EDGE_CURVE('',#4015,#4013,#412,.T.);
#3433=EDGE_CURVE('',#4016,#4017,#413,.T.);
#3434=EDGE_CURVE('',#4018,#4016,#414,.T.);
#3435=EDGE_CURVE('',#4019,#4018,#415,.T.);
#3436=EDGE_CURVE('',#4017,#4019,#416,.T.);
#3437=EDGE_CURVE('',#4020,#4021,#417,.T.);
#3438=EDGE_CURVE('',#4021,#4022,#418,.T.);
#3439=EDGE_CURVE('',#4023,#4022,#419,.T.);
#3440=EDGE_CURVE('',#4020,#4023,#420,.T.);
#3441=EDGE_CURVE('',#4024,#4025,#421,.T.);
#3442=EDGE_CURVE('',#4026,#4024,#422,.T.);
#3443=EDGE_CURVE('',#4027,#4026,#423,.T.);
#3444=EDGE_CURVE('',#4025,#4027,#424,.T.);
#3445=EDGE_CURVE('',#4028,#4029,#425,.T.);
#3446=EDGE_CURVE('',#4028,#4030,#426,.F.);
#3447=EDGE_CURVE('',#4030,#4031,#427,.T.);
#3448=EDGE_CURVE('',#4031,#4029,#428,.T.);
#3449=EDGE_CURVE('',#4032,#4033,#429,.F.);
#3450=EDGE_CURVE('',#4032,#4034,#430,.T.);
#3451=EDGE_CURVE('',#4034,#4035,#431,.F.);
#3452=EDGE_CURVE('',#4035,#4033,#432,.F.);
#3453=EDGE_CURVE('',#4036,#4037,#433,.F.);
#3454=EDGE_CURVE('',#4037,#4038,#434,.T.);
#3455=EDGE_CURVE('',#4039,#4038,#435,.F.);
#3456=EDGE_CURVE('',#4039,#4036,#436,.F.);
#3457=EDGE_CURVE('',#4038,#4012,#4294,.F.);
#3458=EDGE_CURVE('',#4013,#4040,#437,.T.);
#3459=EDGE_CURVE('',#4040,#4041,#438,.T.);
#3460=EDGE_CURVE('',#4007,#4041,#439,.T.);
#3461=EDGE_CURVE('',#4006,#4042,#440,.T.);
#3462=EDGE_CURVE('',#4043,#4042,#441,.F.);
#3463=EDGE_CURVE('',#4023,#4043,#442,.T.);
#3464=EDGE_CURVE('',#4022,#4028,#4295,.F.);
#3465=EDGE_CURVE('',#4029,#4032,#4296,.F.);
#3466=EDGE_CURVE('',#4033,#3999,#443,.T.);
#3467=EDGE_CURVE('',#3998,#4039,#4297,.F.);
#3468=EDGE_CURVE('',#4014,#4037,#4298,.T.);
#3469=EDGE_CURVE('',#4036,#3996,#4299,.T.);
#3470=EDGE_CURVE('',#3997,#4035,#444,.T.);
#3471=EDGE_CURVE('',#4034,#4031,#4300,.T.);
#3472=EDGE_CURVE('',#4030,#4021,#4301,.T.);
#3473=EDGE_CURVE('',#4044,#4020,#445,.F.);
#3474=EDGE_CURVE('',#4045,#4044,#446,.T.);
#3475=EDGE_CURVE('',#4045,#4005,#447,.T.);
#3476=EDGE_CURVE('',#4046,#4004,#448,.F.);
#3477=EDGE_CURVE('',#4046,#4047,#449,.F.);
#3478=EDGE_CURVE('',#4047,#4015,#450,.T.);
#3479=EDGE_CURVE('',#4047,#4040,#451,.T.);
#3480=EDGE_CURVE('',#4046,#4041,#452,.F.);
#3481=EDGE_CURVE('',#4044,#4043,#453,.T.);
#3482=EDGE_CURVE('',#4045,#4042,#454,.T.);
#3483=EDGE_CURVE('',#4048,#4025,#455,.T.);
#3484=EDGE_CURVE('',#4048,#4049,#456,.T.);
#3485=EDGE_CURVE('',#4050,#4049,#457,.T.);
#3486=EDGE_CURVE('',#4050,#4051,#458,.T.);
#3487=EDGE_CURVE('',#4051,#4024,#459,.T.);
#3488=EDGE_CURVE('',#4052,#4027,#460,.T.);
#3489=EDGE_CURVE('',#4048,#4052,#461,.F.);
#3490=EDGE_CURVE('',#4053,#4054,#462,.F.);
#3491=EDGE_CURVE('',#4053,#4052,#463,.T.);
#3492=EDGE_CURVE('',#4055,#4026,#464,.T.);
#3493=EDGE_CURVE('',#4055,#4054,#465,.T.);
#3494=EDGE_CURVE('',#4051,#4055,#466,.F.);
#3495=EDGE_CURVE('',#4049,#4053,#467,.F.);
#3496=EDGE_CURVE('',#4050,#4054,#468,.F.);
#3497=EDGE_CURVE('',#4056,#4017,#469,.T.);
#3498=EDGE_CURVE('',#4056,#4057,#470,.T.);
#3499=EDGE_CURVE('',#4058,#4057,#471,.T.);
#3500=EDGE_CURVE('',#4058,#4059,#472,.T.);
#3501=EDGE_CURVE('',#4059,#4016,#473,.T.);
#3502=EDGE_CURVE('',#4060,#4019,#474,.T.);
#3503=EDGE_CURVE('',#4056,#4060,#475,.F.);
#3504=EDGE_CURVE('',#4061,#4062,#476,.F.);
#3505=EDGE_CURVE('',#4060,#4061,#477,.F.);
#3506=EDGE_CURVE('',#4063,#4018,#478,.T.);
#3507=EDGE_CURVE('',#4062,#4063,#479,.F.);
#3508=EDGE_CURVE('',#4059,#4063,#480,.F.);
#3509=EDGE_CURVE('',#4057,#4061,#481,.F.);
#3510=EDGE_CURVE('',#4058,#4062,#482,.F.);
#3511=EDGE_CURVE('',#4064,#4009,#483,.T.);
#3512=EDGE_CURVE('',#4064,#4065,#484,.T.);
#3513=EDGE_CURVE('',#4066,#4065,#485,.T.);
#3514=EDGE_CURVE('',#4066,#4067,#486,.T.);
#3515=EDGE_CURVE('',#4067,#4008,#487,.T.);
#3516=EDGE_CURVE('',#4068,#4011,#488,.T.);
#3517=EDGE_CURVE('',#4064,#4068,#489,.F.);
#3518=EDGE_CURVE('',#4069,#4070,#490,.F.);
#3519=EDGE_CURVE('',#4069,#4068,#491,.T.);
#3520=EDGE_CURVE('',#4071,#4010,#492,.T.);
#3521=EDGE_CURVE('',#4071,#4070,#493,.T.);
#3522=EDGE_CURVE('',#4067,#4071,#494,.F.);
#3523=EDGE_CURVE('',#4065,#4069,#495,.F.);
#3524=EDGE_CURVE('',#4070,#4066,#496,.T.);
#3525=EDGE_CURVE('',#4072,#4073,#4302,.T.);
#3526=EDGE_CURVE('',#4074,#4072,#497,.F.);
#3527=EDGE_CURVE('',#4074,#4075,#4303,.T.);
#3528=EDGE_CURVE('',#4075,#4073,#498,.T.);
#3529=EDGE_CURVE('',#4002,#4072,#499,.T.);
#3530=EDGE_CURVE('',#4001,#4074,#500,.T.);
#3531=EDGE_CURVE('',#4003,#4073,#501,.F.);
#3532=EDGE_CURVE('',#4000,#4075,#502,.T.);
#3533=EDGE_CURVE('',#4076,#4076,#4304,.T.);
#3534=EDGE_CURVE('',#4076,#4077,#503,.T.);
#3535=EDGE_CURVE('',#4077,#4077,#4305,.F.);
#3536=EDGE_CURVE('',#4078,#4078,#4306,.T.);
#3537=EDGE_CURVE('',#4078,#4079,#504,.T.);
#3538=EDGE_CURVE('',#4079,#4079,#4307,.T.);
#3539=EDGE_CURVE('',#4080,#4080,#4308,.T.);
#3540=EDGE_CURVE('',#4080,#4081,#505,.T.);
#3541=EDGE_CURVE('',#4081,#4081,#4309,.F.);
#3542=EDGE_CURVE('',#4082,#4082,#4310,.T.);
#3543=EDGE_CURVE('',#4082,#4083,#506,.T.);
#3544=EDGE_CURVE('',#4083,#4083,#4311,.F.);
#3545=EDGE_CURVE('',#4084,#4084,#4312,.F.);
#3546=EDGE_CURVE('',#4084,#4085,#507,.T.);
#3547=EDGE_CURVE('',#4085,#4085,#4313,.T.);
#3548=EDGE_CURVE('',#4086,#4087,#508,.T.);
#3549=EDGE_CURVE('',#4086,#4088,#509,.T.);
#3550=EDGE_CURVE('',#4089,#4088,#510,.F.);
#3551=EDGE_CURVE('',#4087,#4089,#511,.T.);
#3552=EDGE_CURVE('',#4090,#4091,#512,.F.);
#3553=EDGE_CURVE('',#4091,#4092,#513,.F.);
#3554=EDGE_CURVE('',#4093,#4092,#514,.F.);
#3555=EDGE_CURVE('',#4090,#4093,#515,.F.);
#3556=EDGE_CURVE('',#4094,#4095,#516,.T.);
#3557=EDGE_CURVE('',#4095,#4096,#517,.T.);
#3558=EDGE_CURVE('',#4097,#4096,#518,.T.);
#3559=EDGE_CURVE('',#4094,#4097,#519,.T.);
#3560=EDGE_CURVE('',#4098,#4099,#520,.T.);
#3561=EDGE_CURVE('',#4100,#4098,#521,.T.);
#3562=EDGE_CURVE('',#4101,#4100,#522,.T.);
#3563=EDGE_CURVE('',#4099,#4101,#523,.T.);
#3564=EDGE_CURVE('',#4102,#4103,#524,.T.);
#3565=EDGE_CURVE('',#4102,#4104,#525,.F.);
#3566=EDGE_CURVE('',#4104,#4105,#526,.T.);
#3567=EDGE_CURVE('',#4105,#4103,#527,.T.);
#3568=EDGE_CURVE('',#4106,#4107,#528,.T.);
#3569=EDGE_CURVE('',#4108,#4106,#529,.T.);
#3570=EDGE_CURVE('',#4109,#4108,#530,.T.);
#3571=EDGE_CURVE('',#4107,#4109,#531,.T.);
#3572=EDGE_CURVE('',#4110,#4111,#532,.T.);
#3573=EDGE_CURVE('',#4111,#4112,#533,.T.);
#3574=EDGE_CURVE('',#4113,#4112,#534,.T.);
#3575=EDGE_CURVE('',#4110,#4113,#535,.T.);
#3576=EDGE_CURVE('',#4114,#4115,#536,.T.);
#3577=EDGE_CURVE('',#4116,#4114,#537,.T.);
#3578=EDGE_CURVE('',#4117,#4116,#538,.T.);
#3579=EDGE_CURVE('',#4115,#4117,#539,.T.);
#3580=EDGE_CURVE('',#4118,#4119,#540,.T.);
#3581=EDGE_CURVE('',#4118,#4120,#541,.F.);
#3582=EDGE_CURVE('',#4120,#4121,#542,.T.);
#3583=EDGE_CURVE('',#4121,#4119,#543,.T.);
#3584=EDGE_CURVE('',#4122,#4123,#544,.F.);
#3585=EDGE_CURVE('',#4122,#4124,#545,.T.);
#3586=EDGE_CURVE('',#4124,#4125,#546,.F.);
#3587=EDGE_CURVE('',#4125,#4123,#547,.F.);
#3588=EDGE_CURVE('',#4126,#4127,#548,.F.);
#3589=EDGE_CURVE('',#4127,#4128,#549,.T.);
#3590=EDGE_CURVE('',#4129,#4128,#550,.F.);
#3591=EDGE_CURVE('',#4129,#4126,#551,.F.);
#3592=EDGE_CURVE('',#4128,#4102,#4314,.F.);
#3593=EDGE_CURVE('',#4103,#4130,#552,.T.);
#3594=EDGE_CURVE('',#4130,#4131,#553,.T.);
#3595=EDGE_CURVE('',#4097,#4131,#554,.T.);
#3596=EDGE_CURVE('',#4096,#4132,#555,.T.);
#3597=EDGE_CURVE('',#4133,#4132,#556,.F.);
#3598=EDGE_CURVE('',#4113,#4133,#557,.T.);
#3599=EDGE_CURVE('',#4112,#4118,#4315,.F.);
#3600=EDGE_CURVE('',#4119,#4122,#4316,.F.);
#3601=EDGE_CURVE('',#4123,#4089,#558,.T.);
#3602=EDGE_CURVE('',#4088,#4129,#4317,.F.);
#3603=EDGE_CURVE('',#4104,#4127,#4318,.T.);
#3604=EDGE_CURVE('',#4126,#4086,#4319,.T.);
#3605=EDGE_CURVE('',#4087,#4125,#559,.T.);
#3606=EDGE_CURVE('',#4124,#4121,#4320,.T.);
#3607=EDGE_CURVE('',#4120,#4111,#4321,.T.);
#3608=EDGE_CURVE('',#4134,#4110,#560,.F.);
#3609=EDGE_CURVE('',#4135,#4134,#561,.T.);
#3610=EDGE_CURVE('',#4135,#4095,#562,.T.);
#3611=EDGE_CURVE('',#4136,#4094,#563,.F.);
#3612=EDGE_CURVE('',#4136,#4137,#564,.F.);
#3613=EDGE_CURVE('',#4137,#4105,#565,.T.);
#3614=EDGE_CURVE('',#4137,#4130,#566,.T.);
#3615=EDGE_CURVE('',#4136,#4131,#567,.F.);
#3616=EDGE_CURVE('',#4134,#4133,#568,.T.);
#3617=EDGE_CURVE('',#4135,#4132,#569,.T.);
#3618=EDGE_CURVE('',#4138,#4115,#570,.T.);
#3619=EDGE_CURVE('',#4138,#4139,#571,.T.);
#3620=EDGE_CURVE('',#4140,#4139,#572,.T.);
#3621=EDGE_CURVE('',#4140,#4141,#573,.T.);
#3622=EDGE_CURVE('',#4141,#4114,#574,.T.);
#3623=EDGE_CURVE('',#4142,#4117,#575,.T.);
#3624=EDGE_CURVE('',#4138,#4142,#576,.F.);
#3625=EDGE_CURVE('',#4143,#4144,#577,.F.);
#3626=EDGE_CURVE('',#4143,#4142,#578,.T.);
#3627=EDGE_CURVE('',#4145,#4116,#579,.T.);
#3628=EDGE_CURVE('',#4145,#4144,#580,.T.);
#3629=EDGE_CURVE('',#4141,#4145,#581,.F.);
#3630=EDGE_CURVE('',#4139,#4143,#582,.F.);
#3631=EDGE_CURVE('',#4140,#4144,#583,.F.);
#3632=EDGE_CURVE('',#4146,#4107,#584,.T.);
#3633=EDGE_CURVE('',#4146,#4147,#585,.T.);
#3634=EDGE_CURVE('',#4148,#4147,#586,.T.);
#3635=EDGE_CURVE('',#4148,#4149,#587,.T.);
#3636=EDGE_CURVE('',#4149,#4106,#588,.T.);
#3637=EDGE_CURVE('',#4150,#4109,#589,.T.);
#3638=EDGE_CURVE('',#4146,#4150,#590,.F.);
#3639=EDGE_CURVE('',#4151,#4152,#591,.F.);
#3640=EDGE_CURVE('',#4150,#4151,#592,.F.);
#3641=EDGE_CURVE('',#4153,#4108,#593,.T.);
#3642=EDGE_CURVE('',#4152,#4153,#594,.F.);
#3643=EDGE_CURVE('',#4149,#4153,#595,.F.);
#3644=EDGE_CURVE('',#4147,#4151,#596,.F.);
#3645=EDGE_CURVE('',#4148,#4152,#597,.F.);
#3646=EDGE_CURVE('',#4154,#4099,#598,.T.);
#3647=EDGE_CURVE('',#4154,#4155,#599,.T.);
#3648=EDGE_CURVE('',#4156,#4155,#600,.T.);
#3649=EDGE_CURVE('',#4156,#4157,#601,.T.);
#3650=EDGE_CURVE('',#4157,#4098,#602,.T.);
#3651=EDGE_CURVE('',#4158,#4101,#603,.T.);
#3652=EDGE_CURVE('',#4154,#4158,#604,.F.);
#3653=EDGE_CURVE('',#4159,#4160,#605,.F.);
#3654=EDGE_CURVE('',#4159,#4158,#606,.T.);
#3655=EDGE_CURVE('',#4161,#4100,#607,.T.);
#3656=EDGE_CURVE('',#4161,#4160,#608,.T.);
#3657=EDGE_CURVE('',#4157,#4161,#609,.F.);
#3658=EDGE_CURVE('',#4155,#4159,#610,.F.);
#3659=EDGE_CURVE('',#4160,#4156,#611,.T.);
#3660=EDGE_CURVE('',#4162,#4163,#4322,.T.);
#3661=EDGE_CURVE('',#4164,#4162,#612,.F.);
#3662=EDGE_CURVE('',#4164,#4165,#4323,.T.);
#3663=EDGE_CURVE('',#4165,#4163,#613,.T.);
#3664=EDGE_CURVE('',#4092,#4162,#614,.T.);
#3665=EDGE_CURVE('',#4091,#4164,#615,.T.);
#3666=EDGE_CURVE('',#4093,#4163,#616,.F.);
#3667=EDGE_CURVE('',#4090,#4165,#617,.T.);
#3668=EDGE_CURVE('',#4166,#4166,#4324,.T.);
#3669=EDGE_CURVE('',#4167,#4167,#4325,.T.);
#3670=EDGE_CURVE('',#4168,#4168,#4326,.F.);
#3671=EDGE_CURVE('',#4169,#4169,#4327,.F.);
#3672=VERTEX_POINT('',#7506);
#3673=VERTEX_POINT('',#7508);
#3674=VERTEX_POINT('',#7511);
#3675=VERTEX_POINT('',#7514);
#3676=VERTEX_POINT('',#7519);
#3677=VERTEX_POINT('',#7520);
#3678=VERTEX_POINT('',#7522);
#3679=VERTEX_POINT('',#7524);
#3680=VERTEX_POINT('',#7526);
#3681=VERTEX_POINT('',#7528);
#3682=VERTEX_POINT('',#7532);
#3683=VERTEX_POINT('',#7533);
#3684=VERTEX_POINT('',#7535);
#3685=VERTEX_POINT('',#7537);
#3686=VERTEX_POINT('',#7539);
#3687=VERTEX_POINT('',#7541);
#3688=VERTEX_POINT('',#7545);
#3689=VERTEX_POINT('',#7547);
#3690=VERTEX_POINT('',#7551);
#3691=VERTEX_POINT('',#7553);
#3692=VERTEX_POINT('',#7557);
#3693=VERTEX_POINT('',#7559);
#3694=VERTEX_POINT('',#7561);
#3695=VERTEX_POINT('',#7563);
#3696=VERTEX_POINT('',#7565);
#3697=VERTEX_POINT('',#7567);
#3698=VERTEX_POINT('',#7569);
#3699=VERTEX_POINT('',#7571);
#3700=VERTEX_POINT('',#7573);
#3701=VERTEX_POINT('',#7577);
#3702=VERTEX_POINT('',#7579);
#3703=VERTEX_POINT('',#7581);
#3704=VERTEX_POINT('',#7583);
#3705=VERTEX_POINT('',#7585);
#3706=VERTEX_POINT('',#7587);
#3707=VERTEX_POINT('',#7590);
#3708=VERTEX_POINT('',#7593);
#3709=VERTEX_POINT('',#7595);
#3710=VERTEX_POINT('',#7597);
#3711=VERTEX_POINT('',#7599);
#3712=VERTEX_POINT('',#7601);
#3713=VERTEX_POINT('',#7603);
#3714=VERTEX_POINT('',#7605);
#3715=VERTEX_POINT('',#7607);
#3716=VERTEX_POINT('',#7609);
#3717=VERTEX_POINT('',#7612);
#3718=VERTEX_POINT('',#7614);
#3719=VERTEX_POINT('',#7616);
#3720=VERTEX_POINT('',#7618);
#3721=VERTEX_POINT('',#7620);
#3722=VERTEX_POINT('',#7622);
#3723=VERTEX_POINT('',#7625);
#3724=VERTEX_POINT('',#7629);
#3725=VERTEX_POINT('',#7635);
#3726=VERTEX_POINT('',#7648);
#3727=VERTEX_POINT('',#7650);
#3728=VERTEX_POINT('',#7661);
#3729=VERTEX_POINT('',#7663);
#3730=VERTEX_POINT('',#7668);
#3731=VERTEX_POINT('',#7671);
#3732=VERTEX_POINT('',#7673);
#3733=VERTEX_POINT('',#7677);
#3734=VERTEX_POINT('',#7681);
#3735=VERTEX_POINT('',#7683);
#3736=VERTEX_POINT('',#7687);
#3737=VERTEX_POINT('',#7689);
#3738=VERTEX_POINT('',#7693);
#3739=VERTEX_POINT('',#7699);
#3740=VERTEX_POINT('',#7703);
#3741=VERTEX_POINT('',#7722);
#3742=VERTEX_POINT('',#7724);
#3743=VERTEX_POINT('',#7728);
#3744=VERTEX_POINT('',#7730);
#3745=VERTEX_POINT('',#7734);
#3746=VERTEX_POINT('',#7736);
#3747=VERTEX_POINT('',#7740);
#3748=VERTEX_POINT('',#7742);
#3749=VERTEX_POINT('',#7746);
#3750=VERTEX_POINT('',#7748);
#3751=VERTEX_POINT('',#7752);
#3752=VERTEX_POINT('',#7753);
#3753=VERTEX_POINT('',#7755);
#3754=VERTEX_POINT('',#7757);
#3755=VERTEX_POINT('',#7760);
#3756=VERTEX_POINT('',#7761);
#3757=VERTEX_POINT('',#7763);
#3758=VERTEX_POINT('',#7765);
#3759=VERTEX_POINT('',#7769);
#3760=VERTEX_POINT('',#7770);
#3761=VERTEX_POINT('',#7772);
#3762=VERTEX_POINT('',#7774);
#3763=VERTEX_POINT('',#7777);
#3764=VERTEX_POINT('',#7778);
#3765=VERTEX_POINT('',#7780);
#3766=VERTEX_POINT('',#7782);
#3767=VERTEX_POINT('',#7786);
#3768=VERTEX_POINT('',#7787);
#3769=VERTEX_POINT('',#7789);
#3770=VERTEX_POINT('',#7791);
#3771=VERTEX_POINT('',#7794);
#3772=VERTEX_POINT('',#7795);
#3773=VERTEX_POINT('',#7797);
#3774=VERTEX_POINT('',#7799);
#3775=VERTEX_POINT('',#7803);
#3776=VERTEX_POINT('',#7804);
#3777=VERTEX_POINT('',#7806);
#3778=VERTEX_POINT('',#7808);
#3779=VERTEX_POINT('',#7811);
#3780=VERTEX_POINT('',#7812);
#3781=VERTEX_POINT('',#7814);
#3782=VERTEX_POINT('',#7816);
#3783=VERTEX_POINT('',#7820);
#3784=VERTEX_POINT('',#7821);
#3785=VERTEX_POINT('',#7823);
#3786=VERTEX_POINT('',#7825);
#3787=VERTEX_POINT('',#7829);
#3788=VERTEX_POINT('',#7830);
#3789=VERTEX_POINT('',#7832);
#3790=VERTEX_POINT('',#7834);
#3791=VERTEX_POINT('',#7838);
#3792=VERTEX_POINT('',#7839);
#3793=VERTEX_POINT('',#7841);
#3794=VERTEX_POINT('',#7843);
#3795=VERTEX_POINT('',#7848);
#3796=VERTEX_POINT('',#7850);
#3797=VERTEX_POINT('',#7853);
#3798=VERTEX_POINT('',#7855);
#3799=VERTEX_POINT('',#7868);
#3800=VERTEX_POINT('',#7870);
#3801=VERTEX_POINT('',#7873);
#3802=VERTEX_POINT('',#7875);
#3803=VERTEX_POINT('',#7890);
#3804=VERTEX_POINT('',#7892);
#3805=VERTEX_POINT('',#7894);
#3806=VERTEX_POINT('',#7896);
#3807=VERTEX_POINT('',#7900);
#3808=VERTEX_POINT('',#7904);
#3809=VERTEX_POINT('',#7905);
#3810=VERTEX_POINT('',#7908);
#3811=VERTEX_POINT('',#7917);
#3812=VERTEX_POINT('',#7919);
#3813=VERTEX_POINT('',#7921);
#3814=VERTEX_POINT('',#7923);
#3815=VERTEX_POINT('',#7927);
#3816=VERTEX_POINT('',#7931);
#3817=VERTEX_POINT('',#7932);
#3818=VERTEX_POINT('',#7935);
#3819=VERTEX_POINT('',#7944);
#3820=VERTEX_POINT('',#7946);
#3821=VERTEX_POINT('',#7948);
#3822=VERTEX_POINT('',#7950);
#3823=VERTEX_POINT('',#7954);
#3824=VERTEX_POINT('',#7958);
#3825=VERTEX_POINT('',#7959);
#3826=VERTEX_POINT('',#7962);
#3827=VERTEX_POINT('',#7981);
#3828=VERTEX_POINT('',#7982);
#3829=VERTEX_POINT('',#7984);
#3830=VERTEX_POINT('',#7986);
#3831=VERTEX_POINT('',#7999);
#3832=VERTEX_POINT('',#8001);
#3833=VERTEX_POINT('',#8005);
#3834=VERTEX_POINT('',#8007);
#3835=VERTEX_POINT('',#8011);
#3836=VERTEX_POINT('',#8013);
#3837=VERTEX_POINT('',#8017);
#3838=VERTEX_POINT('',#8019);
#3839=VERTEX_POINT('',#8023);
#3840=VERTEX_POINT('',#8025);
#3841=VERTEX_POINT('',#8029);
#3842=VERTEX_POINT('',#8030);
#3843=VERTEX_POINT('',#8032);
#3844=VERTEX_POINT('',#8034);
#3845=VERTEX_POINT('',#8037);
#3846=VERTEX_POINT('',#8038);
#3847=VERTEX_POINT('',#8040);
#3848=VERTEX_POINT('',#8042);
#3849=VERTEX_POINT('',#8046);
#3850=VERTEX_POINT('',#8047);
#3851=VERTEX_POINT('',#8049);
#3852=VERTEX_POINT('',#8051);
#3853=VERTEX_POINT('',#8054);
#3854=VERTEX_POINT('',#8055);
#3855=VERTEX_POINT('',#8057);
#3856=VERTEX_POINT('',#8059);
#3857=VERTEX_POINT('',#8063);
#3858=VERTEX_POINT('',#8064);
#3859=VERTEX_POINT('',#8066);
#3860=VERTEX_POINT('',#8068);
#3861=VERTEX_POINT('',#8071);
#3862=VERTEX_POINT('',#8072);
#3863=VERTEX_POINT('',#8074);
#3864=VERTEX_POINT('',#8076);
#3865=VERTEX_POINT('',#8080);
#3866=VERTEX_POINT('',#8081);
#3867=VERTEX_POINT('',#8083);
#3868=VERTEX_POINT('',#8085);
#3869=VERTEX_POINT('',#8088);
#3870=VERTEX_POINT('',#8089);
#3871=VERTEX_POINT('',#8091);
#3872=VERTEX_POINT('',#8093);
#3873=VERTEX_POINT('',#8097);
#3874=VERTEX_POINT('',#8098);
#3875=VERTEX_POINT('',#8100);
#3876=VERTEX_POINT('',#8102);
#3877=VERTEX_POINT('',#8106);
#3878=VERTEX_POINT('',#8107);
#3879=VERTEX_POINT('',#8109);
#3880=VERTEX_POINT('',#8111);
#3881=VERTEX_POINT('',#8115);
#3882=VERTEX_POINT('',#8116);
#3883=VERTEX_POINT('',#8118);
#3884=VERTEX_POINT('',#8120);
#3885=VERTEX_POINT('',#8125);
#3886=VERTEX_POINT('',#8127);
#3887=VERTEX_POINT('',#8130);
#3888=VERTEX_POINT('',#8132);
#3889=VERTEX_POINT('',#8145);
#3890=VERTEX_POINT('',#8147);
#3891=VERTEX_POINT('',#8150);
#3892=VERTEX_POINT('',#8152);
#3893=VERTEX_POINT('',#8167);
#3894=VERTEX_POINT('',#8169);
#3895=VERTEX_POINT('',#8171);
#3896=VERTEX_POINT('',#8173);
#3897=VERTEX_POINT('',#8177);
#3898=VERTEX_POINT('',#8181);
#3899=VERTEX_POINT('',#8182);
#3900=VERTEX_POINT('',#8185);
#3901=VERTEX_POINT('',#8194);
#3902=VERTEX_POINT('',#8196);
#3903=VERTEX_POINT('',#8198);
#3904=VERTEX_POINT('',#8200);
#3905=VERTEX_POINT('',#8204);
#3906=VERTEX_POINT('',#8208);
#3907=VERTEX_POINT('',#8209);
#3908=VERTEX_POINT('',#8212);
#3909=VERTEX_POINT('',#8221);
#3910=VERTEX_POINT('',#8223);
#3911=VERTEX_POINT('',#8225);
#3912=VERTEX_POINT('',#8227);
#3913=VERTEX_POINT('',#8231);
#3914=VERTEX_POINT('',#8235);
#3915=VERTEX_POINT('',#8236);
#3916=VERTEX_POINT('',#8239);
#3917=VERTEX_POINT('',#8258);
#3918=VERTEX_POINT('',#8259);
#3919=VERTEX_POINT('',#8261);
#3920=VERTEX_POINT('',#8263);
#3921=VERTEX_POINT('',#8276);
#3922=VERTEX_POINT('',#8277);
#3923=VERTEX_POINT('',#8279);
#3924=VERTEX_POINT('',#8281);
#3925=VERTEX_POINT('',#8283);
#3926=VERTEX_POINT('',#8285);
#3927=VERTEX_POINT('',#8289);
#3928=VERTEX_POINT('',#8290);
#3929=VERTEX_POINT('',#8292);
#3930=VERTEX_POINT('',#8294);
#3931=VERTEX_POINT('',#8296);
#3932=VERTEX_POINT('',#8298);
#3933=VERTEX_POINT('',#8302);
#3934=VERTEX_POINT('',#8304);
#3935=VERTEX_POINT('',#8308);
#3936=VERTEX_POINT('',#8310);
#3937=VERTEX_POINT('',#8314);
#3938=VERTEX_POINT('',#8316);
#3939=VERTEX_POINT('',#8318);
#3940=VERTEX_POINT('',#8320);
#3941=VERTEX_POINT('',#8322);
#3942=VERTEX_POINT('',#8324);
#3943=VERTEX_POINT('',#8326);
#3944=VERTEX_POINT('',#8328);
#3945=VERTEX_POINT('',#8330);
#3946=VERTEX_POINT('',#8334);
#3947=VERTEX_POINT('',#8336);
#3948=VERTEX_POINT('',#8338);
#3949=VERTEX_POINT('',#8340);
#3950=VERTEX_POINT('',#8342);
#3951=VERTEX_POINT('',#8344);
#3952=VERTEX_POINT('',#8347);
#3953=VERTEX_POINT('',#8350);
#3954=VERTEX_POINT('',#8352);
#3955=VERTEX_POINT('',#8354);
#3956=VERTEX_POINT('',#8356);
#3957=VERTEX_POINT('',#8358);
#3958=VERTEX_POINT('',#8360);
#3959=VERTEX_POINT('',#8362);
#3960=VERTEX_POINT('',#8364);
#3961=VERTEX_POINT('',#8366);
#3962=VERTEX_POINT('',#8369);
#3963=VERTEX_POINT('',#8371);
#3964=VERTEX_POINT('',#8373);
#3965=VERTEX_POINT('',#8375);
#3966=VERTEX_POINT('',#8377);
#3967=VERTEX_POINT('',#8379);
#3968=VERTEX_POINT('',#8382);
#3969=VERTEX_POINT('',#8386);
#3970=VERTEX_POINT('',#8392);
#3971=VERTEX_POINT('',#8405);
#3972=VERTEX_POINT('',#8407);
#3973=VERTEX_POINT('',#8418);
#3974=VERTEX_POINT('',#8420);
#3975=VERTEX_POINT('',#8425);
#3976=VERTEX_POINT('',#8428);
#3977=VERTEX_POINT('',#8430);
#3978=VERTEX_POINT('',#8434);
#3979=VERTEX_POINT('',#8438);
#3980=VERTEX_POINT('',#8440);
#3981=VERTEX_POINT('',#8444);
#3982=VERTEX_POINT('',#8446);
#3983=VERTEX_POINT('',#8450);
#3984=VERTEX_POINT('',#8456);
#3985=VERTEX_POINT('',#8460);
#3986=VERTEX_POINT('',#8479);
#3987=VERTEX_POINT('',#8481);
#3988=VERTEX_POINT('',#8485);
#3989=VERTEX_POINT('',#8487);
#3990=VERTEX_POINT('',#8491);
#3991=VERTEX_POINT('',#8493);
#3992=VERTEX_POINT('',#8497);
#3993=VERTEX_POINT('',#8499);
#3994=VERTEX_POINT('',#8503);
#3995=VERTEX_POINT('',#8505);
#3996=VERTEX_POINT('',#8509);
#3997=VERTEX_POINT('',#8510);
#3998=VERTEX_POINT('',#8512);
#3999=VERTEX_POINT('',#8514);
#4000=VERTEX_POINT('',#8517);
#4001=VERTEX_POINT('',#8518);
#4002=VERTEX_POINT('',#8520);
#4003=VERTEX_POINT('',#8522);
#4004=VERTEX_POINT('',#8526);
#4005=VERTEX_POINT('',#8527);
#4006=VERTEX_POINT('',#8529);
#4007=VERTEX_POINT('',#8531);
#4008=VERTEX_POINT('',#8534);
#4009=VERTEX_POINT('',#8535);
#4010=VERTEX_POINT('',#8537);
#4011=VERTEX_POINT('',#8539);
#4012=VERTEX_POINT('',#8543);
#4013=VERTEX_POINT('',#8544);
#4014=VERTEX_POINT('',#8546);
#4015=VERTEX_POINT('',#8548);
#4016=VERTEX_POINT('',#8551);
#4017=VERTEX_POINT('',#8552);
#4018=VERTEX_POINT('',#8554);
#4019=VERTEX_POINT('',#8556);
#4020=VERTEX_POINT('',#8560);
#4021=VERTEX_POINT('',#8561);
#4022=VERTEX_POINT('',#8563);
#4023=VERTEX_POINT('',#8565);
#4024=VERTEX_POINT('',#8568);
#4025=VERTEX_POINT('',#8569);
#4026=VERTEX_POINT('',#8571);
#4027=VERTEX_POINT('',#8573);
#4028=VERTEX_POINT('',#8577);
#4029=VERTEX_POINT('',#8578);
#4030=VERTEX_POINT('',#8580);
#4031=VERTEX_POINT('',#8582);
#4032=VERTEX_POINT('',#8586);
#4033=VERTEX_POINT('',#8587);
#4034=VERTEX_POINT('',#8589);
#4035=VERTEX_POINT('',#8591);
#4036=VERTEX_POINT('',#8595);
#4037=VERTEX_POINT('',#8596);
#4038=VERTEX_POINT('',#8598);
#4039=VERTEX_POINT('',#8600);
#4040=VERTEX_POINT('',#8605);
#4041=VERTEX_POINT('',#8607);
#4042=VERTEX_POINT('',#8610);
#4043=VERTEX_POINT('',#8612);
#4044=VERTEX_POINT('',#8625);
#4045=VERTEX_POINT('',#8627);
#4046=VERTEX_POINT('',#8630);
#4047=VERTEX_POINT('',#8632);
#4048=VERTEX_POINT('',#8647);
#4049=VERTEX_POINT('',#8649);
#4050=VERTEX_POINT('',#8651);
#4051=VERTEX_POINT('',#8653);
#4052=VERTEX_POINT('',#8657);
#4053=VERTEX_POINT('',#8661);
#4054=VERTEX_POINT('',#8662);
#4055=VERTEX_POINT('',#8665);
#4056=VERTEX_POINT('',#8674);
#4057=VERTEX_POINT('',#8676);
#4058=VERTEX_POINT('',#8678);
#4059=VERTEX_POINT('',#8680);
#4060=VERTEX_POINT('',#8684);
#4061=VERTEX_POINT('',#8688);
#4062=VERTEX_POINT('',#8689);
#4063=VERTEX_POINT('',#8692);
#4064=VERTEX_POINT('',#8701);
#4065=VERTEX_POINT('',#8703);
#4066=VERTEX_POINT('',#8705);
#4067=VERTEX_POINT('',#8707);
#4068=VERTEX_POINT('',#8711);
#4069=VERTEX_POINT('',#8715);
#4070=VERTEX_POINT('',#8716);
#4071=VERTEX_POINT('',#8719);
#4072=VERTEX_POINT('',#8738);
#4073=VERTEX_POINT('',#8739);
#4074=VERTEX_POINT('',#8741);
#4075=VERTEX_POINT('',#8743);
#4076=VERTEX_POINT('',#8756);
#4077=VERTEX_POINT('',#8758);
#4078=VERTEX_POINT('',#8762);
#4079=VERTEX_POINT('',#8764);
#4080=VERTEX_POINT('',#8768);
#4081=VERTEX_POINT('',#8770);
#4082=VERTEX_POINT('',#8774);
#4083=VERTEX_POINT('',#8776);
#4084=VERTEX_POINT('',#8780);
#4085=VERTEX_POINT('',#8782);
#4086=VERTEX_POINT('',#8786);
#4087=VERTEX_POINT('',#8787);
#4088=VERTEX_POINT('',#8789);
#4089=VERTEX_POINT('',#8791);
#4090=VERTEX_POINT('',#8794);
#4091=VERTEX_POINT('',#8795);
#4092=VERTEX_POINT('',#8797);
#4093=VERTEX_POINT('',#8799);
#4094=VERTEX_POINT('',#8803);
#4095=VERTEX_POINT('',#8804);
#4096=VERTEX_POINT('',#8806);
#4097=VERTEX_POINT('',#8808);
#4098=VERTEX_POINT('',#8811);
#4099=VERTEX_POINT('',#8812);
#4100=VERTEX_POINT('',#8814);
#4101=VERTEX_POINT('',#8816);
#4102=VERTEX_POINT('',#8820);
#4103=VERTEX_POINT('',#8821);
#4104=VERTEX_POINT('',#8823);
#4105=VERTEX_POINT('',#8825);
#4106=VERTEX_POINT('',#8828);
#4107=VERTEX_POINT('',#8829);
#4108=VERTEX_POINT('',#8831);
#4109=VERTEX_POINT('',#8833);
#4110=VERTEX_POINT('',#8837);
#4111=VERTEX_POINT('',#8838);
#4112=VERTEX_POINT('',#8840);
#4113=VERTEX_POINT('',#8842);
#4114=VERTEX_POINT('',#8845);
#4115=VERTEX_POINT('',#8846);
#4116=VERTEX_POINT('',#8848);
#4117=VERTEX_POINT('',#8850);
#4118=VERTEX_POINT('',#8854);
#4119=VERTEX_POINT('',#8855);
#4120=VERTEX_POINT('',#8857);
#4121=VERTEX_POINT('',#8859);
#4122=VERTEX_POINT('',#8863);
#4123=VERTEX_POINT('',#8864);
#4124=VERTEX_POINT('',#8866);
#4125=VERTEX_POINT('',#8868);
#4126=VERTEX_POINT('',#8872);
#4127=VERTEX_POINT('',#8873);
#4128=VERTEX_POINT('',#8875);
#4129=VERTEX_POINT('',#8877);
#4130=VERTEX_POINT('',#8882);
#4131=VERTEX_POINT('',#8884);
#4132=VERTEX_POINT('',#8887);
#4133=VERTEX_POINT('',#8889);
#4134=VERTEX_POINT('',#8902);
#4135=VERTEX_POINT('',#8904);
#4136=VERTEX_POINT('',#8907);
#4137=VERTEX_POINT('',#8909);
#4138=VERTEX_POINT('',#8924);
#4139=VERTEX_POINT('',#8926);
#4140=VERTEX_POINT('',#8928);
#4141=VERTEX_POINT('',#8930);
#4142=VERTEX_POINT('',#8934);
#4143=VERTEX_POINT('',#8938);
#4144=VERTEX_POINT('',#8939);
#4145=VERTEX_POINT('',#8942);
#4146=VERTEX_POINT('',#8951);
#4147=VERTEX_POINT('',#8953);
#4148=VERTEX_POINT('',#8955);
#4149=VERTEX_POINT('',#8957);
#4150=VERTEX_POINT('',#8961);
#4151=VERTEX_POINT('',#8965);
#4152=VERTEX_POINT('',#8966);
#4153=VERTEX_POINT('',#8969);
#4154=VERTEX_POINT('',#8978);
#4155=VERTEX_POINT('',#8980);
#4156=VERTEX_POINT('',#8982);
#4157=VERTEX_POINT('',#8984);
#4158=VERTEX_POINT('',#8988);
#4159=VERTEX_POINT('',#8992);
#4160=VERTEX_POINT('',#8993);
#4161=VERTEX_POINT('',#8996);
#4162=VERTEX_POINT('',#9015);
#4163=VERTEX_POINT('',#9016);
#4164=VERTEX_POINT('',#9018);
#4165=VERTEX_POINT('',#9020);
#4166=VERTEX_POINT('',#9033);
#4167=VERTEX_POINT('',#9035);
#4168=VERTEX_POINT('',#9038);
#4169=VERTEX_POINT('',#9041);
#4170=CIRCLE('',#5559,3.);
#4171=CIRCLE('',#5560,3.);
#4172=CIRCLE('',#5562,1.6);
#4173=CIRCLE('',#5564,1.6);
#4174=CIRCLE('',#5568,3.5);
#4175=CIRCLE('',#5569,3.5);
#4176=CIRCLE('',#5570,3.5);
#4177=CIRCLE('',#5572,3.5);
#4178=CIRCLE('',#5573,3.5);
#4179=CIRCLE('',#5574,3.5);
#4180=CIRCLE('',#5578,4.);
#4181=CIRCLE('',#5579,4.);
#4182=CIRCLE('',#5580,3.65);
#4183=CIRCLE('',#5581,1.25);
#4184=CIRCLE('',#5582,1.25);
#4185=CIRCLE('',#5583,1.25);
#4186=CIRCLE('',#5584,1.25);
#4187=CIRCLE('',#5585,3.65);
#4188=CIRCLE('',#5587,4.);
#4189=CIRCLE('',#5588,4.);
#4190=CIRCLE('',#5589,1.25);
#4191=CIRCLE('',#5590,1.25);
#4192=CIRCLE('',#5591,1.25);
#4193=CIRCLE('',#5592,1.25);
#4194=CIRCLE('',#5593,1.65);
#4195=CIRCLE('',#5594,1.65);
#4196=CIRCLE('',#5597,1.65);
#4197=CIRCLE('',#5600,1.65);
#4198=CIRCLE('',#5612,2.75);
#4199=CIRCLE('',#5614,3.3);
#4200=CIRCLE('',#5615,2.);
#4201=CIRCLE('',#5617,2.);
#4202=CIRCLE('',#5619,2.);
#4203=CIRCLE('',#5620,2.);
#4204=CIRCLE('',#5622,1.875);
#4205=CIRCLE('',#5623,1.375);
#4206=CIRCLE('',#5625,1.375);
#4207=CIRCLE('',#5628,1.75);
#4208=CIRCLE('',#5630,1.75);
#4209=CIRCLE('',#5641,0.8);
#4210=CIRCLE('',#5642,0.8);
#4211=CIRCLE('',#5644,0.8);
#4212=CIRCLE('',#5645,0.8);
#4213=CIRCLE('',#5647,0.8);
#4214=CIRCLE('',#5648,0.8);
#4215=CIRCLE('',#5650,1.25);
#4216=CIRCLE('',#5651,1.25);
#4217=CIRCLE('',#5653,1.25);
#4218=CIRCLE('',#5654,1.25);
#4219=CIRCLE('',#5663,0.5);
#4220=CIRCLE('',#5664,0.5);
#4221=CIRCLE('',#5665,0.5);
#4222=CIRCLE('',#5666,0.5);
#4223=CIRCLE('',#5668,0.5);
#4224=CIRCLE('',#5669,0.5);
#4225=CIRCLE('',#5670,0.5);
#4226=CIRCLE('',#5671,0.5);
#4227=CIRCLE('',#5705,1.45);
#4228=CIRCLE('',#5706,1.45);
#4229=CIRCLE('',#5713,0.8);
#4230=CIRCLE('',#5714,0.8);
#4231=CIRCLE('',#5716,0.8);
#4232=CIRCLE('',#5717,0.8);
#4233=CIRCLE('',#5719,0.8);
#4234=CIRCLE('',#5720,0.8);
#4235=CIRCLE('',#5722,1.25);
#4236=CIRCLE('',#5723,1.25);
#4237=CIRCLE('',#5725,1.25);
#4238=CIRCLE('',#5726,1.25);
#4239=CIRCLE('',#5735,0.5);
#4240=CIRCLE('',#5736,0.5);
#4241=CIRCLE('',#5737,0.5);
#4242=CIRCLE('',#5738,0.5);
#4243=CIRCLE('',#5740,0.5);
#4244=CIRCLE('',#5741,0.5);
#4245=CIRCLE('',#5742,0.5);
#4246=CIRCLE('',#5743,0.5);
#4247=CIRCLE('',#5777,1.45);
#4248=CIRCLE('',#5778,1.45);
#4249=CIRCLE('',#5785,3.5);
#4250=CIRCLE('',#5786,3.5);
#4251=CIRCLE('',#5787,3.5);
#4252=CIRCLE('',#5789,3.5);
#4253=CIRCLE('',#5790,3.5);
#4254=CIRCLE('',#5791,3.5);
#4255=CIRCLE('',#5795,4.);
#4256=CIRCLE('',#5796,4.);
#4257=CIRCLE('',#5797,3.65);
#4258=CIRCLE('',#5798,1.25);
#4259=CIRCLE('',#5799,1.25);
#4260=CIRCLE('',#5800,1.25);
#4261=CIRCLE('',#5801,1.25);
#4262=CIRCLE('',#5802,3.65);
#4263=CIRCLE('',#5804,4.);
#4264=CIRCLE('',#5805,4.);
#4265=CIRCLE('',#5806,1.25);
#4266=CIRCLE('',#5807,1.25);
#4267=CIRCLE('',#5808,1.25);
#4268=CIRCLE('',#5809,1.25);
#4269=CIRCLE('',#5810,1.65);
#4270=CIRCLE('',#5811,1.65);
#4271=CIRCLE('',#5814,1.65);
#4272=CIRCLE('',#5817,1.65);
#4273=CIRCLE('',#5829,2.75);
#4274=CIRCLE('',#5831,3.3);
#4275=CIRCLE('',#5832,2.);
#4276=CIRCLE('',#5834,2.);
#4277=CIRCLE('',#5836,2.);
#4278=CIRCLE('',#5837,2.);
#4279=CIRCLE('',#5839,1.875);
#4280=CIRCLE('',#5840,1.375);
#4281=CIRCLE('',#5842,1.375);
#4282=CIRCLE('',#5845,1.75);
#4283=CIRCLE('',#5847,1.75);
#4284=CIRCLE('',#5858,0.8);
#4285=CIRCLE('',#5859,0.8);
#4286=CIRCLE('',#5861,0.8);
#4287=CIRCLE('',#5862,0.8);
#4288=CIRCLE('',#5864,0.8);
#4289=CIRCLE('',#5865,0.8);
#4290=CIRCLE('',#5867,1.25);
#4291=CIRCLE('',#5868,1.25);
#4292=CIRCLE('',#5870,1.25);
#4293=CIRCLE('',#5871,1.25);
#4294=CIRCLE('',#5880,0.5);
#4295=CIRCLE('',#5881,0.5);
#4296=CIRCLE('',#5882,0.5);
#4297=CIRCLE('',#5883,0.5);
#4298=CIRCLE('',#5885,0.5);
#4299=CIRCLE('',#5886,0.5);
#4300=CIRCLE('',#5887,0.5);
#4301=CIRCLE('',#5888,0.5);
#4302=CIRCLE('',#5922,1.45);
#4303=CIRCLE('',#5923,1.45);
#4304=CIRCLE('',#5930,0.8);
#4305=CIRCLE('',#5931,0.8);
#4306=CIRCLE('',#5933,0.8);
#4307=CIRCLE('',#5934,0.8);
#4308=CIRCLE('',#5936,0.8);
#4309=CIRCLE('',#5937,0.8);
#4310=CIRCLE('',#5939,1.25);
#4311=CIRCLE('',#5940,1.25);
#4312=CIRCLE('',#5942,1.25);
#4313=CIRCLE('',#5943,1.25);
#4314=CIRCLE('',#5952,0.5);
#4315=CIRCLE('',#5953,0.5);
#4316=CIRCLE('',#5954,0.5);
#4317=CIRCLE('',#5955,0.5);
#4318=CIRCLE('',#5957,0.5);
#4319=CIRCLE('',#5958,0.5);
#4320=CIRCLE('',#5959,0.5);
#4321=CIRCLE('',#5960,0.5);
#4322=CIRCLE('',#5994,1.45);
#4323=CIRCLE('',#5995,1.45);
#4324=CIRCLE('',#6002,3.);
#4325=CIRCLE('',#6003,3.);
#4326=CIRCLE('',#6005,1.6);
#4327=CIRCLE('',#6007,1.6);
#4328=EDGE_LOOP('',(#1428));
#4329=EDGE_LOOP('',(#1429));
#4330=EDGE_LOOP('',(#1430));
#4331=EDGE_LOOP('',(#1431));
#4332=EDGE_LOOP('',(#1432));
#4333=EDGE_LOOP('',(#1433));
#4334=EDGE_LOOP('',(#1434));
#4335=EDGE_LOOP('',(#1435));
#4336=EDGE_LOOP('',(#1436,#1437,#1438,#1439,#1440,#1441));
#4337=EDGE_LOOP('',(#1442,#1443,#1444,#1445,#1446,#1447));
#4338=EDGE_LOOP('',(#1448,#1449,#1450,#1451));
#4339=EDGE_LOOP('',(#1452,#1453,#1454,#1455));
#4340=EDGE_LOOP('',(#1456,#1457,#1458,#1459,#1460,#1461,#1462,#1463,#1464,
#1465,#1466,#1467,#1468,#1469));
#4341=EDGE_LOOP('',(#1470));
#4342=EDGE_LOOP('',(#1471));
#4343=EDGE_LOOP('',(#1472));
#4344=EDGE_LOOP('',(#1473));
#4345=EDGE_LOOP('',(#1474));
#4346=EDGE_LOOP('',(#1475));
#4347=EDGE_LOOP('',(#1476,#1477,#1478,#1479,#1480,#1481,#1482,#1483,#1484,
#1485,#1486,#1487,#1488,#1489,#1490,#1491));
#4348=EDGE_LOOP('',(#1492));
#4349=EDGE_LOOP('',(#1493));
#4350=EDGE_LOOP('',(#1494));
#4351=EDGE_LOOP('',(#1495));
#4352=EDGE_LOOP('',(#1496));
#4353=EDGE_LOOP('',(#1497));
#4354=EDGE_LOOP('',(#1498,#1499,#1500,#1501));
#4355=EDGE_LOOP('',(#1502,#1503,#1504,#1505));
#4356=EDGE_LOOP('',(#1506,#1507,#1508,#1509));
#4357=EDGE_LOOP('',(#1510,#1511,#1512,#1513));
#4358=EDGE_LOOP('',(#1514,#1515,#1516,#1517));
#4359=EDGE_LOOP('',(#1518,#1519,#1520,#1521));
#4360=EDGE_LOOP('',(#1522,#1523,#1524,#1525));
#4361=EDGE_LOOP('',(#1526,#1527,#1528,#1529));
#4362=EDGE_LOOP('',(#1530,#1531,#1532,#1533,#1534,#1535));
#4363=EDGE_LOOP('',(#1536,#1537,#1538,#1539));
#4364=EDGE_LOOP('',(#1540,#1541,#1542,#1543));
#4365=EDGE_LOOP('',(#1544,#1545,#1546,#1547));
#4366=EDGE_LOOP('',(#1548,#1549,#1550,#1551));
#4367=EDGE_LOOP('',(#1552,#1553,#1554,#1555,#1556,#1557));
#4368=EDGE_LOOP('',(#1558,#1559,#1560,#1561));
#4369=EDGE_LOOP('',(#1562));
#4370=EDGE_LOOP('',(#1563,#1564,#1565,#1566));
#4371=EDGE_LOOP('',(#1567,#1568,#1569,#1570));
#4372=EDGE_LOOP('',(#1571,#1572,#1573,#1574));
#4373=EDGE_LOOP('',(#1575,#1576,#1577,#1578));
#4374=EDGE_LOOP('',(#1579,#1580,#1581,#1582));
#4375=EDGE_LOOP('',(#1583,#1584,#1585,#1586));
#4376=EDGE_LOOP('',(#1587));
#4377=EDGE_LOOP('',(#1588));
#4378=EDGE_LOOP('',(#1589));
#4379=EDGE_LOOP('',(#1590,#1591,#1592,#1593));
#4380=EDGE_LOOP('',(#1594,#1595,#1596,#1597));
#4381=EDGE_LOOP('',(#1598,#1599,#1600,#1601,#1602,#1603));
#4382=EDGE_LOOP('',(#1604,#1605,#1606,#1607));
#4383=EDGE_LOOP('',(#1608));
#4384=EDGE_LOOP('',(#1609,#1610,#1611,#1612));
#4385=EDGE_LOOP('',(#1613,#1614,#1615,#1616));
#4386=EDGE_LOOP('',(#1617,#1618,#1619,#1620));
#4387=EDGE_LOOP('',(#1621,#1622,#1623,#1624));
#4388=EDGE_LOOP('',(#1625,#1626,#1627,#1628));
#4389=EDGE_LOOP('',(#1629,#1630,#1631,#1632));
#4390=EDGE_LOOP('',(#1633));
#4391=EDGE_LOOP('',(#1634));
#4392=EDGE_LOOP('',(#1635));
#4393=EDGE_LOOP('',(#1636,#1637,#1638,#1639));
#4394=EDGE_LOOP('',(#1640,#1641,#1642,#1643));
#4395=EDGE_LOOP('',(#1644,#1645,#1646,#1647));
#4396=EDGE_LOOP('',(#1648,#1649,#1650,#1651));
#4397=EDGE_LOOP('',(#1652,#1653,#1654,#1655));
#4398=EDGE_LOOP('',(#1656,#1657,#1658,#1659));
#4399=EDGE_LOOP('',(#1660,#1661,#1662,#1663));
#4400=EDGE_LOOP('',(#1664,#1665,#1666,#1667));
#4401=EDGE_LOOP('',(#1668,#1669,#1670,#1671));
#4402=EDGE_LOOP('',(#1672,#1673,#1674,#1675));
#4403=EDGE_LOOP('',(#1676,#1677,#1678,#1679));
#4404=EDGE_LOOP('',(#1680,#1681,#1682,#1683));
#4405=EDGE_LOOP('',(#1684,#1685,#1686,#1687));
#4406=EDGE_LOOP('',(#1688,#1689,#1690,#1691));
#4407=EDGE_LOOP('',(#1692,#1693,#1694,#1695));
#4408=EDGE_LOOP('',(#1696,#1697,#1698,#1699));
#4409=EDGE_LOOP('',(#1700,#1701,#1702,#1703,#1704,#1705,#1706,#1707,#1708,
#1709,#1710,#1711,#1712,#1713,#1714,#1715,#1716,#1717));
#4410=EDGE_LOOP('',(#1718));
#4411=EDGE_LOOP('',(#1719));
#4412=EDGE_LOOP('',(#1720,#1721,#1722,#1723,#1724,#1725,#1726,#1727,#1728,
#1729,#1730,#1731,#1732,#1733,#1734,#1735,#1736,#1737));
#4413=EDGE_LOOP('',(#1738));
#4414=EDGE_LOOP('',(#1739));
#4415=EDGE_LOOP('',(#1740,#1741,#1742,#1743));
#4416=EDGE_LOOP('',(#1744,#1745,#1746,#1747));
#4417=EDGE_LOOP('',(#1748,#1749,#1750,#1751));
#4418=EDGE_LOOP('',(#1752,#1753,#1754,#1755));
#4419=EDGE_LOOP('',(#1756,#1757,#1758,#1759));
#4420=EDGE_LOOP('',(#1760,#1761,#1762,#1763));
#4421=EDGE_LOOP('',(#1764,#1765,#1766,#1767));
#4422=EDGE_LOOP('',(#1768,#1769,#1770,#1771,#1772,#1773));
#4423=EDGE_LOOP('',(#1774));
#4424=EDGE_LOOP('',(#1775,#1776,#1777,#1778));
#4425=EDGE_LOOP('',(#1779,#1780,#1781,#1782,#1783,#1784));
#4426=EDGE_LOOP('',(#1785));
#4427=EDGE_LOOP('',(#1786,#1787,#1788,#1789));
#4428=EDGE_LOOP('',(#1790,#1791,#1792,#1793));
#4429=EDGE_LOOP('',(#1794,#1795,#1796,#1797,#1798,#1799));
#4430=EDGE_LOOP('',(#1800));
#4431=EDGE_LOOP('',(#1801,#1802,#1803,#1804));
#4432=EDGE_LOOP('',(#1805,#1806,#1807,#1808,#1809,#1810));
#4433=EDGE_LOOP('',(#1811));
#4434=EDGE_LOOP('',(#1812,#1813,#1814,#1815));
#4435=EDGE_LOOP('',(#1816,#1817,#1818,#1819));
#4436=EDGE_LOOP('',(#1820,#1821,#1822,#1823,#1824,#1825));
#4437=EDGE_LOOP('',(#1826));
#4438=EDGE_LOOP('',(#1827,#1828,#1829,#1830));
#4439=EDGE_LOOP('',(#1831,#1832,#1833,#1834,#1835,#1836));
#4440=EDGE_LOOP('',(#1837));
#4441=EDGE_LOOP('',(#1838,#1839,#1840,#1841));
#4442=EDGE_LOOP('',(#1842,#1843,#1844,#1845));
#4443=EDGE_LOOP('',(#1846,#1847,#1848,#1849));
#4444=EDGE_LOOP('',(#1850,#1851,#1852,#1853));
#4445=EDGE_LOOP('',(#1854,#1855,#1856,#1857));
#4446=EDGE_LOOP('',(#1858,#1859,#1860,#1861));
#4447=EDGE_LOOP('',(#1862,#1863,#1864,#1865));
#4448=EDGE_LOOP('',(#1866,#1867,#1868,#1869));
#4449=EDGE_LOOP('',(#1870,#1871,#1872,#1873));
#4450=EDGE_LOOP('',(#1874,#1875,#1876,#1877));
#4451=EDGE_LOOP('',(#1878,#1879,#1880,#1881));
#4452=EDGE_LOOP('',(#1882,#1883,#1884,#1885));
#4453=EDGE_LOOP('',(#1886,#1887,#1888,#1889));
#4454=EDGE_LOOP('',(#1890,#1891,#1892,#1893));
#4455=EDGE_LOOP('',(#1894,#1895,#1896,#1897));
#4456=EDGE_LOOP('',(#1898,#1899,#1900,#1901));
#4457=EDGE_LOOP('',(#1902,#1903,#1904,#1905));
#4458=EDGE_LOOP('',(#1906,#1907,#1908,#1909));
#4459=EDGE_LOOP('',(#1910,#1911,#1912,#1913));
#4460=EDGE_LOOP('',(#1914,#1915,#1916,#1917));
#4461=EDGE_LOOP('',(#1918,#1919,#1920,#1921));
#4462=EDGE_LOOP('',(#1922,#1923,#1924,#1925));
#4463=EDGE_LOOP('',(#1926,#1927,#1928,#1929));
#4464=EDGE_LOOP('',(#1930,#1931,#1932,#1933));
#4465=EDGE_LOOP('',(#1934,#1935,#1936,#1937));
#4466=EDGE_LOOP('',(#1938,#1939,#1940,#1941));
#4467=EDGE_LOOP('',(#1942,#1943,#1944,#1945));
#4468=EDGE_LOOP('',(#1946,#1947,#1948,#1949));
#4469=EDGE_LOOP('',(#1950,#1951,#1952,#1953));
#4470=EDGE_LOOP('',(#1954,#1955,#1956,#1957));
#4471=EDGE_LOOP('',(#1958,#1959,#1960,#1961));
#4472=EDGE_LOOP('',(#1962,#1963,#1964,#1965));
#4473=EDGE_LOOP('',(#1966,#1967,#1968,#1969));
#4474=EDGE_LOOP('',(#1970,#1971,#1972,#1973,#1974,#1975,#1976,#1977,#1978,
#1979,#1980,#1981,#1982,#1983,#1984,#1985,#1986,#1987));
#4475=EDGE_LOOP('',(#1988));
#4476=EDGE_LOOP('',(#1989));
#4477=EDGE_LOOP('',(#1990,#1991,#1992,#1993,#1994,#1995,#1996,#1997,#1998,
#1999,#2000,#2001,#2002,#2003,#2004,#2005,#2006,#2007));
#4478=EDGE_LOOP('',(#2008));
#4479=EDGE_LOOP('',(#2009));
#4480=EDGE_LOOP('',(#2010,#2011,#2012,#2013));
#4481=EDGE_LOOP('',(#2014,#2015,#2016,#2017));
#4482=EDGE_LOOP('',(#2018,#2019,#2020,#2021));
#4483=EDGE_LOOP('',(#2022,#2023,#2024,#2025));
#4484=EDGE_LOOP('',(#2026,#2027,#2028,#2029));
#4485=EDGE_LOOP('',(#2030,#2031,#2032,#2033));
#4486=EDGE_LOOP('',(#2034,#2035,#2036,#2037));
#4487=EDGE_LOOP('',(#2038,#2039,#2040,#2041,#2042,#2043));
#4488=EDGE_LOOP('',(#2044));
#4489=EDGE_LOOP('',(#2045,#2046,#2047,#2048));
#4490=EDGE_LOOP('',(#2049,#2050,#2051,#2052,#2053,#2054));
#4491=EDGE_LOOP('',(#2055));
#4492=EDGE_LOOP('',(#2056,#2057,#2058,#2059));
#4493=EDGE_LOOP('',(#2060,#2061,#2062,#2063));
#4494=EDGE_LOOP('',(#2064,#2065,#2066,#2067,#2068,#2069));
#4495=EDGE_LOOP('',(#2070));
#4496=EDGE_LOOP('',(#2071,#2072,#2073,#2074));
#4497=EDGE_LOOP('',(#2075,#2076,#2077,#2078,#2079,#2080));
#4498=EDGE_LOOP('',(#2081));
#4499=EDGE_LOOP('',(#2082,#2083,#2084,#2085));
#4500=EDGE_LOOP('',(#2086,#2087,#2088,#2089));
#4501=EDGE_LOOP('',(#2090,#2091,#2092,#2093,#2094,#2095));
#4502=EDGE_LOOP('',(#2096));
#4503=EDGE_LOOP('',(#2097,#2098,#2099,#2100));
#4504=EDGE_LOOP('',(#2101,#2102,#2103,#2104,#2105,#2106));
#4505=EDGE_LOOP('',(#2107));
#4506=EDGE_LOOP('',(#2108,#2109,#2110,#2111));
#4507=EDGE_LOOP('',(#2112,#2113,#2114,#2115));
#4508=EDGE_LOOP('',(#2116,#2117,#2118,#2119));
#4509=EDGE_LOOP('',(#2120,#2121,#2122,#2123));
#4510=EDGE_LOOP('',(#2124,#2125,#2126,#2127));
#4511=EDGE_LOOP('',(#2128,#2129,#2130,#2131));
#4512=EDGE_LOOP('',(#2132,#2133,#2134,#2135));
#4513=EDGE_LOOP('',(#2136,#2137,#2138,#2139));
#4514=EDGE_LOOP('',(#2140,#2141,#2142,#2143));
#4515=EDGE_LOOP('',(#2144,#2145,#2146,#2147));
#4516=EDGE_LOOP('',(#2148,#2149,#2150,#2151));
#4517=EDGE_LOOP('',(#2152,#2153,#2154,#2155));
#4518=EDGE_LOOP('',(#2156,#2157,#2158,#2159));
#4519=EDGE_LOOP('',(#2160,#2161,#2162,#2163));
#4520=EDGE_LOOP('',(#2164,#2165,#2166,#2167));
#4521=EDGE_LOOP('',(#2168,#2169,#2170,#2171));
#4522=EDGE_LOOP('',(#2172,#2173,#2174,#2175));
#4523=EDGE_LOOP('',(#2176,#2177,#2178,#2179,#2180,#2181));
#4524=EDGE_LOOP('',(#2182,#2183,#2184,#2185,#2186,#2187));
#4525=EDGE_LOOP('',(#2188,#2189,#2190,#2191));
#4526=EDGE_LOOP('',(#2192,#2193,#2194,#2195));
#4527=EDGE_LOOP('',(#2196,#2197,#2198,#2199,#2200,#2201,#2202,#2203,#2204,
#2205,#2206,#2207,#2208,#2209));
#4528=EDGE_LOOP('',(#2210));
#4529=EDGE_LOOP('',(#2211));
#4530=EDGE_LOOP('',(#2212));
#4531=EDGE_LOOP('',(#2213));
#4532=EDGE_LOOP('',(#2214));
#4533=EDGE_LOOP('',(#2215));
#4534=EDGE_LOOP('',(#2216,#2217,#2218,#2219,#2220,#2221,#2222,#2223,#2224,
#2225,#2226,#2227,#2228,#2229,#2230,#2231));
#4535=EDGE_LOOP('',(#2232));
#4536=EDGE_LOOP('',(#2233));
#4537=EDGE_LOOP('',(#2234));
#4538=EDGE_LOOP('',(#2235));
#4539=EDGE_LOOP('',(#2236));
#4540=EDGE_LOOP('',(#2237));
#4541=EDGE_LOOP('',(#2238,#2239,#2240,#2241));
#4542=EDGE_LOOP('',(#2242,#2243,#2244,#2245));
#4543=EDGE_LOOP('',(#2246,#2247,#2248,#2249));
#4544=EDGE_LOOP('',(#2250,#2251,#2252,#2253));
#4545=EDGE_LOOP('',(#2254,#2255,#2256,#2257));
#4546=EDGE_LOOP('',(#2258,#2259,#2260,#2261));
#4547=EDGE_LOOP('',(#2262,#2263,#2264,#2265));
#4548=EDGE_LOOP('',(#2266,#2267,#2268,#2269));
#4549=EDGE_LOOP('',(#2270,#2271,#2272,#2273,#2274,#2275));
#4550=EDGE_LOOP('',(#2276,#2277,#2278,#2279));
#4551=EDGE_LOOP('',(#2280,#2281,#2282,#2283));
#4552=EDGE_LOOP('',(#2284,#2285,#2286,#2287));
#4553=EDGE_LOOP('',(#2288,#2289,#2290,#2291));
#4554=EDGE_LOOP('',(#2292,#2293,#2294,#2295,#2296,#2297));
#4555=EDGE_LOOP('',(#2298,#2299,#2300,#2301));
#4556=EDGE_LOOP('',(#2302));
#4557=EDGE_LOOP('',(#2303,#2304,#2305,#2306));
#4558=EDGE_LOOP('',(#2307,#2308,#2309,#2310));
#4559=EDGE_LOOP('',(#2311,#2312,#2313,#2314));
#4560=EDGE_LOOP('',(#2315,#2316,#2317,#2318));
#4561=EDGE_LOOP('',(#2319,#2320,#2321,#2322));
#4562=EDGE_LOOP('',(#2323,#2324,#2325,#2326));
#4563=EDGE_LOOP('',(#2327));
#4564=EDGE_LOOP('',(#2328));
#4565=EDGE_LOOP('',(#2329));
#4566=EDGE_LOOP('',(#2330,#2331,#2332,#2333));
#4567=EDGE_LOOP('',(#2334,#2335,#2336,#2337));
#4568=EDGE_LOOP('',(#2338,#2339,#2340,#2341,#2342,#2343));
#4569=EDGE_LOOP('',(#2344,#2345,#2346,#2347));
#4570=EDGE_LOOP('',(#2348));
#4571=EDGE_LOOP('',(#2349,#2350,#2351,#2352));
#4572=EDGE_LOOP('',(#2353,#2354,#2355,#2356));
#4573=EDGE_LOOP('',(#2357,#2358,#2359,#2360));
#4574=EDGE_LOOP('',(#2361,#2362,#2363,#2364));
#4575=EDGE_LOOP('',(#2365,#2366,#2367,#2368));
#4576=EDGE_LOOP('',(#2369,#2370,#2371,#2372));
#4577=EDGE_LOOP('',(#2373));
#4578=EDGE_LOOP('',(#2374));
#4579=EDGE_LOOP('',(#2375));
#4580=EDGE_LOOP('',(#2376,#2377,#2378,#2379));
#4581=EDGE_LOOP('',(#2380,#2381,#2382,#2383));
#4582=EDGE_LOOP('',(#2384,#2385,#2386,#2387));
#4583=EDGE_LOOP('',(#2388,#2389,#2390,#2391));
#4584=EDGE_LOOP('',(#2392,#2393,#2394,#2395));
#4585=EDGE_LOOP('',(#2396,#2397,#2398,#2399));
#4586=EDGE_LOOP('',(#2400,#2401,#2402,#2403));
#4587=EDGE_LOOP('',(#2404,#2405,#2406,#2407));
#4588=EDGE_LOOP('',(#2408,#2409,#2410,#2411));
#4589=EDGE_LOOP('',(#2412,#2413,#2414,#2415));
#4590=EDGE_LOOP('',(#2416,#2417,#2418,#2419));
#4591=EDGE_LOOP('',(#2420,#2421,#2422,#2423));
#4592=EDGE_LOOP('',(#2424,#2425,#2426,#2427));
#4593=EDGE_LOOP('',(#2428,#2429,#2430,#2431));
#4594=EDGE_LOOP('',(#2432,#2433,#2434,#2435));
#4595=EDGE_LOOP('',(#2436,#2437,#2438,#2439));
#4596=EDGE_LOOP('',(#2440,#2441,#2442,#2443,#2444,#2445,#2446,#2447,#2448,
#2449,#2450,#2451,#2452,#2453,#2454,#2455,#2456,#2457));
#4597=EDGE_LOOP('',(#2458));
#4598=EDGE_LOOP('',(#2459));
#4599=EDGE_LOOP('',(#2460,#2461,#2462,#2463,#2464,#2465,#2466,#2467,#2468,
#2469,#2470,#2471,#2472,#2473,#2474,#2475,#2476,#2477));
#4600=EDGE_LOOP('',(#2478));
#4601=EDGE_LOOP('',(#2479));
#4602=EDGE_LOOP('',(#2480,#2481,#2482,#2483));
#4603=EDGE_LOOP('',(#2484,#2485,#2486,#2487));
#4604=EDGE_LOOP('',(#2488,#2489,#2490,#2491));
#4605=EDGE_LOOP('',(#2492,#2493,#2494,#2495));
#4606=EDGE_LOOP('',(#2496,#2497,#2498,#2499));
#4607=EDGE_LOOP('',(#2500,#2501,#2502,#2503));
#4608=EDGE_LOOP('',(#2504,#2505,#2506,#2507));
#4609=EDGE_LOOP('',(#2508,#2509,#2510,#2511,#2512,#2513));
#4610=EDGE_LOOP('',(#2514));
#4611=EDGE_LOOP('',(#2515,#2516,#2517,#2518));
#4612=EDGE_LOOP('',(#2519,#2520,#2521,#2522,#2523,#2524));
#4613=EDGE_LOOP('',(#2525));
#4614=EDGE_LOOP('',(#2526,#2527,#2528,#2529));
#4615=EDGE_LOOP('',(#2530,#2531,#2532,#2533));
#4616=EDGE_LOOP('',(#2534,#2535,#2536,#2537,#2538,#2539));
#4617=EDGE_LOOP('',(#2540));
#4618=EDGE_LOOP('',(#2541,#2542,#2543,#2544));
#4619=EDGE_LOOP('',(#2545,#2546,#2547,#2548,#2549,#2550));
#4620=EDGE_LOOP('',(#2551));
#4621=EDGE_LOOP('',(#2552,#2553,#2554,#2555));
#4622=EDGE_LOOP('',(#2556,#2557,#2558,#2559));
#4623=EDGE_LOOP('',(#2560,#2561,#2562,#2563,#2564,#2565));
#4624=EDGE_LOOP('',(#2566));
#4625=EDGE_LOOP('',(#2567,#2568,#2569,#2570));
#4626=EDGE_LOOP('',(#2571,#2572,#2573,#2574,#2575,#2576));
#4627=EDGE_LOOP('',(#2577));
#4628=EDGE_LOOP('',(#2578,#2579,#2580,#2581));
#4629=EDGE_LOOP('',(#2582,#2583,#2584,#2585));
#4630=EDGE_LOOP('',(#2586,#2587,#2588,#2589));
#4631=EDGE_LOOP('',(#2590,#2591,#2592,#2593));
#4632=EDGE_LOOP('',(#2594,#2595,#2596,#2597));
#4633=EDGE_LOOP('',(#2598,#2599,#2600,#2601));
#4634=EDGE_LOOP('',(#2602,#2603,#2604,#2605));
#4635=EDGE_LOOP('',(#2606,#2607,#2608,#2609));
#4636=EDGE_LOOP('',(#2610,#2611,#2612,#2613));
#4637=EDGE_LOOP('',(#2614,#2615,#2616,#2617));
#4638=EDGE_LOOP('',(#2618,#2619,#2620,#2621));
#4639=EDGE_LOOP('',(#2622,#2623,#2624,#2625));
#4640=EDGE_LOOP('',(#2626,#2627,#2628,#2629));
#4641=EDGE_LOOP('',(#2630,#2631,#2632,#2633));
#4642=EDGE_LOOP('',(#2634,#2635,#2636,#2637));
#4643=EDGE_LOOP('',(#2638,#2639,#2640,#2641));
#4644=EDGE_LOOP('',(#2642,#2643,#2644,#2645));
#4645=EDGE_LOOP('',(#2646,#2647,#2648,#2649));
#4646=EDGE_LOOP('',(#2650,#2651,#2652,#2653));
#4647=EDGE_LOOP('',(#2654,#2655,#2656,#2657));
#4648=EDGE_LOOP('',(#2658,#2659,#2660,#2661));
#4649=EDGE_LOOP('',(#2662,#2663,#2664,#2665));
#4650=EDGE_LOOP('',(#2666,#2667,#2668,#2669));
#4651=EDGE_LOOP('',(#2670,#2671,#2672,#2673));
#4652=EDGE_LOOP('',(#2674,#2675,#2676,#2677));
#4653=EDGE_LOOP('',(#2678,#2679,#2680,#2681));
#4654=EDGE_LOOP('',(#2682,#2683,#2684,#2685));
#4655=EDGE_LOOP('',(#2686,#2687,#2688,#2689));
#4656=EDGE_LOOP('',(#2690,#2691,#2692,#2693));
#4657=EDGE_LOOP('',(#2694,#2695,#2696,#2697));
#4658=EDGE_LOOP('',(#2698,#2699,#2700,#2701));
#4659=EDGE_LOOP('',(#2702,#2703,#2704,#2705));
#4660=EDGE_LOOP('',(#2706,#2707,#2708,#2709));
#4661=EDGE_LOOP('',(#2710,#2711,#2712,#2713,#2714,#2715,#2716,#2717,#2718,
#2719,#2720,#2721,#2722,#2723,#2724,#2725,#2726,#2727));
#4662=EDGE_LOOP('',(#2728));
#4663=EDGE_LOOP('',(#2729));
#4664=EDGE_LOOP('',(#2730,#2731,#2732,#2733,#2734,#2735,#2736,#2737,#2738,
#2739,#2740,#2741,#2742,#2743,#2744,#2745,#2746,#2747));
#4665=EDGE_LOOP('',(#2748));
#4666=EDGE_LOOP('',(#2749));
#4667=EDGE_LOOP('',(#2750,#2751,#2752,#2753));
#4668=EDGE_LOOP('',(#2754,#2755,#2756,#2757));
#4669=EDGE_LOOP('',(#2758,#2759,#2760,#2761));
#4670=EDGE_LOOP('',(#2762,#2763,#2764,#2765));
#4671=EDGE_LOOP('',(#2766,#2767,#2768,#2769));
#4672=EDGE_LOOP('',(#2770,#2771,#2772,#2773));
#4673=EDGE_LOOP('',(#2774,#2775,#2776,#2777));
#4674=EDGE_LOOP('',(#2778,#2779,#2780,#2781,#2782,#2783));
#4675=EDGE_LOOP('',(#2784));
#4676=EDGE_LOOP('',(#2785,#2786,#2787,#2788));
#4677=EDGE_LOOP('',(#2789,#2790,#2791,#2792,#2793,#2794));
#4678=EDGE_LOOP('',(#2795));
#4679=EDGE_LOOP('',(#2796,#2797,#2798,#2799));
#4680=EDGE_LOOP('',(#2800,#2801,#2802,#2803));
#4681=EDGE_LOOP('',(#2804,#2805,#2806,#2807,#2808,#2809));
#4682=EDGE_LOOP('',(#2810));
#4683=EDGE_LOOP('',(#2811,#2812,#2813,#2814));
#4684=EDGE_LOOP('',(#2815,#2816,#2817,#2818,#2819,#2820));
#4685=EDGE_LOOP('',(#2821));
#4686=EDGE_LOOP('',(#2822,#2823,#2824,#2825));
#4687=EDGE_LOOP('',(#2826,#2827,#2828,#2829));
#4688=EDGE_LOOP('',(#2830,#2831,#2832,#2833,#2834,#2835));
#4689=EDGE_LOOP('',(#2836));
#4690=EDGE_LOOP('',(#2837,#2838,#2839,#2840));
#4691=EDGE_LOOP('',(#2841,#2842,#2843,#2844,#2845,#2846));
#4692=EDGE_LOOP('',(#2847));
#4693=EDGE_LOOP('',(#2848,#2849,#2850,#2851));
#4694=EDGE_LOOP('',(#2852,#2853,#2854,#2855));
#4695=EDGE_LOOP('',(#2856,#2857,#2858,#2859));
#4696=EDGE_LOOP('',(#2860,#2861,#2862,#2863));
#4697=EDGE_LOOP('',(#2864,#2865,#2866,#2867));
#4698=EDGE_LOOP('',(#2868,#2869,#2870,#2871));
#4699=EDGE_LOOP('',(#2872,#2873,#2874,#2875));
#4700=EDGE_LOOP('',(#2876,#2877,#2878,#2879));
#4701=EDGE_LOOP('',(#2880,#2881,#2882,#2883));
#4702=EDGE_LOOP('',(#2884,#2885,#2886,#2887));
#4703=EDGE_LOOP('',(#2888,#2889,#2890,#2891));
#4704=EDGE_LOOP('',(#2892,#2893,#2894,#2895));
#4705=EDGE_LOOP('',(#2896,#2897,#2898,#2899));
#4706=EDGE_LOOP('',(#2900,#2901,#2902,#2903));
#4707=EDGE_LOOP('',(#2904,#2905,#2906,#2907));
#4708=EDGE_LOOP('',(#2908,#2909,#2910,#2911));
#4709=EDGE_LOOP('',(#2912,#2913,#2914,#2915));
#4710=EDGE_LOOP('',(#2916));
#4711=EDGE_LOOP('',(#2917));
#4712=EDGE_LOOP('',(#2918));
#4713=EDGE_LOOP('',(#2919));
#4714=EDGE_LOOP('',(#2920));
#4715=EDGE_LOOP('',(#2921));
#4716=EDGE_LOOP('',(#2922));
#4717=EDGE_LOOP('',(#2923));
#4718=FACE_BOUND('',#4328,.T.);
#4719=FACE_BOUND('',#4329,.T.);
#4720=FACE_BOUND('',#4330,.T.);
#4721=FACE_BOUND('',#4331,.T.);
#4722=FACE_BOUND('',#4332,.T.);
#4723=FACE_BOUND('',#4333,.T.);
#4724=FACE_BOUND('',#4334,.T.);
#4725=FACE_BOUND('',#4335,.T.);
#4726=FACE_BOUND('',#4336,.T.);
#4727=FACE_BOUND('',#4337,.T.);
#4728=FACE_BOUND('',#4338,.T.);
#4729=FACE_BOUND('',#4339,.T.);
#4730=FACE_BOUND('',#4340,.T.);
#4731=FACE_BOUND('',#4341,.T.);
#4732=FACE_BOUND('',#4342,.T.);
#4733=FACE_BOUND('',#4343,.T.);
#4734=FACE_BOUND('',#4344,.T.);
#4735=FACE_BOUND('',#4345,.T.);
#4736=FACE_BOUND('',#4346,.T.);
#4737=FACE_BOUND('',#4347,.T.);
#4738=FACE_BOUND('',#4348,.T.);
#4739=FACE_BOUND('',#4349,.T.);
#4740=FACE_BOUND('',#4350,.T.);
#4741=FACE_BOUND('',#4351,.T.);
#4742=FACE_BOUND('',#4352,.T.);
#4743=FACE_BOUND('',#4353,.T.);
#4744=FACE_BOUND('',#4354,.T.);
#4745=FACE_BOUND('',#4355,.T.);
#4746=FACE_BOUND('',#4356,.T.);
#4747=FACE_BOUND('',#4357,.T.);
#4748=FACE_BOUND('',#4358,.T.);
#4749=FACE_BOUND('',#4359,.T.);
#4750=FACE_BOUND('',#4360,.T.);
#4751=FACE_BOUND('',#4361,.T.);
#4752=FACE_BOUND('',#4362,.T.);
#4753=FACE_BOUND('',#4363,.T.);
#4754=FACE_BOUND('',#4364,.T.);
#4755=FACE_BOUND('',#4365,.T.);
#4756=FACE_BOUND('',#4366,.T.);
#4757=FACE_BOUND('',#4367,.T.);
#4758=FACE_BOUND('',#4368,.T.);
#4759=FACE_BOUND('',#4369,.T.);
#4760=FACE_BOUND('',#4370,.T.);
#4761=FACE_BOUND('',#4371,.T.);
#4762=FACE_BOUND('',#4372,.T.);
#4763=FACE_BOUND('',#4373,.T.);
#4764=FACE_BOUND('',#4374,.T.);
#4765=FACE_BOUND('',#4375,.T.);
#4766=FACE_BOUND('',#4376,.T.);
#4767=FACE_BOUND('',#4377,.T.);
#4768=FACE_BOUND('',#4378,.T.);
#4769=FACE_BOUND('',#4379,.T.);
#4770=FACE_BOUND('',#4380,.T.);
#4771=FACE_BOUND('',#4381,.T.);
#4772=FACE_BOUND('',#4382,.T.);
#4773=FACE_BOUND('',#4383,.T.);
#4774=FACE_BOUND('',#4384,.T.);
#4775=FACE_BOUND('',#4385,.T.);
#4776=FACE_BOUND('',#4386,.T.);
#4777=FACE_BOUND('',#4387,.T.);
#4778=FACE_BOUND('',#4388,.T.);
#4779=FACE_BOUND('',#4389,.T.);
#4780=FACE_BOUND('',#4390,.T.);
#4781=FACE_BOUND('',#4391,.T.);
#4782=FACE_BOUND('',#4392,.T.);
#4783=FACE_BOUND('',#4393,.T.);
#4784=FACE_BOUND('',#4394,.T.);
#4785=FACE_BOUND('',#4395,.T.);
#4786=FACE_BOUND('',#4396,.T.);
#4787=FACE_BOUND('',#4397,.T.);
#4788=FACE_BOUND('',#4398,.T.);
#4789=FACE_BOUND('',#4399,.T.);
#4790=FACE_BOUND('',#4400,.T.);
#4791=FACE_BOUND('',#4401,.T.);
#4792=FACE_BOUND('',#4402,.T.);
#4793=FACE_BOUND('',#4403,.T.);
#4794=FACE_BOUND('',#4404,.T.);
#4795=FACE_BOUND('',#4405,.T.);
#4796=FACE_BOUND('',#4406,.T.);
#4797=FACE_BOUND('',#4407,.T.);
#4798=FACE_BOUND('',#4408,.T.);
#4799=FACE_BOUND('',#4409,.T.);
#4800=FACE_BOUND('',#4410,.T.);
#4801=FACE_BOUND('',#4411,.T.);
#4802=FACE_BOUND('',#4412,.T.);
#4803=FACE_BOUND('',#4413,.T.);
#4804=FACE_BOUND('',#4414,.T.);
#4805=FACE_BOUND('',#4415,.T.);
#4806=FACE_BOUND('',#4416,.T.);
#4807=FACE_BOUND('',#4417,.T.);
#4808=FACE_BOUND('',#4418,.T.);
#4809=FACE_BOUND('',#4419,.T.);
#4810=FACE_BOUND('',#4420,.T.);
#4811=FACE_BOUND('',#4421,.T.);
#4812=FACE_BOUND('',#4422,.T.);
#4813=FACE_BOUND('',#4423,.T.);
#4814=FACE_BOUND('',#4424,.T.);
#4815=FACE_BOUND('',#4425,.T.);
#4816=FACE_BOUND('',#4426,.T.);
#4817=FACE_BOUND('',#4427,.T.);
#4818=FACE_BOUND('',#4428,.T.);
#4819=FACE_BOUND('',#4429,.T.);
#4820=FACE_BOUND('',#4430,.T.);
#4821=FACE_BOUND('',#4431,.T.);
#4822=FACE_BOUND('',#4432,.T.);
#4823=FACE_BOUND('',#4433,.T.);
#4824=FACE_BOUND('',#4434,.T.);
#4825=FACE_BOUND('',#4435,.T.);
#4826=FACE_BOUND('',#4436,.T.);
#4827=FACE_BOUND('',#4437,.T.);
#4828=FACE_BOUND('',#4438,.T.);
#4829=FACE_BOUND('',#4439,.T.);
#4830=FACE_BOUND('',#4440,.T.);
#4831=FACE_BOUND('',#4441,.T.);
#4832=FACE_BOUND('',#4442,.T.);
#4833=FACE_BOUND('',#4443,.T.);
#4834=FACE_BOUND('',#4444,.T.);
#4835=FACE_BOUND('',#4445,.T.);
#4836=FACE_BOUND('',#4446,.T.);
#4837=FACE_BOUND('',#4447,.T.);
#4838=FACE_BOUND('',#4448,.T.);
#4839=FACE_BOUND('',#4449,.T.);
#4840=FACE_BOUND('',#4450,.T.);
#4841=FACE_BOUND('',#4451,.T.);
#4842=FACE_BOUND('',#4452,.T.);
#4843=FACE_BOUND('',#4453,.T.);
#4844=FACE_BOUND('',#4454,.T.);
#4845=FACE_BOUND('',#4455,.T.);
#4846=FACE_BOUND('',#4456,.T.);
#4847=FACE_BOUND('',#4457,.T.);
#4848=FACE_BOUND('',#4458,.T.);
#4849=FACE_BOUND('',#4459,.T.);
#4850=FACE_BOUND('',#4460,.T.);
#4851=FACE_BOUND('',#4461,.T.);
#4852=FACE_BOUND('',#4462,.T.);
#4853=FACE_BOUND('',#4463,.T.);
#4854=FACE_BOUND('',#4464,.T.);
#4855=FACE_BOUND('',#4465,.T.);
#4856=FACE_BOUND('',#4466,.T.);
#4857=FACE_BOUND('',#4467,.T.);
#4858=FACE_BOUND('',#4468,.T.);
#4859=FACE_BOUND('',#4469,.T.);
#4860=FACE_BOUND('',#4470,.T.);
#4861=FACE_BOUND('',#4471,.T.);
#4862=FACE_BOUND('',#4472,.T.);
#4863=FACE_BOUND('',#4473,.T.);
#4864=FACE_BOUND('',#4474,.T.);
#4865=FACE_BOUND('',#4475,.T.);
#4866=FACE_BOUND('',#4476,.T.);
#4867=FACE_BOUND('',#4477,.T.);
#4868=FACE_BOUND('',#4478,.T.);
#4869=FACE_BOUND('',#4479,.T.);
#4870=FACE_BOUND('',#4480,.T.);
#4871=FACE_BOUND('',#4481,.T.);
#4872=FACE_BOUND('',#4482,.T.);
#4873=FACE_BOUND('',#4483,.T.);
#4874=FACE_BOUND('',#4484,.T.);
#4875=FACE_BOUND('',#4485,.T.);
#4876=FACE_BOUND('',#4486,.T.);
#4877=FACE_BOUND('',#4487,.T.);
#4878=FACE_BOUND('',#4488,.T.);
#4879=FACE_BOUND('',#4489,.T.);
#4880=FACE_BOUND('',#4490,.T.);
#4881=FACE_BOUND('',#4491,.T.);
#4882=FACE_BOUND('',#4492,.T.);
#4883=FACE_BOUND('',#4493,.T.);
#4884=FACE_BOUND('',#4494,.T.);
#4885=FACE_BOUND('',#4495,.T.);
#4886=FACE_BOUND('',#4496,.T.);
#4887=FACE_BOUND('',#4497,.T.);
#4888=FACE_BOUND('',#4498,.T.);
#4889=FACE_BOUND('',#4499,.T.);
#4890=FACE_BOUND('',#4500,.T.);
#4891=FACE_BOUND('',#4501,.T.);
#4892=FACE_BOUND('',#4502,.T.);
#4893=FACE_BOUND('',#4503,.T.);
#4894=FACE_BOUND('',#4504,.T.);
#4895=FACE_BOUND('',#4505,.T.);
#4896=FACE_BOUND('',#4506,.T.);
#4897=FACE_BOUND('',#4507,.T.);
#4898=FACE_BOUND('',#4508,.T.);
#4899=FACE_BOUND('',#4509,.T.);
#4900=FACE_BOUND('',#4510,.T.);
#4901=FACE_BOUND('',#4511,.T.);
#4902=FACE_BOUND('',#4512,.T.);
#4903=FACE_BOUND('',#4513,.T.);
#4904=FACE_BOUND('',#4514,.T.);
#4905=FACE_BOUND('',#4515,.T.);
#4906=FACE_BOUND('',#4516,.T.);
#4907=FACE_BOUND('',#4517,.T.);
#4908=FACE_BOUND('',#4518,.T.);
#4909=FACE_BOUND('',#4519,.T.);
#4910=FACE_BOUND('',#4520,.T.);
#4911=FACE_BOUND('',#4521,.T.);
#4912=FACE_BOUND('',#4522,.T.);
#4913=FACE_BOUND('',#4523,.T.);
#4914=FACE_BOUND('',#4524,.T.);
#4915=FACE_BOUND('',#4525,.T.);
#4916=FACE_BOUND('',#4526,.T.);
#4917=FACE_BOUND('',#4527,.T.);
#4918=FACE_BOUND('',#4528,.T.);
#4919=FACE_BOUND('',#4529,.T.);
#4920=FACE_BOUND('',#4530,.T.);
#4921=FACE_BOUND('',#4531,.T.);
#4922=FACE_BOUND('',#4532,.T.);
#4923=FACE_BOUND('',#4533,.T.);
#4924=FACE_BOUND('',#4534,.T.);
#4925=FACE_BOUND('',#4535,.T.);
#4926=FACE_BOUND('',#4536,.T.);
#4927=FACE_BOUND('',#4537,.T.);
#4928=FACE_BOUND('',#4538,.T.);
#4929=FACE_BOUND('',#4539,.T.);
#4930=FACE_BOUND('',#4540,.T.);
#4931=FACE_BOUND('',#4541,.T.);
#4932=FACE_BOUND('',#4542,.T.);
#4933=FACE_BOUND('',#4543,.T.);
#4934=FACE_BOUND('',#4544,.T.);
#4935=FACE_BOUND('',#4545,.T.);
#4936=FACE_BOUND('',#4546,.T.);
#4937=FACE_BOUND('',#4547,.T.);
#4938=FACE_BOUND('',#4548,.T.);
#4939=FACE_BOUND('',#4549,.T.);
#4940=FACE_BOUND('',#4550,.T.);
#4941=FACE_BOUND('',#4551,.T.);
#4942=FACE_BOUND('',#4552,.T.);
#4943=FACE_BOUND('',#4553,.T.);
#4944=FACE_BOUND('',#4554,.T.);
#4945=FACE_BOUND('',#4555,.T.);
#4946=FACE_BOUND('',#4556,.T.);
#4947=FACE_BOUND('',#4557,.T.);
#4948=FACE_BOUND('',#4558,.T.);
#4949=FACE_BOUND('',#4559,.T.);
#4950=FACE_BOUND('',#4560,.T.);
#4951=FACE_BOUND('',#4561,.T.);
#4952=FACE_BOUND('',#4562,.T.);
#4953=FACE_BOUND('',#4563,.T.);
#4954=FACE_BOUND('',#4564,.T.);
#4955=FACE_BOUND('',#4565,.T.);
#4956=FACE_BOUND('',#4566,.T.);
#4957=FACE_BOUND('',#4567,.T.);
#4958=FACE_BOUND('',#4568,.T.);
#4959=FACE_BOUND('',#4569,.T.);
#4960=FACE_BOUND('',#4570,.T.);
#4961=FACE_BOUND('',#4571,.T.);
#4962=FACE_BOUND('',#4572,.T.);
#4963=FACE_BOUND('',#4573,.T.);
#4964=FACE_BOUND('',#4574,.T.);
#4965=FACE_BOUND('',#4575,.T.);
#4966=FACE_BOUND('',#4576,.T.);
#4967=FACE_BOUND('',#4577,.T.);
#4968=FACE_BOUND('',#4578,.T.);
#4969=FACE_BOUND('',#4579,.T.);
#4970=FACE_BOUND('',#4580,.T.);
#4971=FACE_BOUND('',#4581,.T.);
#4972=FACE_BOUND('',#4582,.T.);
#4973=FACE_BOUND('',#4583,.T.);
#4974=FACE_BOUND('',#4584,.T.);
#4975=FACE_BOUND('',#4585,.T.);
#4976=FACE_BOUND('',#4586,.T.);
#4977=FACE_BOUND('',#4587,.T.);
#4978=FACE_BOUND('',#4588,.T.);
#4979=FACE_BOUND('',#4589,.T.);
#4980=FACE_BOUND('',#4590,.T.);
#4981=FACE_BOUND('',#4591,.T.);
#4982=FACE_BOUND('',#4592,.T.);
#4983=FACE_BOUND('',#4593,.T.);
#4984=FACE_BOUND('',#4594,.T.);
#4985=FACE_BOUND('',#4595,.T.);
#4986=FACE_BOUND('',#4596,.T.);
#4987=FACE_BOUND('',#4597,.T.);
#4988=FACE_BOUND('',#4598,.T.);
#4989=FACE_BOUND('',#4599,.T.);
#4990=FACE_BOUND('',#4600,.T.);
#4991=FACE_BOUND('',#4601,.T.);
#4992=FACE_BOUND('',#4602,.T.);
#4993=FACE_BOUND('',#4603,.T.);
#4994=FACE_BOUND('',#4604,.T.);
#4995=FACE_BOUND('',#4605,.T.);
#4996=FACE_BOUND('',#4606,.T.);
#4997=FACE_BOUND('',#4607,.T.);
#4998=FACE_BOUND('',#4608,.T.);
#4999=FACE_BOUND('',#4609,.T.);
#5000=FACE_BOUND('',#4610,.T.);
#5001=FACE_BOUND('',#4611,.T.);
#5002=FACE_BOUND('',#4612,.T.);
#5003=FACE_BOUND('',#4613,.T.);
#5004=FACE_BOUND('',#4614,.T.);
#5005=FACE_BOUND('',#4615,.T.);
#5006=FACE_BOUND('',#4616,.T.);
#5007=FACE_BOUND('',#4617,.T.);
#5008=FACE_BOUND('',#4618,.T.);
#5009=FACE_BOUND('',#4619,.T.);
#5010=FACE_BOUND('',#4620,.T.);
#5011=FACE_BOUND('',#4621,.T.);
#5012=FACE_BOUND('',#4622,.T.);
#5013=FACE_BOUND('',#4623,.T.);
#5014=FACE_BOUND('',#4624,.T.);
#5015=FACE_BOUND('',#4625,.T.);
#5016=FACE_BOUND('',#4626,.T.);
#5017=FACE_BOUND('',#4627,.T.);
#5018=FACE_BOUND('',#4628,.T.);
#5019=FACE_BOUND('',#4629,.T.);
#5020=FACE_BOUND('',#4630,.T.);
#5021=FACE_BOUND('',#4631,.T.);
#5022=FACE_BOUND('',#4632,.T.);
#5023=FACE_BOUND('',#4633,.T.);
#5024=FACE_BOUND('',#4634,.T.);
#5025=FACE_BOUND('',#4635,.T.);
#5026=FACE_BOUND('',#4636,.T.);
#5027=FACE_BOUND('',#4637,.T.);
#5028=FACE_BOUND('',#4638,.T.);
#5029=FACE_BOUND('',#4639,.T.);
#5030=FACE_BOUND('',#4640,.T.);
#5031=FACE_BOUND('',#4641,.T.);
#5032=FACE_BOUND('',#4642,.T.);
#5033=FACE_BOUND('',#4643,.T.);
#5034=FACE_BOUND('',#4644,.T.);
#5035=FACE_BOUND('',#4645,.T.);
#5036=FACE_BOUND('',#4646,.T.);
#5037=FACE_BOUND('',#4647,.T.);
#5038=FACE_BOUND('',#4648,.T.);
#5039=FACE_BOUND('',#4649,.T.);
#5040=FACE_BOUND('',#4650,.T.);
#5041=FACE_BOUND('',#4651,.T.);
#5042=FACE_BOUND('',#4652,.T.);
#5043=FACE_BOUND('',#4653,.T.);
#5044=FACE_BOUND('',#4654,.T.);
#5045=FACE_BOUND('',#4655,.T.);
#5046=FACE_BOUND('',#4656,.T.);
#5047=FACE_BOUND('',#4657,.T.);
#5048=FACE_BOUND('',#4658,.T.);
#5049=FACE_BOUND('',#4659,.T.);
#5050=FACE_BOUND('',#4660,.T.);
#5051=FACE_BOUND('',#4661,.T.);
#5052=FACE_BOUND('',#4662,.T.);
#5053=FACE_BOUND('',#4663,.T.);
#5054=FACE_BOUND('',#4664,.T.);
#5055=FACE_BOUND('',#4665,.T.);
#5056=FACE_BOUND('',#4666,.T.);
#5057=FACE_BOUND('',#4667,.T.);
#5058=FACE_BOUND('',#4668,.T.);
#5059=FACE_BOUND('',#4669,.T.);
#5060=FACE_BOUND('',#4670,.T.);
#5061=FACE_BOUND('',#4671,.T.);
#5062=FACE_BOUND('',#4672,.T.);
#5063=FACE_BOUND('',#4673,.T.);
#5064=FACE_BOUND('',#4674,.T.);
#5065=FACE_BOUND('',#4675,.T.);
#5066=FACE_BOUND('',#4676,.T.);
#5067=FACE_BOUND('',#4677,.T.);
#5068=FACE_BOUND('',#4678,.T.);
#5069=FACE_BOUND('',#4679,.T.);
#5070=FACE_BOUND('',#4680,.T.);
#5071=FACE_BOUND('',#4681,.T.);
#5072=FACE_BOUND('',#4682,.T.);
#5073=FACE_BOUND('',#4683,.T.);
#5074=FACE_BOUND('',#4684,.T.);
#5075=FACE_BOUND('',#4685,.T.);
#5076=FACE_BOUND('',#4686,.T.);
#5077=FACE_BOUND('',#4687,.T.);
#5078=FACE_BOUND('',#4688,.T.);
#5079=FACE_BOUND('',#4689,.T.);
#5080=FACE_BOUND('',#4690,.T.);
#5081=FACE_BOUND('',#4691,.T.);
#5082=FACE_BOUND('',#4692,.T.);
#5083=FACE_BOUND('',#4693,.T.);
#5084=FACE_BOUND('',#4694,.T.);
#5085=FACE_BOUND('',#4695,.T.);
#5086=FACE_BOUND('',#4696,.T.);
#5087=FACE_BOUND('',#4697,.T.);
#5088=FACE_BOUND('',#4698,.T.);
#5089=FACE_BOUND('',#4699,.T.);
#5090=FACE_BOUND('',#4700,.T.);
#5091=FACE_BOUND('',#4701,.T.);
#5092=FACE_BOUND('',#4702,.T.);
#5093=FACE_BOUND('',#4703,.T.);
#5094=FACE_BOUND('',#4704,.T.);
#5095=FACE_BOUND('',#4705,.T.);
#5096=FACE_BOUND('',#4706,.T.);
#5097=FACE_BOUND('',#4707,.T.);
#5098=FACE_BOUND('',#4708,.T.);
#5099=FACE_BOUND('',#4709,.T.);
#5100=FACE_BOUND('',#4710,.T.);
#5101=FACE_BOUND('',#4711,.T.);
#5102=FACE_BOUND('',#4712,.T.);
#5103=FACE_BOUND('',#4713,.T.);
#5104=FACE_BOUND('',#4714,.T.);
#5105=FACE_BOUND('',#4715,.T.);
#5106=FACE_BOUND('',#4716,.T.);
#5107=FACE_BOUND('',#4717,.T.);
#5108=CYLINDRICAL_SURFACE('',#5558,3.);
#5109=CYLINDRICAL_SURFACE('',#5565,1.6);
#5110=CYLINDRICAL_SURFACE('',#5567,3.5);
#5111=CYLINDRICAL_SURFACE('',#5571,3.5);
#5112=CYLINDRICAL_SURFACE('',#5598,1.65);
#5113=CYLINDRICAL_SURFACE('',#5601,1.65);
#5114=CYLINDRICAL_SURFACE('',#5603,4.);
#5115=CYLINDRICAL_SURFACE('',#5607,4.);
#5116=CYLINDRICAL_SURFACE('',#5616,2.);
#5117=CYLINDRICAL_SURFACE('',#5618,2.);
#5118=CYLINDRICAL_SURFACE('',#5624,1.375);
#5119=CYLINDRICAL_SURFACE('',#5629,1.75);
#5120=CYLINDRICAL_SURFACE('',#5634,1.25);
#5121=CYLINDRICAL_SURFACE('',#5635,1.25);
#5122=CYLINDRICAL_SURFACE('',#5636,1.25);
#5123=CYLINDRICAL_SURFACE('',#5637,1.25);
#5124=CYLINDRICAL_SURFACE('',#5640,0.8);
#5125=CYLINDRICAL_SURFACE('',#5643,0.8);
#5126=CYLINDRICAL_SURFACE('',#5646,0.8);
#5127=CYLINDRICAL_SURFACE('',#5649,1.25);
#5128=CYLINDRICAL_SURFACE('',#5652,1.25);
#5129=CYLINDRICAL_SURFACE('',#5700,0.5);
#5130=CYLINDRICAL_SURFACE('',#5701,0.5);
#5131=CYLINDRICAL_SURFACE('',#5702,0.5);
#5132=CYLINDRICAL_SURFACE('',#5703,0.5);
#5133=CYLINDRICAL_SURFACE('',#5704,1.45);
#5134=CYLINDRICAL_SURFACE('',#5712,0.8);
#5135=CYLINDRICAL_SURFACE('',#5715,0.8);
#5136=CYLINDRICAL_SURFACE('',#5718,0.8);
#5137=CYLINDRICAL_SURFACE('',#5721,1.25);
#5138=CYLINDRICAL_SURFACE('',#5724,1.25);
#5139=CYLINDRICAL_SURFACE('',#5772,0.5);
#5140=CYLINDRICAL_SURFACE('',#5773,0.5);
#5141=CYLINDRICAL_SURFACE('',#5774,0.5);
#5142=CYLINDRICAL_SURFACE('',#5775,0.5);
#5143=CYLINDRICAL_SURFACE('',#5776,1.45);
#5144=CYLINDRICAL_SURFACE('',#5784,3.5);
#5145=CYLINDRICAL_SURFACE('',#5788,3.5);
#5146=CYLINDRICAL_SURFACE('',#5815,1.65);
#5147=CYLINDRICAL_SURFACE('',#5818,1.65);
#5148=CYLINDRICAL_SURFACE('',#5820,4.);
#5149=CYLINDRICAL_SURFACE('',#5824,4.);
#5150=CYLINDRICAL_SURFACE('',#5833,2.);
#5151=CYLINDRICAL_SURFACE('',#5835,2.);
#5152=CYLINDRICAL_SURFACE('',#5841,1.375);
#5153=CYLINDRICAL_SURFACE('',#5846,1.75);
#5154=CYLINDRICAL_SURFACE('',#5851,1.25);
#5155=CYLINDRICAL_SURFACE('',#5852,1.25);
#5156=CYLINDRICAL_SURFACE('',#5853,1.25);
#5157=CYLINDRICAL_SURFACE('',#5854,1.25);
#5158=CYLINDRICAL_SURFACE('',#5857,0.8);
#5159=CYLINDRICAL_SURFACE('',#5860,0.8);
#5160=CYLINDRICAL_SURFACE('',#5863,0.8);
#5161=CYLINDRICAL_SURFACE('',#5866,1.25);
#5162=CYLINDRICAL_SURFACE('',#5869,1.25);
#5163=CYLINDRICAL_SURFACE('',#5917,0.5);
#5164=CYLINDRICAL_SURFACE('',#5918,0.5);
#5165=CYLINDRICAL_SURFACE('',#5919,0.5);
#5166=CYLINDRICAL_SURFACE('',#5920,0.5);
#5167=CYLINDRICAL_SURFACE('',#5921,1.45);
#5168=CYLINDRICAL_SURFACE('',#5929,0.8);
#5169=CYLINDRICAL_SURFACE('',#5932,0.8);
#5170=CYLINDRICAL_SURFACE('',#5935,0.8);
#5171=CYLINDRICAL_SURFACE('',#5938,1.25);
#5172=CYLINDRICAL_SURFACE('',#5941,1.25);
#5173=CYLINDRICAL_SURFACE('',#5989,0.5);
#5174=CYLINDRICAL_SURFACE('',#5990,0.5);
#5175=CYLINDRICAL_SURFACE('',#5991,0.5);
#5176=CYLINDRICAL_SURFACE('',#5992,0.5);
#5177=CYLINDRICAL_SURFACE('',#5993,1.45);
#5178=CYLINDRICAL_SURFACE('',#6001,3.);
#5179=CYLINDRICAL_SURFACE('',#6008,1.6);
#5180=ADVANCED_FACE('',(#4718,#4719),#5108,.T.);
#5181=ADVANCED_FACE('',(#4720,#4721),#1224,.T.);
#5182=ADVANCED_FACE('',(#4722,#4723),#1225,.F.);
#5183=ADVANCED_FACE('',(#4724,#4725),#5109,.F.);
#5184=ADVANCED_FACE('',(#4726),#5110,.F.);
#5185=ADVANCED_FACE('',(#4727),#5111,.F.);
#5186=ADVANCED_FACE('',(#4728),#1226,.T.);
#5187=ADVANCED_FACE('',(#4729),#1227,.T.);
#5188=ADVANCED_FACE('',(#4730,#4731,#4732,#4733,#4734,#4735,#4736),#1228,
 .F.);
#5189=ADVANCED_FACE('',(#4737,#4738,#4739,#4740,#4741,#4742,#4743),#1229,
 .T.);
#5190=ADVANCED_FACE('',(#4744),#1230,.T.);
#5191=ADVANCED_FACE('',(#4745),#18,.F.);
#5192=ADVANCED_FACE('',(#4746),#5112,.F.);
#5193=ADVANCED_FACE('',(#4747),#19,.F.);
#5194=ADVANCED_FACE('',(#4748),#5113,.F.);
#5195=ADVANCED_FACE('',(#4749),#1231,.T.);
#5196=ADVANCED_FACE('',(#4750),#5114,.T.);
#5197=ADVANCED_FACE('',(#4751),#1232,.T.);
#5198=ADVANCED_FACE('',(#4752),#1233,.T.);
#5199=ADVANCED_FACE('',(#4753),#1234,.T.);
#5200=ADVANCED_FACE('',(#4754),#5115,.T.);
#5201=ADVANCED_FACE('',(#4755),#1235,.T.);
#5202=ADVANCED_FACE('',(#4756),#1236,.T.);
#5203=ADVANCED_FACE('',(#4757),#1237,.T.);
#5204=ADVANCED_FACE('',(#4758,#4759),#1238,.T.);
#5205=ADVANCED_FACE('',(#4760),#20,.F.);
#5206=ADVANCED_FACE('',(#4761),#5116,.F.);
#5207=ADVANCED_FACE('',(#4762),#5117,.F.);
#5208=ADVANCED_FACE('',(#4763),#21,.F.);
#5209=ADVANCED_FACE('',(#4764),#5118,.F.);
#5210=ADVANCED_FACE('',(#4765,#4766,#4767,#4768),#1239,.F.);
#5211=ADVANCED_FACE('',(#4769),#22,.F.);
#5212=ADVANCED_FACE('',(#4770),#5119,.F.);
#5213=ADVANCED_FACE('',(#4771),#1240,.T.);
#5214=ADVANCED_FACE('',(#4772,#4773),#1241,.F.);
#5215=ADVANCED_FACE('',(#4774),#1242,.T.);
#5216=ADVANCED_FACE('',(#4775),#5120,.F.);
#5217=ADVANCED_FACE('',(#4776),#5121,.F.);
#5218=ADVANCED_FACE('',(#4777),#5122,.F.);
#5219=ADVANCED_FACE('',(#4778),#5123,.F.);
#5220=ADVANCED_FACE('',(#4779,#4780,#4781,#4782),#1243,.T.);
#5221=ADVANCED_FACE('',(#4783),#5124,.F.);
#5222=ADVANCED_FACE('',(#4784),#5125,.F.);
#5223=ADVANCED_FACE('',(#4785),#5126,.F.);
#5224=ADVANCED_FACE('',(#4786),#5127,.F.);
#5225=ADVANCED_FACE('',(#4787),#5128,.F.);
#5226=ADVANCED_FACE('',(#4788,#4789),#1244,.T.);
#5227=ADVANCED_FACE('',(#4790,#4791),#1245,.F.);
#5228=ADVANCED_FACE('',(#4792,#4793),#1246,.F.);
#5229=ADVANCED_FACE('',(#4794,#4795),#1247,.F.);
#5230=ADVANCED_FACE('',(#4796),#1248,.F.);
#5231=ADVANCED_FACE('',(#4797),#1249,.F.);
#5232=ADVANCED_FACE('',(#4798),#1250,.F.);
#5233=ADVANCED_FACE('',(#4799,#4800,#4801),#1251,.T.);
#5234=ADVANCED_FACE('',(#4802,#4803,#4804),#1252,.F.);
#5235=ADVANCED_FACE('',(#4805),#1253,.T.);
#5236=ADVANCED_FACE('',(#4806),#1254,.T.);
#5237=ADVANCED_FACE('',(#4807),#1255,.F.);
#5238=ADVANCED_FACE('',(#4808),#1256,.F.);
#5239=ADVANCED_FACE('',(#4809),#1257,.T.);
#5240=ADVANCED_FACE('',(#4810),#1258,.F.);
#5241=ADVANCED_FACE('',(#4811),#1259,.T.);
#5242=ADVANCED_FACE('',(#4812,#4813),#1260,.F.);
#5243=ADVANCED_FACE('',(#4814),#1261,.F.);
#5244=ADVANCED_FACE('',(#4815,#4816),#1262,.F.);
#5245=ADVANCED_FACE('',(#4817),#1263,.F.);
#5246=ADVANCED_FACE('',(#4818),#1264,.F.);
#5247=ADVANCED_FACE('',(#4819,#4820),#1265,.F.);
#5248=ADVANCED_FACE('',(#4821),#1266,.F.);
#5249=ADVANCED_FACE('',(#4822,#4823),#1267,.F.);
#5250=ADVANCED_FACE('',(#4824),#1268,.F.);
#5251=ADVANCED_FACE('',(#4825),#1269,.F.);
#5252=ADVANCED_FACE('',(#4826,#4827),#1270,.F.);
#5253=ADVANCED_FACE('',(#4828),#1271,.F.);
#5254=ADVANCED_FACE('',(#4829,#4830),#1272,.F.);
#5255=ADVANCED_FACE('',(#4831),#1273,.F.);
#5256=ADVANCED_FACE('',(#4832),#1274,.F.);
#5257=ADVANCED_FACE('',(#4833),#1275,.F.);
#5258=ADVANCED_FACE('',(#4834),#1276,.F.);
#5259=ADVANCED_FACE('',(#4835),#1277,.F.);
#5260=ADVANCED_FACE('',(#4836),#1278,.F.);
#5261=ADVANCED_FACE('',(#4837),#1279,.F.);
#5262=ADVANCED_FACE('',(#4838),#1280,.F.);
#5263=ADVANCED_FACE('',(#4839),#5129,.T.);
#5264=ADVANCED_FACE('',(#4840),#5130,.T.);
#5265=ADVANCED_FACE('',(#4841),#5131,.T.);
#5266=ADVANCED_FACE('',(#4842),#5132,.T.);
#5267=ADVANCED_FACE('',(#4843),#5133,.T.);
#5268=ADVANCED_FACE('',(#4844),#1281,.T.);
#5269=ADVANCED_FACE('',(#4845),#1282,.F.);
#5270=ADVANCED_FACE('',(#4846),#1283,.T.);
#5271=ADVANCED_FACE('',(#4847),#1284,.F.);
#5272=ADVANCED_FACE('',(#4848),#5134,.F.);
#5273=ADVANCED_FACE('',(#4849),#5135,.F.);
#5274=ADVANCED_FACE('',(#4850),#5136,.F.);
#5275=ADVANCED_FACE('',(#4851),#5137,.F.);
#5276=ADVANCED_FACE('',(#4852),#5138,.F.);
#5277=ADVANCED_FACE('',(#4853,#4854),#1285,.T.);
#5278=ADVANCED_FACE('',(#4855,#4856),#1286,.F.);
#5279=ADVANCED_FACE('',(#4857,#4858),#1287,.F.);
#5280=ADVANCED_FACE('',(#4859,#4860),#1288,.F.);
#5281=ADVANCED_FACE('',(#4861),#1289,.F.);
#5282=ADVANCED_FACE('',(#4862),#1290,.F.);
#5283=ADVANCED_FACE('',(#4863),#1291,.F.);
#5284=ADVANCED_FACE('',(#4864,#4865,#4866),#1292,.T.);
#5285=ADVANCED_FACE('',(#4867,#4868,#4869),#1293,.F.);
#5286=ADVANCED_FACE('',(#4870),#1294,.T.);
#5287=ADVANCED_FACE('',(#4871),#1295,.T.);
#5288=ADVANCED_FACE('',(#4872),#1296,.F.);
#5289=ADVANCED_FACE('',(#4873),#1297,.F.);
#5290=ADVANCED_FACE('',(#4874),#1298,.T.);
#5291=ADVANCED_FACE('',(#4875),#1299,.F.);
#5292=ADVANCED_FACE('',(#4876),#1300,.T.);
#5293=ADVANCED_FACE('',(#4877,#4878),#1301,.F.);
#5294=ADVANCED_FACE('',(#4879),#1302,.F.);
#5295=ADVANCED_FACE('',(#4880,#4881),#1303,.F.);
#5296=ADVANCED_FACE('',(#4882),#1304,.F.);
#5297=ADVANCED_FACE('',(#4883),#1305,.F.);
#5298=ADVANCED_FACE('',(#4884,#4885),#1306,.F.);
#5299=ADVANCED_FACE('',(#4886),#1307,.F.);
#5300=ADVANCED_FACE('',(#4887,#4888),#1308,.F.);
#5301=ADVANCED_FACE('',(#4889),#1309,.F.);
#5302=ADVANCED_FACE('',(#4890),#1310,.F.);
#5303=ADVANCED_FACE('',(#4891,#4892),#1311,.F.);
#5304=ADVANCED_FACE('',(#4893),#1312,.F.);
#5305=ADVANCED_FACE('',(#4894,#4895),#1313,.F.);
#5306=ADVANCED_FACE('',(#4896),#1314,.F.);
#5307=ADVANCED_FACE('',(#4897),#1315,.F.);
#5308=ADVANCED_FACE('',(#4898),#1316,.F.);
#5309=ADVANCED_FACE('',(#4899),#1317,.F.);
#5310=ADVANCED_FACE('',(#4900),#1318,.F.);
#5311=ADVANCED_FACE('',(#4901),#1319,.F.);
#5312=ADVANCED_FACE('',(#4902),#1320,.F.);
#5313=ADVANCED_FACE('',(#4903),#1321,.F.);
#5314=ADVANCED_FACE('',(#4904),#5139,.T.);
#5315=ADVANCED_FACE('',(#4905),#5140,.T.);
#5316=ADVANCED_FACE('',(#4906),#5141,.T.);
#5317=ADVANCED_FACE('',(#4907),#5142,.T.);
#5318=ADVANCED_FACE('',(#4908),#5143,.T.);
#5319=ADVANCED_FACE('',(#4909),#1322,.T.);
#5320=ADVANCED_FACE('',(#4910),#1323,.F.);
#5321=ADVANCED_FACE('',(#4911),#1324,.T.);
#5322=ADVANCED_FACE('',(#4912),#1325,.F.);
#5323=ADVANCED_FACE('',(#4913),#5144,.F.);
#5324=ADVANCED_FACE('',(#4914),#5145,.F.);
#5325=ADVANCED_FACE('',(#4915),#1326,.T.);
#5326=ADVANCED_FACE('',(#4916),#1327,.T.);
#5327=ADVANCED_FACE('',(#4917,#4918,#4919,#4920,#4921,#4922,#4923),#1328,
 .F.);
#5328=ADVANCED_FACE('',(#4924,#4925,#4926,#4927,#4928,#4929,#4930),#1329,
 .T.);
#5329=ADVANCED_FACE('',(#4931),#1330,.T.);
#5330=ADVANCED_FACE('',(#4932),#23,.F.);
#5331=ADVANCED_FACE('',(#4933),#5146,.F.);
#5332=ADVANCED_FACE('',(#4934),#24,.F.);
#5333=ADVANCED_FACE('',(#4935),#5147,.F.);
#5334=ADVANCED_FACE('',(#4936),#1331,.T.);
#5335=ADVANCED_FACE('',(#4937),#5148,.T.);
#5336=ADVANCED_FACE('',(#4938),#1332,.T.);
#5337=ADVANCED_FACE('',(#4939),#1333,.T.);
#5338=ADVANCED_FACE('',(#4940),#1334,.T.);
#5339=ADVANCED_FACE('',(#4941),#5149,.T.);
#5340=ADVANCED_FACE('',(#4942),#1335,.T.);
#5341=ADVANCED_FACE('',(#4943),#1336,.T.);
#5342=ADVANCED_FACE('',(#4944),#1337,.T.);
#5343=ADVANCED_FACE('',(#4945,#4946),#1338,.T.);
#5344=ADVANCED_FACE('',(#4947),#25,.F.);
#5345=ADVANCED_FACE('',(#4948),#5150,.F.);
#5346=ADVANCED_FACE('',(#4949),#5151,.F.);
#5347=ADVANCED_FACE('',(#4950),#26,.F.);
#5348=ADVANCED_FACE('',(#4951),#5152,.F.);
#5349=ADVANCED_FACE('',(#4952,#4953,#4954,#4955),#1339,.F.);
#5350=ADVANCED_FACE('',(#4956),#27,.F.);
#5351=ADVANCED_FACE('',(#4957),#5153,.F.);
#5352=ADVANCED_FACE('',(#4958),#1340,.T.);
#5353=ADVANCED_FACE('',(#4959,#4960),#1341,.F.);
#5354=ADVANCED_FACE('',(#4961),#1342,.T.);
#5355=ADVANCED_FACE('',(#4962),#5154,.F.);
#5356=ADVANCED_FACE('',(#4963),#5155,.F.);
#5357=ADVANCED_FACE('',(#4964),#5156,.F.);
#5358=ADVANCED_FACE('',(#4965),#5157,.F.);
#5359=ADVANCED_FACE('',(#4966,#4967,#4968,#4969),#1343,.T.);
#5360=ADVANCED_FACE('',(#4970),#5158,.F.);
#5361=ADVANCED_FACE('',(#4971),#5159,.F.);
#5362=ADVANCED_FACE('',(#4972),#5160,.F.);
#5363=ADVANCED_FACE('',(#4973),#5161,.F.);
#5364=ADVANCED_FACE('',(#4974),#5162,.F.);
#5365=ADVANCED_FACE('',(#4975,#4976),#1344,.T.);
#5366=ADVANCED_FACE('',(#4977,#4978),#1345,.F.);
#5367=ADVANCED_FACE('',(#4979,#4980),#1346,.F.);
#5368=ADVANCED_FACE('',(#4981,#4982),#1347,.F.);
#5369=ADVANCED_FACE('',(#4983),#1348,.F.);
#5370=ADVANCED_FACE('',(#4984),#1349,.F.);
#5371=ADVANCED_FACE('',(#4985),#1350,.F.);
#5372=ADVANCED_FACE('',(#4986,#4987,#4988),#1351,.T.);
#5373=ADVANCED_FACE('',(#4989,#4990,#4991),#1352,.F.);
#5374=ADVANCED_FACE('',(#4992),#1353,.T.);
#5375=ADVANCED_FACE('',(#4993),#1354,.T.);
#5376=ADVANCED_FACE('',(#4994),#1355,.F.);
#5377=ADVANCED_FACE('',(#4995),#1356,.F.);
#5378=ADVANCED_FACE('',(#4996),#1357,.T.);
#5379=ADVANCED_FACE('',(#4997),#1358,.F.);
#5380=ADVANCED_FACE('',(#4998),#1359,.T.);
#5381=ADVANCED_FACE('',(#4999,#5000),#1360,.F.);
#5382=ADVANCED_FACE('',(#5001),#1361,.F.);
#5383=ADVANCED_FACE('',(#5002,#5003),#1362,.F.);
#5384=ADVANCED_FACE('',(#5004),#1363,.F.);
#5385=ADVANCED_FACE('',(#5005),#1364,.F.);
#5386=ADVANCED_FACE('',(#5006,#5007),#1365,.F.);
#5387=ADVANCED_FACE('',(#5008),#1366,.F.);
#5388=ADVANCED_FACE('',(#5009,#5010),#1367,.F.);
#5389=ADVANCED_FACE('',(#5011),#1368,.F.);
#5390=ADVANCED_FACE('',(#5012),#1369,.F.);
#5391=ADVANCED_FACE('',(#5013,#5014),#1370,.F.);
#5392=ADVANCED_FACE('',(#5015),#1371,.F.);
#5393=ADVANCED_FACE('',(#5016,#5017),#1372,.F.);
#5394=ADVANCED_FACE('',(#5018),#1373,.F.);
#5395=ADVANCED_FACE('',(#5019),#1374,.F.);
#5396=ADVANCED_FACE('',(#5020),#1375,.F.);
#5397=ADVANCED_FACE('',(#5021),#1376,.F.);
#5398=ADVANCED_FACE('',(#5022),#1377,.F.);
#5399=ADVANCED_FACE('',(#5023),#1378,.F.);
#5400=ADVANCED_FACE('',(#5024),#1379,.F.);
#5401=ADVANCED_FACE('',(#5025),#1380,.F.);
#5402=ADVANCED_FACE('',(#5026),#5163,.T.);
#5403=ADVANCED_FACE('',(#5027),#5164,.T.);
#5404=ADVANCED_FACE('',(#5028),#5165,.T.);
#5405=ADVANCED_FACE('',(#5029),#5166,.T.);
#5406=ADVANCED_FACE('',(#5030),#5167,.T.);
#5407=ADVANCED_FACE('',(#5031),#1381,.T.);
#5408=ADVANCED_FACE('',(#5032),#1382,.F.);
#5409=ADVANCED_FACE('',(#5033),#1383,.T.);
#5410=ADVANCED_FACE('',(#5034),#1384,.F.);
#5411=ADVANCED_FACE('',(#5035),#5168,.F.);
#5412=ADVANCED_FACE('',(#5036),#5169,.F.);
#5413=ADVANCED_FACE('',(#5037),#5170,.F.);
#5414=ADVANCED_FACE('',(#5038),#5171,.F.);
#5415=ADVANCED_FACE('',(#5039),#5172,.F.);
#5416=ADVANCED_FACE('',(#5040,#5041),#1385,.T.);
#5417=ADVANCED_FACE('',(#5042,#5043),#1386,.F.);
#5418=ADVANCED_FACE('',(#5044,#5045),#1387,.F.);
#5419=ADVANCED_FACE('',(#5046,#5047),#1388,.F.);
#5420=ADVANCED_FACE('',(#5048),#1389,.F.);
#5421=ADVANCED_FACE('',(#5049),#1390,.F.);
#5422=ADVANCED_FACE('',(#5050),#1391,.F.);
#5423=ADVANCED_FACE('',(#5051,#5052,#5053),#1392,.T.);
#5424=ADVANCED_FACE('',(#5054,#5055,#5056),#1393,.F.);
#5425=ADVANCED_FACE('',(#5057),#1394,.T.);
#5426=ADVANCED_FACE('',(#5058),#1395,.T.);
#5427=ADVANCED_FACE('',(#5059),#1396,.F.);
#5428=ADVANCED_FACE('',(#5060),#1397,.F.);
#5429=ADVANCED_FACE('',(#5061),#1398,.T.);
#5430=ADVANCED_FACE('',(#5062),#1399,.F.);
#5431=ADVANCED_FACE('',(#5063),#1400,.T.);
#5432=ADVANCED_FACE('',(#5064,#5065),#1401,.F.);
#5433=ADVANCED_FACE('',(#5066),#1402,.F.);
#5434=ADVANCED_FACE('',(#5067,#5068),#1403,.F.);
#5435=ADVANCED_FACE('',(#5069),#1404,.F.);
#5436=ADVANCED_FACE('',(#5070),#1405,.F.);
#5437=ADVANCED_FACE('',(#5071,#5072),#1406,.F.);
#5438=ADVANCED_FACE('',(#5073),#1407,.F.);
#5439=ADVANCED_FACE('',(#5074,#5075),#1408,.F.);
#5440=ADVANCED_FACE('',(#5076),#1409,.F.);
#5441=ADVANCED_FACE('',(#5077),#1410,.F.);
#5442=ADVANCED_FACE('',(#5078,#5079),#1411,.F.);
#5443=ADVANCED_FACE('',(#5080),#1412,.F.);
#5444=ADVANCED_FACE('',(#5081,#5082),#1413,.F.);
#5445=ADVANCED_FACE('',(#5083),#1414,.F.);
#5446=ADVANCED_FACE('',(#5084),#1415,.F.);
#5447=ADVANCED_FACE('',(#5085),#1416,.F.);
#5448=ADVANCED_FACE('',(#5086),#1417,.F.);
#5449=ADVANCED_FACE('',(#5087),#1418,.F.);
#5450=ADVANCED_FACE('',(#5088),#1419,.F.);
#5451=ADVANCED_FACE('',(#5089),#1420,.F.);
#5452=ADVANCED_FACE('',(#5090),#1421,.F.);
#5453=ADVANCED_FACE('',(#5091),#5173,.T.);
#5454=ADVANCED_FACE('',(#5092),#5174,.T.);
#5455=ADVANCED_FACE('',(#5093),#5175,.T.);
#5456=ADVANCED_FACE('',(#5094),#5176,.T.);
#5457=ADVANCED_FACE('',(#5095),#5177,.T.);
#5458=ADVANCED_FACE('',(#5096),#1422,.T.);
#5459=ADVANCED_FACE('',(#5097),#1423,.F.);
#5460=ADVANCED_FACE('',(#5098),#1424,.T.);
#5461=ADVANCED_FACE('',(#5099),#1425,.F.);
#5462=ADVANCED_FACE('',(#5100,#5101),#5178,.T.);
#5463=ADVANCED_FACE('',(#5102,#5103),#1426,.T.);
#5464=ADVANCED_FACE('',(#5104,#5105),#1427,.F.);
#5465=ADVANCED_FACE('',(#5106,#5107),#5179,.F.);
#5466=CLOSED_SHELL('',(#5180,#5181,#5182,#5183));
#5467=CLOSED_SHELL('',(#5184,#5185,#5186,#5187,#5188,#5189,#5190,#5191,
#5192,#5193,#5194,#5195,#5196,#5197,#5198,#5199,#5200,#5201,#5202,#5203,
#5204,#5205,#5206,#5207,#5208,#5209,#5210,#5211,#5212,#5213,#5214,#5215,
#5216,#5217,#5218,#5219,#5220));
#5468=CLOSED_SHELL('',(#5221,#5222,#5223,#5224,#5225,#5226,#5227,#5228,
#5229,#5230,#5231,#5232,#5233,#5234,#5235,#5236,#5237,#5238,#5239,#5240,
#5241,#5242,#5243,#5244,#5245,#5246,#5247,#5248,#5249,#5250,#5251,#5252,
#5253,#5254,#5255,#5256,#5257,#5258,#5259,#5260,#5261,#5262,#5263,#5264,
#5265,#5266,#5267,#5268,#5269,#5270,#5271));
#5469=CLOSED_SHELL('',(#5272,#5273,#5274,#5275,#5276,#5277,#5278,#5279,
#5280,#5281,#5282,#5283,#5284,#5285,#5286,#5287,#5288,#5289,#5290,#5291,
#5292,#5293,#5294,#5295,#5296,#5297,#5298,#5299,#5300,#5301,#5302,#5303,
#5304,#5305,#5306,#5307,#5308,#5309,#5310,#5311,#5312,#5313,#5314,#5315,
#5316,#5317,#5318,#5319,#5320,#5321,#5322));
#5470=CLOSED_SHELL('',(#5323,#5324,#5325,#5326,#5327,#5328,#5329,#5330,
#5331,#5332,#5333,#5334,#5335,#5336,#5337,#5338,#5339,#5340,#5341,#5342,
#5343,#5344,#5345,#5346,#5347,#5348,#5349,#5350,#5351,#5352,#5353,#5354,
#5355,#5356,#5357,#5358,#5359));
#5471=CLOSED_SHELL('',(#5360,#5361,#5362,#5363,#5364,#5365,#5366,#5367,
#5368,#5369,#5370,#5371,#5372,#5373,#5374,#5375,#5376,#5377,#5378,#5379,
#5380,#5381,#5382,#5383,#5384,#5385,#5386,#5387,#5388,#5389,#5390,#5391,
#5392,#5393,#5394,#5395,#5396,#5397,#5398,#5399,#5400,#5401,#5402,#5403,
#5404,#5405,#5406,#5407,#5408,#5409,#5410));
#5472=CLOSED_SHELL('',(#5411,#5412,#5413,#5414,#5415,#5416,#5417,#5418,
#5419,#5420,#5421,#5422,#5423,#5424,#5425,#5426,#5427,#5428,#5429,#5430,
#5431,#5432,#5433,#5434,#5435,#5436,#5437,#5438,#5439,#5440,#5441,#5442,
#5443,#5444,#5445,#5446,#5447,#5448,#5449,#5450,#5451,#5452,#5453,#5454,
#5455,#5456,#5457,#5458,#5459,#5460,#5461));
#5473=CLOSED_SHELL('',(#5462,#5463,#5464,#5465));
#5474=STYLED_ITEM('',(#5482),#5533);
#5475=STYLED_ITEM('',(#5483),#5534);
#5476=STYLED_ITEM('',(#5484),#5535);
#5477=STYLED_ITEM('',(#5485),#5536);
#5478=STYLED_ITEM('',(#5486),#5537);
#5479=STYLED_ITEM('',(#5487),#5538);
#5480=STYLED_ITEM('',(#5488),#5539);
#5481=STYLED_ITEM('',(#5489),#5540);
#5482=PRESENTATION_STYLE_ASSIGNMENT((#5490));
#5483=PRESENTATION_STYLE_ASSIGNMENT((#5491));
#5484=PRESENTATION_STYLE_ASSIGNMENT((#5492));
#5485=PRESENTATION_STYLE_ASSIGNMENT((#5493));
#5486=PRESENTATION_STYLE_ASSIGNMENT((#5494));
#5487=PRESENTATION_STYLE_ASSIGNMENT((#5495));
#5488=PRESENTATION_STYLE_ASSIGNMENT((#5496));
#5489=PRESENTATION_STYLE_ASSIGNMENT((#5497));
#5490=SURFACE_STYLE_USAGE(.BOTH.,#5498);
#5491=SURFACE_STYLE_USAGE(.BOTH.,#5499);
#5492=SURFACE_STYLE_USAGE(.BOTH.,#5500);
#5493=SURFACE_STYLE_USAGE(.BOTH.,#5501);
#5494=SURFACE_STYLE_USAGE(.BOTH.,#5502);
#5495=SURFACE_STYLE_USAGE(.BOTH.,#5503);
#5496=SURFACE_STYLE_USAGE(.BOTH.,#5504);
#5497=SURFACE_STYLE_USAGE(.BOTH.,#5505);
#5498=SURFACE_SIDE_STYLE('',(#5506));
#5499=SURFACE_SIDE_STYLE('',(#5507));
#5500=SURFACE_SIDE_STYLE('',(#5508));
#5501=SURFACE_SIDE_STYLE('',(#5509));
#5502=SURFACE_SIDE_STYLE('',(#5510));
#5503=SURFACE_SIDE_STYLE('',(#5511));
#5504=SURFACE_SIDE_STYLE('',(#5512));
#5505=SURFACE_SIDE_STYLE('',(#5513));
#5506=SURFACE_STYLE_FILL_AREA(#5514);
#5507=SURFACE_STYLE_FILL_AREA(#5515);
#5508=SURFACE_STYLE_FILL_AREA(#5516);
#5509=SURFACE_STYLE_FILL_AREA(#5517);
#5510=SURFACE_STYLE_FILL_AREA(#5518);
#5511=SURFACE_STYLE_FILL_AREA(#5519);
#5512=SURFACE_STYLE_FILL_AREA(#5520);
#5513=SURFACE_STYLE_FILL_AREA(#5521);
#5514=FILL_AREA_STYLE('',(#5522));
#5515=FILL_AREA_STYLE('',(#5523));
#5516=FILL_AREA_STYLE('',(#5524));
#5517=FILL_AREA_STYLE('',(#5525));
#5518=FILL_AREA_STYLE('',(#5526));
#5519=FILL_AREA_STYLE('',(#5527));
#5520=FILL_AREA_STYLE('',(#5528));
#5521=FILL_AREA_STYLE('',(#5529));
#5522=FILL_AREA_STYLE_COLOUR('',#5530);
#5523=FILL_AREA_STYLE_COLOUR('',#5531);
#5524=FILL_AREA_STYLE_COLOUR('',#5532);
#5525=FILL_AREA_STYLE_COLOUR('',#5532);
#5526=FILL_AREA_STYLE_COLOUR('',#5531);
#5527=FILL_AREA_STYLE_COLOUR('',#5532);
#5528=FILL_AREA_STYLE_COLOUR('',#5532);
#5529=FILL_AREA_STYLE_COLOUR('',#5530);
#5530=COLOUR_RGB('',0.949019607843137,0.949019607843137,0.898039215686275);
#5531=COLOUR_RGB('',0.949019607843137,0.549019607843137,0.0980392156862745);
#5532=COLOUR_RGB('',0.149019607843137,0.149019607843137,0.149019607843137);
#5533=MANIFOLD_SOLID_BREP('M3 spacer (nylon)',#5466);
#5534=MANIFOLD_SOLID_BREP('Double pin switch carrier 1',#5467);
#5535=MANIFOLD_SOLID_BREP('Pin switch 1A (microswitch)',#5468);
#5536=MANIFOLD_SOLID_BREP('Pin switch 1B (microswitch)',#5469);
#5537=MANIFOLD_SOLID_BREP('Double pin switch carrier 2',#5470);
#5538=MANIFOLD_SOLID_BREP('Pin switch 2A (microswitch)',#5471);
#5539=MANIFOLD_SOLID_BREP('Pin switch 2B (microswitch)',#5472);
#5540=MANIFOLD_SOLID_BREP('M3 spacer (nylon)',#5473);
#5541=SHAPE_DEFINITION_REPRESENTATION(#9091,#5549);
#5542=SHAPE_DEFINITION_REPRESENTATION(#9092,#5550);
#5543=SHAPE_DEFINITION_REPRESENTATION(#9093,#5551);
#5544=SHAPE_DEFINITION_REPRESENTATION(#9094,#5552);
#5545=SHAPE_DEFINITION_REPRESENTATION(#9095,#5553);
#5546=SHAPE_DEFINITION_REPRESENTATION(#9096,#5554);
#5547=SHAPE_DEFINITION_REPRESENTATION(#9097,#5555);
#5548=SHAPE_DEFINITION_REPRESENTATION(#9098,#5556);
#5549=SHAPE_REPRESENTATION('M3 spacer (nylon)',(#5557),#9051);
#5550=SHAPE_REPRESENTATION('Double pin switch carrier 1',(#5566),#9052);
#5551=SHAPE_REPRESENTATION('Pin switch 1A (microswitch)',(#5639),#9053);
#5552=SHAPE_REPRESENTATION('Pin switch 1B (microswitch)',(#5711),#9054);
#5553=SHAPE_REPRESENTATION('Double pin switch carrier 2',(#5783),#9055);
#5554=SHAPE_REPRESENTATION('Pin switch 2A (microswitch)',(#5856),#9056);
#5555=SHAPE_REPRESENTATION('Pin switch 2B (microswitch)',(#5928),#9057);
#5556=SHAPE_REPRESENTATION('M3 spacer (nylon)',(#6000),#9058);
#5557=AXIS2_PLACEMENT_3D('',#7503,#6009,#6010);
#5558=AXIS2_PLACEMENT_3D('',#7504,#6011,#6012);
#5559=AXIS2_PLACEMENT_3D('',#7505,#6013,#6014);
#5560=AXIS2_PLACEMENT_3D('',#7507,#6015,#6016);
#5561=AXIS2_PLACEMENT_3D('',#7509,#6017,#6018);
#5562=AXIS2_PLACEMENT_3D('',#7510,#6019,#6020);
#5563=AXIS2_PLACEMENT_3D('',#7512,#6021,#6022);
#5564=AXIS2_PLACEMENT_3D('',#7513,#6023,#6024);
#5565=AXIS2_PLACEMENT_3D('',#7515,#6025,#6026);
#5566=AXIS2_PLACEMENT_3D('',#7516,#6027,#6028);
#5567=AXIS2_PLACEMENT_3D('',#7517,#6029,#6030);
#5568=AXIS2_PLACEMENT_3D('',#7521,#6032,#6033);
#5569=AXIS2_PLACEMENT_3D('',#7525,#6035,#6036);
#5570=AXIS2_PLACEMENT_3D('',#7529,#6038,#6039);
#5571=AXIS2_PLACEMENT_3D('',#7530,#6040,#6041);
#5572=AXIS2_PLACEMENT_3D('',#7534,#6043,#6044);
#5573=AXIS2_PLACEMENT_3D('',#7538,#6046,#6047);
#5574=AXIS2_PLACEMENT_3D('',#7542,#6049,#6050);
#5575=AXIS2_PLACEMENT_3D('',#7543,#6051,#6052);
#5576=AXIS2_PLACEMENT_3D('',#7549,#6056,#6057);
#5577=AXIS2_PLACEMENT_3D('',#7555,#6061,#6062);
#5578=AXIS2_PLACEMENT_3D('',#7558,#6064,#6065);
#5579=AXIS2_PLACEMENT_3D('',#7570,#6071,#6072);
#5580=AXIS2_PLACEMENT_3D('',#7576,#6076,#6077);
#5581=AXIS2_PLACEMENT_3D('',#7578,#6078,#6079);
#5582=AXIS2_PLACEMENT_3D('',#7580,#6080,#6081);
#5583=AXIS2_PLACEMENT_3D('',#7582,#6082,#6083);
#5584=AXIS2_PLACEMENT_3D('',#7584,#6084,#6085);
#5585=AXIS2_PLACEMENT_3D('',#7586,#6086,#6087);
#5586=AXIS2_PLACEMENT_3D('',#7588,#6088,#6089);
#5587=AXIS2_PLACEMENT_3D('',#7596,#6094,#6095);
#5588=AXIS2_PLACEMENT_3D('',#7608,#6101,#6102);
#5589=AXIS2_PLACEMENT_3D('',#7611,#6104,#6105);
#5590=AXIS2_PLACEMENT_3D('',#7613,#6106,#6107);
#5591=AXIS2_PLACEMENT_3D('',#7615,#6108,#6109);
#5592=AXIS2_PLACEMENT_3D('',#7617,#6110,#6111);
#5593=AXIS2_PLACEMENT_3D('',#7619,#6112,#6113);
#5594=AXIS2_PLACEMENT_3D('',#7621,#6114,#6115);
#5595=AXIS2_PLACEMENT_3D('',#7623,#6116,#6117);
#5596=AXIS2_PLACEMENT_3D('',#7627,#6120,#6121);
#5597=AXIS2_PLACEMENT_3D('',#7630,#6123,#6124);
#5598=AXIS2_PLACEMENT_3D('',#7631,#6125,#6126);
#5599=AXIS2_PLACEMENT_3D('',#7633,#6128,#6129);
#5600=AXIS2_PLACEMENT_3D('',#7636,#6131,#6132);
#5601=AXIS2_PLACEMENT_3D('',#7637,#6133,#6134);
#5602=AXIS2_PLACEMENT_3D('',#7639,#6136,#6137);
#5603=AXIS2_PLACEMENT_3D('',#7642,#6140,#6141);
#5604=AXIS2_PLACEMENT_3D('',#7644,#6143,#6144);
#5605=AXIS2_PLACEMENT_3D('',#7646,#6146,#6147);
#5606=AXIS2_PLACEMENT_3D('',#7652,#6151,#6152);
#5607=AXIS2_PLACEMENT_3D('',#7653,#6153,#6154);
#5608=AXIS2_PLACEMENT_3D('',#7656,#6157,#6158);
#5609=AXIS2_PLACEMENT_3D('',#7657,#6159,#6160);
#5610=AXIS2_PLACEMENT_3D('',#7659,#6162,#6163);
#5611=AXIS2_PLACEMENT_3D('',#7665,#6167,#6168);
#5612=AXIS2_PLACEMENT_3D('',#7667,#6170,#6171);
#5613=AXIS2_PLACEMENT_3D('',#7669,#6172,#6173);
#5614=AXIS2_PLACEMENT_3D('',#7670,#6174,#6175);
#5615=AXIS2_PLACEMENT_3D('',#7674,#6177,#6178);
#5616=AXIS2_PLACEMENT_3D('',#7675,#6179,#6180);
#5617=AXIS2_PLACEMENT_3D('',#7678,#6182,#6183);
#5618=AXIS2_PLACEMENT_3D('',#7679,#6184,#6185);
#5619=AXIS2_PLACEMENT_3D('',#7680,#6186,#6187);
#5620=AXIS2_PLACEMENT_3D('',#7684,#6189,#6190);
#5621=AXIS2_PLACEMENT_3D('',#7685,#6191,#6192);
#5622=AXIS2_PLACEMENT_3D('',#7686,#6193,#6194);
#5623=AXIS2_PLACEMENT_3D('',#7690,#6196,#6197);
#5624=AXIS2_PLACEMENT_3D('',#7691,#6198,#6199);
#5625=AXIS2_PLACEMENT_3D('',#7694,#6201,#6202);
#5626=AXIS2_PLACEMENT_3D('',#7695,#6203,#6204);
#5627=AXIS2_PLACEMENT_3D('',#7697,#6206,#6207);
#5628=AXIS2_PLACEMENT_3D('',#7698,#6208,#6209);
#5629=AXIS2_PLACEMENT_3D('',#7701,#6211,#6212);
#5630=AXIS2_PLACEMENT_3D('',#7702,#6213,#6214);
#5631=AXIS2_PLACEMENT_3D('',#7705,#6216,#6217);
#5632=AXIS2_PLACEMENT_3D('',#7707,#6219,#6220);
#5633=AXIS2_PLACEMENT_3D('',#7708,#6221,#6222);
#5634=AXIS2_PLACEMENT_3D('',#7710,#6224,#6225);
#5635=AXIS2_PLACEMENT_3D('',#7712,#6227,#6228);
#5636=AXIS2_PLACEMENT_3D('',#7714,#6230,#6231);
#5637=AXIS2_PLACEMENT_3D('',#7716,#6233,#6234);
#5638=AXIS2_PLACEMENT_3D('',#7718,#6236,#6237);
#5639=AXIS2_PLACEMENT_3D('',#7719,#6238,#6239);
#5640=AXIS2_PLACEMENT_3D('',#7720,#6240,#6241);
#5641=AXIS2_PLACEMENT_3D('',#7721,#6242,#6243);
#5642=AXIS2_PLACEMENT_3D('',#7725,#6245,#6246);
#5643=AXIS2_PLACEMENT_3D('',#7726,#6247,#6248);
#5644=AXIS2_PLACEMENT_3D('',#7727,#6249,#6250);
#5645=AXIS2_PLACEMENT_3D('',#7731,#6252,#6253);
#5646=AXIS2_PLACEMENT_3D('',#7732,#6254,#6255);
#5647=AXIS2_PLACEMENT_3D('',#7733,#6256,#6257);
#5648=AXIS2_PLACEMENT_3D('',#7737,#6259,#6260);
#5649=AXIS2_PLACEMENT_3D('',#7738,#6261,#6262);
#5650=AXIS2_PLACEMENT_3D('',#7739,#6263,#6264);
#5651=AXIS2_PLACEMENT_3D('',#7743,#6266,#6267);
#5652=AXIS2_PLACEMENT_3D('',#7744,#6268,#6269);
#5653=AXIS2_PLACEMENT_3D('',#7745,#6270,#6271);
#5654=AXIS2_PLACEMENT_3D('',#7749,#6273,#6274);
#5655=AXIS2_PLACEMENT_3D('',#7750,#6275,#6276);
#5656=AXIS2_PLACEMENT_3D('',#7767,#6285,#6286);
#5657=AXIS2_PLACEMENT_3D('',#7784,#6295,#6296);
#5658=AXIS2_PLACEMENT_3D('',#7801,#6305,#6306);
#5659=AXIS2_PLACEMENT_3D('',#7818,#6315,#6316);
#5660=AXIS2_PLACEMENT_3D('',#7827,#6321,#6322);
#5661=AXIS2_PLACEMENT_3D('',#7836,#6327,#6328);
#5662=AXIS2_PLACEMENT_3D('',#7845,#6333,#6334);
#5663=AXIS2_PLACEMENT_3D('',#7846,#6335,#6336);
#5664=AXIS2_PLACEMENT_3D('',#7857,#6343,#6344);
#5665=AXIS2_PLACEMENT_3D('',#7858,#6345,#6346);
#5666=AXIS2_PLACEMENT_3D('',#7860,#6348,#6349);
#5667=AXIS2_PLACEMENT_3D('',#7861,#6350,#6351);
#5668=AXIS2_PLACEMENT_3D('',#7862,#6352,#6353);
#5669=AXIS2_PLACEMENT_3D('',#7863,#6354,#6355);
#5670=AXIS2_PLACEMENT_3D('',#7865,#6357,#6358);
#5671=AXIS2_PLACEMENT_3D('',#7866,#6359,#6360);
#5672=AXIS2_PLACEMENT_3D('',#7877,#6367,#6368);
#5673=AXIS2_PLACEMENT_3D('',#7879,#6370,#6371);
#5674=AXIS2_PLACEMENT_3D('',#7881,#6373,#6374);
#5675=AXIS2_PLACEMENT_3D('',#7882,#6375,#6376);
#5676=AXIS2_PLACEMENT_3D('',#7884,#6378,#6379);
#5677=AXIS2_PLACEMENT_3D('',#7886,#6381,#6382);
#5678=AXIS2_PLACEMENT_3D('',#7887,#6383,#6384);
#5679=AXIS2_PLACEMENT_3D('',#7888,#6385,#6386);
#5680=AXIS2_PLACEMENT_3D('',#7898,#6392,#6393);
#5681=AXIS2_PLACEMENT_3D('',#7902,#6396,#6397);
#5682=AXIS2_PLACEMENT_3D('',#7910,#6402,#6403);
#5683=AXIS2_PLACEMENT_3D('',#7912,#6405,#6406);
#5684=AXIS2_PLACEMENT_3D('',#7915,#6409,#6410);
#5685=AXIS2_PLACEMENT_3D('',#7925,#6416,#6417);
#5686=AXIS2_PLACEMENT_3D('',#7929,#6420,#6421);
#5687=AXIS2_PLACEMENT_3D('',#7937,#6426,#6427);
#5688=AXIS2_PLACEMENT_3D('',#7939,#6429,#6430);
#5689=AXIS2_PLACEMENT_3D('',#7942,#6433,#6434);
#5690=AXIS2_PLACEMENT_3D('',#7952,#6440,#6441);
#5691=AXIS2_PLACEMENT_3D('',#7956,#6444,#6445);
#5692=AXIS2_PLACEMENT_3D('',#7964,#6450,#6451);
#5693=AXIS2_PLACEMENT_3D('',#7966,#6453,#6454);
#5694=AXIS2_PLACEMENT_3D('',#7969,#6457,#6458);
#5695=AXIS2_PLACEMENT_3D('',#7970,#6459,#6460);
#5696=AXIS2_PLACEMENT_3D('',#7971,#6461,#6462);
#5697=AXIS2_PLACEMENT_3D('',#7972,#6463,#6464);
#5698=AXIS2_PLACEMENT_3D('',#7973,#6465,#6466);
#5699=AXIS2_PLACEMENT_3D('',#7974,#6467,#6468);
#5700=AXIS2_PLACEMENT_3D('',#7975,#6469,#6470);
#5701=AXIS2_PLACEMENT_3D('',#7976,#6471,#6472);
#5702=AXIS2_PLACEMENT_3D('',#7977,#6473,#6474);
#5703=AXIS2_PLACEMENT_3D('',#7978,#6475,#6476);
#5704=AXIS2_PLACEMENT_3D('',#7979,#6477,#6478);
#5705=AXIS2_PLACEMENT_3D('',#7980,#6479,#6480);
#5706=AXIS2_PLACEMENT_3D('',#7985,#6482,#6483);
#5707=AXIS2_PLACEMENT_3D('',#7988,#6485,#6486);
#5708=AXIS2_PLACEMENT_3D('',#7991,#6489,#6490);
#5709=AXIS2_PLACEMENT_3D('',#7994,#6493,#6494);
#5710=AXIS2_PLACEMENT_3D('',#7995,#6495,#6496);
#5711=AXIS2_PLACEMENT_3D('',#7996,#6497,#6498);
#5712=AXIS2_PLACEMENT_3D('',#7997,#6499,#6500);
#5713=AXIS2_PLACEMENT_3D('',#7998,#6501,#6502);
#5714=AXIS2_PLACEMENT_3D('',#8002,#6504,#6505);
#5715=AXIS2_PLACEMENT_3D('',#8003,#6506,#6507);
#5716=AXIS2_PLACEMENT_3D('',#8004,#6508,#6509);
#5717=AXIS2_PLACEMENT_3D('',#8008,#6511,#6512);
#5718=AXIS2_PLACEMENT_3D('',#8009,#6513,#6514);
#5719=AXIS2_PLACEMENT_3D('',#8010,#6515,#6516);
#5720=AXIS2_PLACEMENT_3D('',#8014,#6518,#6519);
#5721=AXIS2_PLACEMENT_3D('',#8015,#6520,#6521);
#5722=AXIS2_PLACEMENT_3D('',#8016,#6522,#6523);
#5723=AXIS2_PLACEMENT_3D('',#8020,#6525,#6526);
#5724=AXIS2_PLACEMENT_3D('',#8021,#6527,#6528);
#5725=AXIS2_PLACEMENT_3D('',#8022,#6529,#6530);
#5726=AXIS2_PLACEMENT_3D('',#8026,#6532,#6533);
#5727=AXIS2_PLACEMENT_3D('',#8027,#6534,#6535);
#5728=AXIS2_PLACEMENT_3D('',#8044,#6544,#6545);
#5729=AXIS2_PLACEMENT_3D('',#8061,#6554,#6555);
#5730=AXIS2_PLACEMENT_3D('',#8078,#6564,#6565);
#5731=AXIS2_PLACEMENT_3D('',#8095,#6574,#6575);
#5732=AXIS2_PLACEMENT_3D('',#8104,#6580,#6581);
#5733=AXIS2_PLACEMENT_3D('',#8113,#6586,#6587);
#5734=AXIS2_PLACEMENT_3D('',#8122,#6592,#6593);
#5735=AXIS2_PLACEMENT_3D('',#8123,#6594,#6595);
#5736=AXIS2_PLACEMENT_3D('',#8134,#6602,#6603);
#5737=AXIS2_PLACEMENT_3D('',#8135,#6604,#6605);
#5738=AXIS2_PLACEMENT_3D('',#8137,#6607,#6608);
#5739=AXIS2_PLACEMENT_3D('',#8138,#6609,#6610);
#5740=AXIS2_PLACEMENT_3D('',#8139,#6611,#6612);
#5741=AXIS2_PLACEMENT_3D('',#8140,#6613,#6614);
#5742=AXIS2_PLACEMENT_3D('',#8142,#6616,#6617);
#5743=AXIS2_PLACEMENT_3D('',#8143,#6618,#6619);
#5744=AXIS2_PLACEMENT_3D('',#8154,#6626,#6627);
#5745=AXIS2_PLACEMENT_3D('',#8156,#6629,#6630);
#5746=AXIS2_PLACEMENT_3D('',#8158,#6632,#6633);
#5747=AXIS2_PLACEMENT_3D('',#8159,#6634,#6635);
#5748=AXIS2_PLACEMENT_3D('',#8161,#6637,#6638);
#5749=AXIS2_PLACEMENT_3D('',#8163,#6640,#6641);
#5750=AXIS2_PLACEMENT_3D('',#8164,#6642,#6643);
#5751=AXIS2_PLACEMENT_3D('',#8165,#6644,#6645);
#5752=AXIS2_PLACEMENT_3D('',#8175,#6651,#6652);
#5753=AXIS2_PLACEMENT_3D('',#8179,#6655,#6656);
#5754=AXIS2_PLACEMENT_3D('',#8187,#6661,#6662);
#5755=AXIS2_PLACEMENT_3D('',#8189,#6664,#6665);
#5756=AXIS2_PLACEMENT_3D('',#8192,#6668,#6669);
#5757=AXIS2_PLACEMENT_3D('',#8202,#6675,#6676);
#5758=AXIS2_PLACEMENT_3D('',#8206,#6679,#6680);
#5759=AXIS2_PLACEMENT_3D('',#8214,#6685,#6686);
#5760=AXIS2_PLACEMENT_3D('',#8216,#6688,#6689);
#5761=AXIS2_PLACEMENT_3D('',#8219,#6692,#6693);
#5762=AXIS2_PLACEMENT_3D('',#8229,#6699,#6700);
#5763=AXIS2_PLACEMENT_3D('',#8233,#6703,#6704);
#5764=AXIS2_PLACEMENT_3D('',#8241,#6709,#6710);
#5765=AXIS2_PLACEMENT_3D('',#8243,#6712,#6713);
#5766=AXIS2_PLACEMENT_3D('',#8246,#6716,#6717);
#5767=AXIS2_PLACEMENT_3D('',#8247,#6718,#6719);
#5768=AXIS2_PLACEMENT_3D('',#8248,#6720,#6721);
#5769=AXIS2_PLACEMENT_3D('',#8249,#6722,#6723);
#5770=AXIS2_PLACEMENT_3D('',#8250,#6724,#6725);
#5771=AXIS2_PLACEMENT_3D('',#8251,#6726,#6727);
#5772=AXIS2_PLACEMENT_3D('',#8252,#6728,#6729);
#5773=AXIS2_PLACEMENT_3D('',#8253,#6730,#6731);
#5774=AXIS2_PLACEMENT_3D('',#8254,#6732,#6733);
#5775=AXIS2_PLACEMENT_3D('',#8255,#6734,#6735);
#5776=AXIS2_PLACEMENT_3D('',#8256,#6736,#6737);
#5777=AXIS2_PLACEMENT_3D('',#8257,#6738,#6739);
#5778=AXIS2_PLACEMENT_3D('',#8262,#6741,#6742);
#5779=AXIS2_PLACEMENT_3D('',#8265,#6744,#6745);
#5780=AXIS2_PLACEMENT_3D('',#8268,#6748,#6749);
#5781=AXIS2_PLACEMENT_3D('',#8271,#6752,#6753);
#5782=AXIS2_PLACEMENT_3D('',#8272,#6754,#6755);
#5783=AXIS2_PLACEMENT_3D('',#8273,#6756,#6757);
#5784=AXIS2_PLACEMENT_3D('',#8274,#6758,#6759);
#5785=AXIS2_PLACEMENT_3D('',#8278,#6761,#6762);
#5786=AXIS2_PLACEMENT_3D('',#8282,#6764,#6765);
#5787=AXIS2_PLACEMENT_3D('',#8286,#6767,#6768);
#5788=AXIS2_PLACEMENT_3D('',#8287,#6769,#6770);
#5789=AXIS2_PLACEMENT_3D('',#8291,#6772,#6773);
#5790=AXIS2_PLACEMENT_3D('',#8295,#6775,#6776);
#5791=AXIS2_PLACEMENT_3D('',#8299,#6778,#6779);
#5792=AXIS2_PLACEMENT_3D('',#8300,#6780,#6781);
#5793=AXIS2_PLACEMENT_3D('',#8306,#6785,#6786);
#5794=AXIS2_PLACEMENT_3D('',#8312,#6790,#6791);
#5795=AXIS2_PLACEMENT_3D('',#8315,#6793,#6794);
#5796=AXIS2_PLACEMENT_3D('',#8327,#6800,#6801);
#5797=AXIS2_PLACEMENT_3D('',#8333,#6805,#6806);
#5798=AXIS2_PLACEMENT_3D('',#8335,#6807,#6808);
#5799=AXIS2_PLACEMENT_3D('',#8337,#6809,#6810);
#5800=AXIS2_PLACEMENT_3D('',#8339,#6811,#6812);
#5801=AXIS2_PLACEMENT_3D('',#8341,#6813,#6814);
#5802=AXIS2_PLACEMENT_3D('',#8343,#6815,#6816);
#5803=AXIS2_PLACEMENT_3D('',#8345,#6817,#6818);
#5804=AXIS2_PLACEMENT_3D('',#8353,#6823,#6824);
#5805=AXIS2_PLACEMENT_3D('',#8365,#6830,#6831);
#5806=AXIS2_PLACEMENT_3D('',#8368,#6833,#6834);
#5807=AXIS2_PLACEMENT_3D('',#8370,#6835,#6836);
#5808=AXIS2_PLACEMENT_3D('',#8372,#6837,#6838);
#5809=AXIS2_PLACEMENT_3D('',#8374,#6839,#6840);
#5810=AXIS2_PLACEMENT_3D('',#8376,#6841,#6842);
#5811=AXIS2_PLACEMENT_3D('',#8378,#6843,#6844);
#5812=AXIS2_PLACEMENT_3D('',#8380,#6845,#6846);
#5813=AXIS2_PLACEMENT_3D('',#8384,#6849,#6850);
#5814=AXIS2_PLACEMENT_3D('',#8387,#6852,#6853);
#5815=AXIS2_PLACEMENT_3D('',#8388,#6854,#6855);
#5816=AXIS2_PLACEMENT_3D('',#8390,#6857,#6858);
#5817=AXIS2_PLACEMENT_3D('',#8393,#6860,#6861);
#5818=AXIS2_PLACEMENT_3D('',#8394,#6862,#6863);
#5819=AXIS2_PLACEMENT_3D('',#8396,#6865,#6866);
#5820=AXIS2_PLACEMENT_3D('',#8399,#6869,#6870);
#5821=AXIS2_PLACEMENT_3D('',#8401,#6872,#6873);
#5822=AXIS2_PLACEMENT_3D('',#8403,#6875,#6876);
#5823=AXIS2_PLACEMENT_3D('',#8409,#6880,#6881);
#5824=AXIS2_PLACEMENT_3D('',#8410,#6882,#6883);
#5825=AXIS2_PLACEMENT_3D('',#8413,#6886,#6887);
#5826=AXIS2_PLACEMENT_3D('',#8414,#6888,#6889);
#5827=AXIS2_PLACEMENT_3D('',#8416,#6891,#6892);
#5828=AXIS2_PLACEMENT_3D('',#8422,#6896,#6897);
#5829=AXIS2_PLACEMENT_3D('',#8424,#6899,#6900);
#5830=AXIS2_PLACEMENT_3D('',#8426,#6901,#6902);
#5831=AXIS2_PLACEMENT_3D('',#8427,#6903,#6904);
#5832=AXIS2_PLACEMENT_3D('',#8431,#6906,#6907);
#5833=AXIS2_PLACEMENT_3D('',#8432,#6908,#6909);
#5834=AXIS2_PLACEMENT_3D('',#8435,#6911,#6912);
#5835=AXIS2_PLACEMENT_3D('',#8436,#6913,#6914);
#5836=AXIS2_PLACEMENT_3D('',#8437,#6915,#6916);
#5837=AXIS2_PLACEMENT_3D('',#8441,#6918,#6919);
#5838=AXIS2_PLACEMENT_3D('',#8442,#6920,#6921);
#5839=AXIS2_PLACEMENT_3D('',#8443,#6922,#6923);
#5840=AXIS2_PLACEMENT_3D('',#8447,#6925,#6926);
#5841=AXIS2_PLACEMENT_3D('',#8448,#6927,#6928);
#5842=AXIS2_PLACEMENT_3D('',#8451,#6930,#6931);
#5843=AXIS2_PLACEMENT_3D('',#8452,#6932,#6933);
#5844=AXIS2_PLACEMENT_3D('',#8454,#6935,#6936);
#5845=AXIS2_PLACEMENT_3D('',#8455,#6937,#6938);
#5846=AXIS2_PLACEMENT_3D('',#8458,#6940,#6941);
#5847=AXIS2_PLACEMENT_3D('',#8459,#6942,#6943);
#5848=AXIS2_PLACEMENT_3D('',#8462,#6945,#6946);
#5849=AXIS2_PLACEMENT_3D('',#8464,#6948,#6949);
#5850=AXIS2_PLACEMENT_3D('',#8465,#6950,#6951);
#5851=AXIS2_PLACEMENT_3D('',#8467,#6953,#6954);
#5852=AXIS2_PLACEMENT_3D('',#8469,#6956,#6957);
#5853=AXIS2_PLACEMENT_3D('',#8471,#6959,#6960);
#5854=AXIS2_PLACEMENT_3D('',#8473,#6962,#6963);
#5855=AXIS2_PLACEMENT_3D('',#8475,#6965,#6966);
#5856=AXIS2_PLACEMENT_3D('',#8476,#6967,#6968);
#5857=AXIS2_PLACEMENT_3D('',#8477,#6969,#6970);
#5858=AXIS2_PLACEMENT_3D('',#8478,#6971,#6972);
#5859=AXIS2_PLACEMENT_3D('',#8482,#6974,#6975);
#5860=AXIS2_PLACEMENT_3D('',#8483,#6976,#6977);
#5861=AXIS2_PLACEMENT_3D('',#8484,#6978,#6979);
#5862=AXIS2_PLACEMENT_3D('',#8488,#6981,#6982);
#5863=AXIS2_PLACEMENT_3D('',#8489,#6983,#6984);
#5864=AXIS2_PLACEMENT_3D('',#8490,#6985,#6986);
#5865=AXIS2_PLACEMENT_3D('',#8494,#6988,#6989);
#5866=AXIS2_PLACEMENT_3D('',#8495,#6990,#6991);
#5867=AXIS2_PLACEMENT_3D('',#8496,#6992,#6993);
#5868=AXIS2_PLACEMENT_3D('',#8500,#6995,#6996);
#5869=AXIS2_PLACEMENT_3D('',#8501,#6997,#6998);
#5870=AXIS2_PLACEMENT_3D('',#8502,#6999,#7000);
#5871=AXIS2_PLACEMENT_3D('',#8506,#7002,#7003);
#5872=AXIS2_PLACEMENT_3D('',#8507,#7004,#7005);
#5873=AXIS2_PLACEMENT_3D('',#8524,#7014,#7015);
#5874=AXIS2_PLACEMENT_3D('',#8541,#7024,#7025);
#5875=AXIS2_PLACEMENT_3D('',#8558,#7034,#7035);
#5876=AXIS2_PLACEMENT_3D('',#8575,#7044,#7045);
#5877=AXIS2_PLACEMENT_3D('',#8584,#7050,#7051);
#5878=AXIS2_PLACEMENT_3D('',#8593,#7056,#7057);
#5879=AXIS2_PLACEMENT_3D('',#8602,#7062,#7063);
#5880=AXIS2_PLACEMENT_3D('',#8603,#7064,#7065);
#5881=AXIS2_PLACEMENT_3D('',#8614,#7072,#7073);
#5882=AXIS2_PLACEMENT_3D('',#8615,#7074,#7075);
#5883=AXIS2_PLACEMENT_3D('',#8617,#7077,#7078);
#5884=AXIS2_PLACEMENT_3D('',#8618,#7079,#7080);
#5885=AXIS2_PLACEMENT_3D('',#8619,#7081,#7082);
#5886=AXIS2_PLACEMENT_3D('',#8620,#7083,#7084);
#5887=AXIS2_PLACEMENT_3D('',#8622,#7086,#7087);
#5888=AXIS2_PLACEMENT_3D('',#8623,#7088,#7089);
#5889=AXIS2_PLACEMENT_3D('',#8634,#7096,#7097);
#5890=AXIS2_PLACEMENT_3D('',#8636,#7099,#7100);
#5891=AXIS2_PLACEMENT_3D('',#8638,#7102,#7103);
#5892=AXIS2_PLACEMENT_3D('',#8639,#7104,#7105);
#5893=AXIS2_PLACEMENT_3D('',#8641,#7107,#7108);
#5894=AXIS2_PLACEMENT_3D('',#8643,#7110,#7111);
#5895=AXIS2_PLACEMENT_3D('',#8644,#7112,#7113);
#5896=AXIS2_PLACEMENT_3D('',#8645,#7114,#7115);
#5897=AXIS2_PLACEMENT_3D('',#8655,#7121,#7122);
#5898=AXIS2_PLACEMENT_3D('',#8659,#7125,#7126);
#5899=AXIS2_PLACEMENT_3D('',#8667,#7131,#7132);
#5900=AXIS2_PLACEMENT_3D('',#8669,#7134,#7135);
#5901=AXIS2_PLACEMENT_3D('',#8672,#7138,#7139);
#5902=AXIS2_PLACEMENT_3D('',#8682,#7145,#7146);
#5903=AXIS2_PLACEMENT_3D('',#8686,#7149,#7150);
#5904=AXIS2_PLACEMENT_3D('',#8694,#7155,#7156);
#5905=AXIS2_PLACEMENT_3D('',#8696,#7158,#7159);
#5906=AXIS2_PLACEMENT_3D('',#8699,#7162,#7163);
#5907=AXIS2_PLACEMENT_3D('',#8709,#7169,#7170);
#5908=AXIS2_PLACEMENT_3D('',#8713,#7173,#7174);
#5909=AXIS2_PLACEMENT_3D('',#8721,#7179,#7180);
#5910=AXIS2_PLACEMENT_3D('',#8723,#7182,#7183);
#5911=AXIS2_PLACEMENT_3D('',#8726,#7186,#7187);
#5912=AXIS2_PLACEMENT_3D('',#8727,#7188,#7189);
#5913=AXIS2_PLACEMENT_3D('',#8728,#7190,#7191);
#5914=AXIS2_PLACEMENT_3D('',#8729,#7192,#7193);
#5915=AXIS2_PLACEMENT_3D('',#8730,#7194,#7195);
#5916=AXIS2_PLACEMENT_3D('',#8731,#7196,#7197);
#5917=AXIS2_PLACEMENT_3D('',#8732,#7198,#7199);
#5918=AXIS2_PLACEMENT_3D('',#8733,#7200,#7201);
#5919=AXIS2_PLACEMENT_3D('',#8734,#7202,#7203);
#5920=AXIS2_PLACEMENT_3D('',#8735,#7204,#7205);
#5921=AXIS2_PLACEMENT_3D('',#8736,#7206,#7207);
#5922=AXIS2_PLACEMENT_3D('',#8737,#7208,#7209);
#5923=AXIS2_PLACEMENT_3D('',#8742,#7211,#7212);
#5924=AXIS2_PLACEMENT_3D('',#8745,#7214,#7215);
#5925=AXIS2_PLACEMENT_3D('',#8748,#7218,#7219);
#5926=AXIS2_PLACEMENT_3D('',#8751,#7222,#7223);
#5927=AXIS2_PLACEMENT_3D('',#8752,#7224,#7225);
#5928=AXIS2_PLACEMENT_3D('',#8753,#7226,#7227);
#5929=AXIS2_PLACEMENT_3D('',#8754,#7228,#7229);
#5930=AXIS2_PLACEMENT_3D('',#8755,#7230,#7231);
#5931=AXIS2_PLACEMENT_3D('',#8759,#7233,#7234);
#5932=AXIS2_PLACEMENT_3D('',#8760,#7235,#7236);
#5933=AXIS2_PLACEMENT_3D('',#8761,#7237,#7238);
#5934=AXIS2_PLACEMENT_3D('',#8765,#7240,#7241);
#5935=AXIS2_PLACEMENT_3D('',#8766,#7242,#7243);
#5936=AXIS2_PLACEMENT_3D('',#8767,#7244,#7245);
#5937=AXIS2_PLACEMENT_3D('',#8771,#7247,#7248);
#5938=AXIS2_PLACEMENT_3D('',#8772,#7249,#7250);
#5939=AXIS2_PLACEMENT_3D('',#8773,#7251,#7252);
#5940=AXIS2_PLACEMENT_3D('',#8777,#7254,#7255);
#5941=AXIS2_PLACEMENT_3D('',#8778,#7256,#7257);
#5942=AXIS2_PLACEMENT_3D('',#8779,#7258,#7259);
#5943=AXIS2_PLACEMENT_3D('',#8783,#7261,#7262);
#5944=AXIS2_PLACEMENT_3D('',#8784,#7263,#7264);
#5945=AXIS2_PLACEMENT_3D('',#8801,#7273,#7274);
#5946=AXIS2_PLACEMENT_3D('',#8818,#7283,#7284);
#5947=AXIS2_PLACEMENT_3D('',#8835,#7293,#7294);
#5948=AXIS2_PLACEMENT_3D('',#8852,#7303,#7304);
#5949=AXIS2_PLACEMENT_3D('',#8861,#7309,#7310);
#5950=AXIS2_PLACEMENT_3D('',#8870,#7315,#7316);
#5951=AXIS2_PLACEMENT_3D('',#8879,#7321,#7322);
#5952=AXIS2_PLACEMENT_3D('',#8880,#7323,#7324);
#5953=AXIS2_PLACEMENT_3D('',#8891,#7331,#7332);
#5954=AXIS2_PLACEMENT_3D('',#8892,#7333,#7334);
#5955=AXIS2_PLACEMENT_3D('',#8894,#7336,#7337);
#5956=AXIS2_PLACEMENT_3D('',#8895,#7338,#7339);
#5957=AXIS2_PLACEMENT_3D('',#8896,#7340,#7341);
#5958=AXIS2_PLACEMENT_3D('',#8897,#7342,#7343);
#5959=AXIS2_PLACEMENT_3D('',#8899,#7345,#7346);
#5960=AXIS2_PLACEMENT_3D('',#8900,#7347,#7348);
#5961=AXIS2_PLACEMENT_3D('',#8911,#7355,#7356);
#5962=AXIS2_PLACEMENT_3D('',#8913,#7358,#7359);
#5963=AXIS2_PLACEMENT_3D('',#8915,#7361,#7362);
#5964=AXIS2_PLACEMENT_3D('',#8916,#7363,#7364);
#5965=AXIS2_PLACEMENT_3D('',#8918,#7366,#7367);
#5966=AXIS2_PLACEMENT_3D('',#8920,#7369,#7370);
#5967=AXIS2_PLACEMENT_3D('',#8921,#7371,#7372);
#5968=AXIS2_PLACEMENT_3D('',#8922,#7373,#7374);
#5969=AXIS2_PLACEMENT_3D('',#8932,#7380,#7381);
#5970=AXIS2_PLACEMENT_3D('',#8936,#7384,#7385);
#5971=AXIS2_PLACEMENT_3D('',#8944,#7390,#7391);
#5972=AXIS2_PLACEMENT_3D('',#8946,#7393,#7394);
#5973=AXIS2_PLACEMENT_3D('',#8949,#7397,#7398);
#5974=AXIS2_PLACEMENT_3D('',#8959,#7404,#7405);
#5975=AXIS2_PLACEMENT_3D('',#8963,#7408,#7409);
#5976=AXIS2_PLACEMENT_3D('',#8971,#7414,#7415);
#5977=AXIS2_PLACEMENT_3D('',#8973,#7417,#7418);
#5978=AXIS2_PLACEMENT_3D('',#8976,#7421,#7422);
#5979=AXIS2_PLACEMENT_3D('',#8986,#7428,#7429);
#5980=AXIS2_PLACEMENT_3D('',#8990,#7432,#7433);
#5981=AXIS2_PLACEMENT_3D('',#8998,#7438,#7439);
#5982=AXIS2_PLACEMENT_3D('',#9000,#7441,#7442);
#5983=AXIS2_PLACEMENT_3D('',#9003,#7445,#7446);
#5984=AXIS2_PLACEMENT_3D('',#9004,#7447,#7448);
#5985=AXIS2_PLACEMENT_3D('',#9005,#7449,#7450);
#5986=AXIS2_PLACEMENT_3D('',#9006,#7451,#7452);
#5987=AXIS2_PLACEMENT_3D('',#9007,#7453,#7454);
#5988=AXIS2_PLACEMENT_3D('',#9008,#7455,#7456);
#5989=AXIS2_PLACEMENT_3D('',#9009,#7457,#7458);
#5990=AXIS2_PLACEMENT_3D('',#9010,#7459,#7460);
#5991=AXIS2_PLACEMENT_3D('',#9011,#7461,#7462);
#5992=AXIS2_PLACEMENT_3D('',#9012,#7463,#7464);
#5993=AXIS2_PLACEMENT_3D('',#9013,#7465,#7466);
#5994=AXIS2_PLACEMENT_3D('',#9014,#7467,#7468);
#5995=AXIS2_PLACEMENT_3D('',#9019,#7470,#7471);
#5996=AXIS2_PLACEMENT_3D('',#9022,#7473,#7474);
#5997=AXIS2_PLACEMENT_3D('',#9025,#7477,#7478);
#5998=AXIS2_PLACEMENT_3D('',#9028,#7481,#7482);
#5999=AXIS2_PLACEMENT_3D('',#9029,#7483,#7484);
#6000=AXIS2_PLACEMENT_3D('',#9030,#7485,#7486);
#6001=AXIS2_PLACEMENT_3D('',#9031,#7487,#7488);
#6002=AXIS2_PLACEMENT_3D('',#9032,#7489,#7490);
#6003=AXIS2_PLACEMENT_3D('',#9034,#7491,#7492);
#6004=AXIS2_PLACEMENT_3D('',#9036,#7493,#7494);
#6005=AXIS2_PLACEMENT_3D('',#9037,#7495,#7496);
#6006=AXIS2_PLACEMENT_3D('',#9039,#7497,#7498);
#6007=AXIS2_PLACEMENT_3D('',#9040,#7499,#7500);
#6008=AXIS2_PLACEMENT_3D('',#9042,#7501,#7502);
#6009=DIRECTION('',(0.,0.,1.));
#6010=DIRECTION('',(1.,0.,0.));
#6011=DIRECTION('',(0.,0.,-1.));
#6012=DIRECTION('',(-1.,0.,0.));
#6013=DIRECTION('',(0.,0.,1.));
#6014=DIRECTION('',(1.,0.,0.));
#6015=DIRECTION('',(0.,0.,1.));
#6016=DIRECTION('',(1.,0.,0.));
#6017=DIRECTION('',(0.,0.,1.));
#6018=DIRECTION('',(1.,0.,0.));
#6019=DIRECTION('',(0.,0.,1.));
#6020=DIRECTION('',(1.,0.,0.));
#6021=DIRECTION('',(0.,0.,1.));
#6022=DIRECTION('',(1.,0.,0.));
#6023=DIRECTION('',(0.,0.,1.));
#6024=DIRECTION('',(1.,0.,0.));
#6025=DIRECTION('',(0.,0.,-1.));
#6026=DIRECTION('',(-1.,0.,0.));
#6027=DIRECTION('',(0.,0.,1.));
#6028=DIRECTION('',(1.,0.,0.));
#6029=DIRECTION('',(0.,-5.04646829375074E-16,-1.));
#6030=DIRECTION('',(0.,1.,-5.04646829375074E-16));
#6031=DIRECTION('',(0.,5.55111512312578E-16,1.));
#6032=DIRECTION('',(0.,-5.04646829375074E-16,-1.));
#6033=DIRECTION('',(0.,1.,-5.04646829375074E-16));
#6034=DIRECTION('',(-3.8518598887741E-33,5.68989300120392E-16,1.));
#6035=DIRECTION('',(0.,-5.04646829375074E-16,-1.));
#6036=DIRECTION('',(0.,1.,-5.04646829375074E-16));
#6037=DIRECTION('',(-3.8518598887741E-33,5.68989300120392E-16,1.));
#6038=DIRECTION('',(0.,-5.04646829375074E-16,-1.));
#6039=DIRECTION('',(0.,1.,-5.04646829375074E-16));
#6040=DIRECTION('',(-1.00929365875015E-16,-5.04646829375074E-16,-1.));
#6041=DIRECTION('',(5.09336844796604E-33,1.,-5.04646829375074E-16));
#6042=DIRECTION('',(-9.02078935847159E-65,5.68989300120392E-16,1.));
#6043=DIRECTION('',(-1.00929365875015E-16,-5.04646829375074E-16,-1.));
#6044=DIRECTION('',(0.,1.,-5.04646829375074E-16));
#6045=DIRECTION('',(-9.02078935847159E-65,5.68989300120392E-16,1.));
#6046=DIRECTION('',(-1.00929365875015E-16,-5.04646829375074E-16,-1.));
#6047=DIRECTION('',(0.,1.,-5.04646829375074E-16));
#6048=DIRECTION('',(0.,5.55111512312578E-16,1.));
#6049=DIRECTION('',(-1.00929365875015E-16,-5.04646829375074E-16,-1.));
#6050=DIRECTION('',(0.,1.,-5.04646829375074E-16));
#6051=DIRECTION('',(1.,2.77555756156289E-16,-1.54074395550979E-31));
#6052=DIRECTION('',(-2.77555756156289E-16,1.,-5.68989300120392E-16));
#6053=DIRECTION('',(3.5527136788005E-16,-1.,7.88860905221011E-33));
#6054=DIRECTION('',(-3.8518598887741E-33,5.68989300120392E-16,1.));
#6055=DIRECTION('',(-2.77555756156289E-16,1.,-5.68989300120392E-16));
#6056=DIRECTION('',(1.,2.77555756156289E-16,-1.54074395550979E-31));
#6057=DIRECTION('',(-2.77555756156289E-16,1.,-5.68989300120392E-16));
#6058=DIRECTION('',(-2.77555756156289E-16,1.,-5.68989300120392E-16));
#6059=DIRECTION('',(-3.8518598887741E-33,5.68989300120392E-16,1.));
#6060=DIRECTION('',(6.50016377494438E-48,-1.,5.68989300120392E-16));
#6061=DIRECTION('',(4.68386162474976E-31,5.68989300120392E-16,1.));
#6062=DIRECTION('',(6.50016377494438E-48,-1.,5.68989300120392E-16));
#6063=DIRECTION('',(1.,-2.60006550997768E-46,-4.68386162474976E-31));
#6064=DIRECTION('',(0.,0.,-1.));
#6065=DIRECTION('',(0.,1.,0.));
#6066=DIRECTION('',(1.,-2.60006550997768E-46,-4.68386162474976E-31));
#6067=DIRECTION('',(-2.77555756156289E-16,1.,-5.68989300120392E-16));
#6068=DIRECTION('',(1.,-2.60006550997768E-46,-4.68386162474976E-31));
#6069=DIRECTION('',(6.50016377494438E-48,-1.,5.68989300120392E-16));
#6070=DIRECTION('',(1.,-2.60006550997768E-46,-4.68386162474976E-31));
#6071=DIRECTION('',(0.,-3.70074341541719E-16,-1.));
#6072=DIRECTION('',(0.,1.,-3.70074341541719E-16));
#6073=DIRECTION('',(1.,-2.60006550997768E-46,-4.68386162474976E-31));
#6074=DIRECTION('',(6.50016377494438E-48,-1.,5.68989300120392E-16));
#6075=DIRECTION('',(1.,-2.60006550997768E-46,-4.68386162474976E-31));
#6076=DIRECTION('',(0.,-5.55111512312589E-16,-1.));
#6077=DIRECTION('',(0.,1.,-5.55111512312589E-16));
#6078=DIRECTION('',(0.,5.55111512312578E-16,1.));
#6079=DIRECTION('',(0.,-1.,5.55111512312578E-16));
#6080=DIRECTION('',(0.,5.55111512312578E-16,1.));
#6081=DIRECTION('',(0.,-1.,5.55111512312578E-16));
#6082=DIRECTION('',(0.,5.55111512312578E-16,1.));
#6083=DIRECTION('',(0.,-1.,5.55111512312578E-16));
#6084=DIRECTION('',(0.,5.55111512312578E-16,1.));
#6085=DIRECTION('',(0.,-1.,5.55111512312578E-16));
#6086=DIRECTION('',(0.,-1.11022302462518E-15,-1.));
#6087=DIRECTION('',(0.,1.,-1.11022302462518E-15));
#6088=DIRECTION('',(4.68386162474976E-31,5.68989300120392E-16,1.));
#6089=DIRECTION('',(6.50016377494438E-48,-1.,5.68989300120392E-16));
#6090=DIRECTION('',(-1.,-3.5527136788005E-16,6.7053176943786E-31));
#6091=DIRECTION('',(6.50016377494436E-48,-1.,5.68989300120392E-16));
#6092=DIRECTION('',(6.50016377494436E-48,-1.,5.68989300120392E-16));
#6093=DIRECTION('',(1.,-3.39907768361721E-32,-6.12323399573675E-17));
#6094=DIRECTION('',(0.,-3.70074341541719E-16,-1.));
#6095=DIRECTION('',(0.,1.,-3.70074341541719E-16));
#6096=DIRECTION('',(-1.,3.70074341541719E-16,6.12323399573673E-17));
#6097=DIRECTION('',(6.50016377494436E-48,-1.,5.68989300120392E-16));
#6098=DIRECTION('',(1.,-2.60006550997768E-46,-4.68386162474976E-31));
#6099=DIRECTION('',(-2.77555756156289E-16,1.,-5.68989300120392E-16));
#6100=DIRECTION('',(-1.,3.39907768361722E-32,6.12323399573675E-17));
#6101=DIRECTION('',(0.,0.,-1.));
#6102=DIRECTION('',(0.,1.,0.));
#6103=DIRECTION('',(1.,1.85037170770859E-16,-6.12323399573676E-17));
#6104=DIRECTION('',(0.,5.55111512312578E-16,1.));
#6105=DIRECTION('',(0.,-1.,5.55111512312578E-16));
#6106=DIRECTION('',(0.,5.55111512312578E-16,1.));
#6107=DIRECTION('',(0.,-1.,5.55111512312578E-16));
#6108=DIRECTION('',(0.,5.55111512312578E-16,1.));
#6109=DIRECTION('',(0.,-1.,5.55111512312578E-16));
#6110=DIRECTION('',(0.,5.55111512312578E-16,1.));
#6111=DIRECTION('',(0.,-1.,5.55111512312578E-16));
#6112=DIRECTION('',(0.,0.,-1.));
#6113=DIRECTION('',(0.,1.,0.));
#6114=DIRECTION('',(0.,-3.70074341541719E-16,-1.));
#6115=DIRECTION('',(0.,1.,-3.70074341541719E-16));
#6116=DIRECTION('',(-1.,-6.50016377494436E-48,3.6083157433888E-63));
#6117=DIRECTION('',(6.50016377494436E-48,-1.,5.68989300120392E-16));
#6118=DIRECTION('',(4.73316543132607E-31,5.55111512312578E-16,1.));
#6119=DIRECTION('',(6.50016377494436E-48,-1.,5.68989300120392E-16));
#6120=DIRECTION('',(0.,-5.55111512312589E-16,-1.));
#6121=DIRECTION('',(-6.41635663193392E-47,1.,-5.55111512312589E-16));
#6122=DIRECTION('',(8.65956056235502E-17,-0.707106781186555,-0.70710678118654));
#6123=DIRECTION('',(0.,-5.55111512312589E-16,-1.));
#6124=DIRECTION('',(0.,1.,-5.55111512312589E-16));
#6125=DIRECTION('',(0.,-3.70074341541719E-16,-1.));
#6126=DIRECTION('',(0.,1.,-3.70074341541719E-16));
#6127=DIRECTION('',(0.,-3.70074341541719E-16,-1.));
#6128=DIRECTION('',(0.,-1.11022302462518E-15,-1.));
#6129=DIRECTION('',(-1.83537643192529E-46,1.,-1.11022302462518E-15));
#6130=DIRECTION('',(8.65956056235503E-17,-0.707106781186556,-0.707106781186539));
#6131=DIRECTION('',(0.,-1.11022302462518E-15,-1.));
#6132=DIRECTION('',(0.,1.,-1.11022302462518E-15));
#6133=DIRECTION('',(0.,0.,-1.));
#6134=DIRECTION('',(0.,1.,0.));
#6135=DIRECTION('',(0.,0.,-1.));
#6136=DIRECTION('',(1.13302589453907E-32,1.,-3.70074341541719E-16));
#6137=DIRECTION('',(1.,-3.39907768361721E-32,-6.12323399573675E-17));
#6138=DIRECTION('',(-9.02078935847159E-65,5.68989300120392E-16,1.));
#6139=DIRECTION('',(0.,-3.70074341541719E-16,-1.));
#6140=DIRECTION('',(0.,-3.70074341541719E-16,-1.));
#6141=DIRECTION('',(0.,-1.,3.70074341541719E-16));
#6142=DIRECTION('',(-6.12323399573674E-17,-3.70074341541719E-16,-1.));
#6143=DIRECTION('',(-3.70074341541719E-16,-1.,3.70074341541719E-16));
#6144=DIRECTION('',(-1.,3.70074341541719E-16,6.12323399573673E-17));
#6145=DIRECTION('',(-9.02078935847159E-65,5.68989300120392E-16,1.));
#6146=DIRECTION('',(-1.,-6.50016377494436E-48,3.6083157433888E-63));
#6147=DIRECTION('',(6.50016377494436E-48,-1.,5.68989300120392E-16));
#6148=DIRECTION('',(0.,-5.55111512312578E-16,-1.));
#6149=DIRECTION('',(-1.23259516440783E-32,1.,-2.7369110631344E-49));
#6150=DIRECTION('',(-9.02078935847159E-65,5.68989300120392E-16,1.));
#6151=DIRECTION('',(-1.,-6.50016377494436E-48,3.6083157433888E-63));
#6152=DIRECTION('',(6.50016377494436E-48,-1.,5.68989300120392E-16));
#6153=DIRECTION('',(0.,0.,-1.));
#6154=DIRECTION('',(1.2305372587208E-32,1.,0.));
#6155=DIRECTION('',(0.,0.,-1.));
#6156=DIRECTION('',(-6.12323399573676E-17,-1.13302589453907E-32,-1.));
#6157=DIRECTION('',(-1.85037170770859E-16,1.,0.));
#6158=DIRECTION('',(1.,1.85037170770859E-16,-6.12323399573676E-17));
#6159=DIRECTION('',(-3.39907768361722E-32,-1.,0.));
#6160=DIRECTION('',(-1.,3.39907768361722E-32,6.12323399573675E-17));
#6161=DIRECTION('',(-3.8518598887741E-33,5.68989300120392E-16,1.));
#6162=DIRECTION('',(1.,2.77555756156289E-16,-1.54074395550979E-31));
#6163=DIRECTION('',(-2.77555756156289E-16,1.,-5.68989300120392E-16));
#6164=DIRECTION('',(-3.8518598887741E-33,5.68989300120392E-16,1.));
#6165=DIRECTION('',(-2.77555756156289E-16,1.,-5.68989300120392E-16));
#6166=DIRECTION('',(0.,-5.55111512312578E-16,-1.));
#6167=DIRECTION('',(-3.5527136788005E-16,1.,-5.55111512312578E-16));
#6168=DIRECTION('',(-1.,-3.5527136788005E-16,6.7053176943786E-31));
#6169=DIRECTION('',(1.,3.5527136788005E-16,2.22044604925031E-17));
#6170=DIRECTION('',(-2.7755575615629E-16,1.,-5.55111512312578E-16));
#6171=DIRECTION('',(0.,5.55111512312578E-16,1.));
#6172=DIRECTION('',(-3.11150763893057E-61,1.,-5.55111512312578E-16));
#6173=DIRECTION('',(-1.,-3.11150763893057E-61,0.));
#6174=DIRECTION('',(-3.11150763893057E-61,1.,-5.55111512312578E-16));
#6175=DIRECTION('',(0.,5.55111512312578E-16,1.));
#6176=DIRECTION('',(0.707106781186547,0.707106781186548,-3.05927509047395E-16));
#6177=DIRECTION('',(-3.11150763893057E-61,1.,-5.55111512312578E-16));
#6178=DIRECTION('',(0.,5.55111512312578E-16,1.));
#6179=DIRECTION('',(3.11150763893057E-61,-1.,5.55111512312578E-16));
#6180=DIRECTION('',(-1.,-3.11150763893057E-61,0.));
#6181=DIRECTION('',(3.11150763893057E-61,-1.,5.55111512312578E-16));
#6182=DIRECTION('',(3.11150763893057E-61,-1.,5.55111512312578E-16));
#6183=DIRECTION('',(0.,-5.55111512312578E-16,-1.));
#6184=DIRECTION('',(3.11150763893057E-61,-1.,5.55111512312578E-16));
#6185=DIRECTION('',(-1.,-3.11150763893057E-61,0.));
#6186=DIRECTION('',(3.11150763893057E-61,-1.,5.55111512312578E-16));
#6187=DIRECTION('',(0.,-5.55111512312578E-16,-1.));
#6188=DIRECTION('',(3.11150763893057E-61,-1.,5.55111512312578E-16));
#6189=DIRECTION('',(3.11150763893057E-61,-1.,5.55111512312578E-16));
#6190=DIRECTION('',(0.,-5.55111512312578E-16,-1.));
#6191=DIRECTION('',(0.,1.,-5.55111512312578E-16));
#6192=DIRECTION('',(9.96480987126282E-77,-5.55111512312578E-16,-1.));
#6193=DIRECTION('',(0.,1.,-5.55111512312578E-16));
#6194=DIRECTION('',(0.,5.55111512312578E-16,1.));
#6195=DIRECTION('',(1.2251733165422E-15,0.948683298050515,0.316227766016835));
#6196=DIRECTION('',(0.,1.,-5.55111512312578E-16));
#6197=DIRECTION('',(0.,5.55111512312578E-16,1.));
#6198=DIRECTION('',(0.,1.,0.));
#6199=DIRECTION('',(0.,0.,-1.));
#6200=DIRECTION('',(0.,1.,0.));
#6201=DIRECTION('',(0.,1.,0.));
#6202=DIRECTION('',(0.,0.,1.));
#6203=DIRECTION('',(3.11150763893057E-61,-1.,5.55111512312578E-16));
#6204=DIRECTION('',(0.,-5.55111512312578E-16,-1.));
#6205=DIRECTION('',(1.,3.11150763893057E-61,-1.72723371101889E-76));
#6206=DIRECTION('',(-2.7755575615629E-16,1.,-5.55111512312578E-16));
#6207=DIRECTION('',(1.8043823656748E-31,-5.55111512312578E-16,-1.));
#6208=DIRECTION('',(-2.7755575615629E-16,1.,-5.55111512312578E-16));
#6209=DIRECTION('',(0.,5.55111512312578E-16,1.));
#6210=DIRECTION('',(-2.98970682895186E-16,0.970142500145332,0.242535625036331));
#6211=DIRECTION('',(0.,-1.,0.));
#6212=DIRECTION('',(0.,0.,-1.));
#6213=DIRECTION('',(0.,-1.,0.));
#6214=DIRECTION('',(0.,0.,-1.));
#6215=DIRECTION('',(0.,-1.,0.));
#6216=DIRECTION('',(2.22044604925031E-17,0.,-1.));
#6217=DIRECTION('',(1.,3.5527136788005E-16,2.22044604925031E-17));
#6218=DIRECTION('',(1.,3.5527136788005E-16,-1.97215226305253E-31));
#6219=DIRECTION('',(-3.5527136788005E-16,1.,-5.55111512312578E-16));
#6220=DIRECTION('',(0.,5.55111512312578E-16,1.));
#6221=DIRECTION('',(2.22044604925031E-17,0.,-1.));
#6222=DIRECTION('',(-1.,-1.23259516440783E-32,-2.22044604925031E-17));
#6223=DIRECTION('',(-1.,-1.23259516440783E-32,-2.22044604925031E-17));
#6224=DIRECTION('',(0.,5.55111512312578E-16,1.));
#6225=DIRECTION('',(6.50016377494436E-48,-1.,5.55111512312578E-16));
#6226=DIRECTION('',(0.,5.55111512312578E-16,1.));
#6227=DIRECTION('',(0.,5.55111512312578E-16,1.));
#6228=DIRECTION('',(6.50016377494436E-48,-1.,5.55111512312578E-16));
#6229=DIRECTION('',(0.,5.55111512312578E-16,1.));
#6230=DIRECTION('',(0.,5.55111512312578E-16,1.));
#6231=DIRECTION('',(6.50016377494436E-48,-1.,5.55111512312578E-16));
#6232=DIRECTION('',(0.,5.55111512312578E-16,1.));
#6233=DIRECTION('',(0.,5.55111512312578E-16,1.));
#6234=DIRECTION('',(6.50016377494436E-48,-1.,5.55111512312578E-16));
#6235=DIRECTION('',(0.,5.55111512312578E-16,1.));
#6236=DIRECTION('',(3.11150763893057E-61,-1.,5.55111512312578E-16));
#6237=DIRECTION('',(1.,-2.60006550997768E-46,-4.68386162474976E-31));
#6238=DIRECTION('',(0.,0.,1.));
#6239=DIRECTION('',(1.,0.,0.));
#6240=DIRECTION('',(0.,1.,0.));
#6241=DIRECTION('',(0.,0.,1.));
#6242=DIRECTION('',(0.,1.,0.));
#6243=DIRECTION('',(0.,0.,1.));
#6244=DIRECTION('',(0.,1.,0.));
#6245=DIRECTION('',(0.,1.,0.));
#6246=DIRECTION('',(0.,0.,1.));
#6247=DIRECTION('',(0.,1.,0.));
#6248=DIRECTION('',(0.,0.,1.));
#6249=DIRECTION('',(0.,1.,0.));
#6250=DIRECTION('',(0.,0.,1.));
#6251=DIRECTION('',(0.,1.,0.));
#6252=DIRECTION('',(0.,1.,0.));
#6253=DIRECTION('',(0.,0.,1.));
#6254=DIRECTION('',(0.,1.,0.));
#6255=DIRECTION('',(0.,0.,1.));
#6256=DIRECTION('',(0.,1.,0.));
#6257=DIRECTION('',(0.,0.,1.));
#6258=DIRECTION('',(0.,1.,0.));
#6259=DIRECTION('',(0.,1.,0.));
#6260=DIRECTION('',(0.,0.,1.));
#6261=DIRECTION('',(0.,0.,1.));
#6262=DIRECTION('',(0.,-1.,0.));
#6263=DIRECTION('',(0.,0.,1.));
#6264=DIRECTION('',(0.,-1.,0.));
#6265=DIRECTION('',(0.,0.,1.));
#6266=DIRECTION('',(0.,0.,1.));
#6267=DIRECTION('',(0.,-1.,0.));
#6268=DIRECTION('',(0.,0.,1.));
#6269=DIRECTION('',(0.,-1.,0.));
#6270=DIRECTION('',(0.,0.,1.));
#6271=DIRECTION('',(0.,-1.,0.));
#6272=DIRECTION('',(0.,0.,1.));
#6273=DIRECTION('',(0.,0.,1.));
#6274=DIRECTION('',(0.,-1.,0.));
#6275=DIRECTION('',(1.,0.,0.));
#6276=DIRECTION('',(0.,0.,1.));
#6277=DIRECTION('',(0.,-1.,0.));
#6278=DIRECTION('',(0.,0.,1.));
#6279=DIRECTION('',(0.,-1.,0.));
#6280=DIRECTION('',(0.,0.,1.));
#6281=DIRECTION('',(0.,-1.,0.));
#6282=DIRECTION('',(0.,0.,1.));
#6283=DIRECTION('',(0.,-1.,0.));
#6284=DIRECTION('',(0.,0.,1.));
#6285=DIRECTION('',(1.,0.,0.));
#6286=DIRECTION('',(0.,0.,1.));
#6287=DIRECTION('',(0.,-1.,0.));
#6288=DIRECTION('',(0.,0.,1.));
#6289=DIRECTION('',(0.,-1.,0.));
#6290=DIRECTION('',(0.,0.,1.));
#6291=DIRECTION('',(0.,0.,1.));
#6292=DIRECTION('',(0.,-1.,-9.54097911787244E-15));
#6293=DIRECTION('',(0.,0.,-1.));
#6294=DIRECTION('',(0.,1.,-1.12757025938493E-14));
#6295=DIRECTION('',(1.,0.,0.));
#6296=DIRECTION('',(0.,0.,1.));
#6297=DIRECTION('',(0.,-1.,0.));
#6298=DIRECTION('',(0.,0.,1.));
#6299=DIRECTION('',(0.,-1.,0.));
#6300=DIRECTION('',(0.,0.,1.));
#6301=DIRECTION('',(0.,0.,1.));
#6302=DIRECTION('',(0.,-1.,0.));
#6303=DIRECTION('',(0.,0.,-1.));
#6304=DIRECTION('',(0.,1.,0.));
#6305=DIRECTION('',(1.,0.,0.));
#6306=DIRECTION('',(0.,0.,1.));
#6307=DIRECTION('',(0.,-1.,0.));
#6308=DIRECTION('',(0.,0.,1.));
#6309=DIRECTION('',(0.,-1.,0.));
#6310=DIRECTION('',(0.,0.,1.));
#6311=DIRECTION('',(0.,0.,1.));
#6312=DIRECTION('',(0.,-1.,0.));
#6313=DIRECTION('',(0.,0.,-1.));
#6314=DIRECTION('',(0.,1.,0.));
#6315=DIRECTION('',(0.,1.,0.));
#6316=DIRECTION('',(0.,0.,1.));
#6317=DIRECTION('',(1.,0.,0.));
#6318=DIRECTION('',(0.,0.,1.));
#6319=DIRECTION('',(1.,0.,0.));
#6320=DIRECTION('',(0.,0.,1.));
#6321=DIRECTION('',(-1.,0.,0.));
#6322=DIRECTION('',(0.,0.,-1.));
#6323=DIRECTION('',(0.,-1.,0.));
#6324=DIRECTION('',(0.,0.,-1.));
#6325=DIRECTION('',(0.,-1.,0.));
#6326=DIRECTION('',(0.,0.,-1.));
#6327=DIRECTION('',(1.82602471155453E-16,-1.,0.));
#6328=DIRECTION('',(1.,1.82602471155453E-16,0.));
#6329=DIRECTION('',(1.,1.82602471155453E-16,0.));
#6330=DIRECTION('',(0.,0.,1.));
#6331=DIRECTION('',(1.,0.,0.));
#6332=DIRECTION('',(0.,0.,1.));
#6333=DIRECTION('',(0.,0.,1.));
#6334=DIRECTION('',(0.,-1.,0.));
#6335=DIRECTION('',(0.,0.,-1.));
#6336=DIRECTION('',(0.,1.,0.));
#6337=DIRECTION('',(-0.707106781186548,-0.707106781186547,0.));
#6338=DIRECTION('',(0.,-1.,0.));
#6339=DIRECTION('',(-0.707106781186548,0.707106781186547,0.));
#6340=DIRECTION('',(-0.707106781186548,-0.707106781186547,0.));
#6341=DIRECTION('',(0.,-1.,0.));
#6342=DIRECTION('',(-0.707106781186548,0.707106781186547,0.));
#6343=DIRECTION('',(0.,0.,-1.));
#6344=DIRECTION('',(0.,1.,0.));
#6345=DIRECTION('',(0.,0.,-1.));
#6346=DIRECTION('',(0.,1.,0.));
#6347=DIRECTION('',(0.707106781186543,0.707106781186552,0.));
#6348=DIRECTION('',(0.,0.,-1.));
#6349=DIRECTION('',(0.,1.,0.));
#6350=DIRECTION('',(0.,0.,1.));
#6351=DIRECTION('',(0.,-1.,0.));
#6352=DIRECTION('',(0.,0.,-1.));
#6353=DIRECTION('',(0.,1.,0.));
#6354=DIRECTION('',(0.,0.,-1.));
#6355=DIRECTION('',(0.,1.,0.));
#6356=DIRECTION('',(-0.707106781186544,-0.707106781186551,0.));
#6357=DIRECTION('',(0.,0.,-1.));
#6358=DIRECTION('',(0.,1.,0.));
#6359=DIRECTION('',(0.,0.,-1.));
#6360=DIRECTION('',(0.,1.,0.));
#6361=DIRECTION('',(-0.707106781186548,0.707106781186547,0.));
#6362=DIRECTION('',(0.,-1.,0.));
#6363=DIRECTION('',(0.707106781186548,0.707106781186547,0.));
#6364=DIRECTION('',(-0.707106781186548,0.707106781186547,0.));
#6365=DIRECTION('',(0.,-1.,0.));
#6366=DIRECTION('',(0.707106781186548,0.707106781186547,0.));
#6367=DIRECTION('',(-0.707106781186547,0.707106781186548,0.));
#6368=DIRECTION('',(-0.707106781186548,-0.707106781186547,0.));
#6369=DIRECTION('',(0.,0.,1.));
#6370=DIRECTION('',(-1.,0.,0.));
#6371=DIRECTION('',(0.,0.,-1.));
#6372=DIRECTION('',(0.,0.,-1.));
#6373=DIRECTION('',(0.707106781186547,0.707106781186548,0.));
#6374=DIRECTION('',(-0.707106781186548,0.707106781186547,0.));
#6375=DIRECTION('',(0.707106781186547,0.707106781186548,0.));
#6376=DIRECTION('',(-0.707106781186548,0.707106781186547,0.));
#6377=DIRECTION('',(0.,0.,1.));
#6378=DIRECTION('',(-0.707106781186547,0.707106781186548,0.));
#6379=DIRECTION('',(-0.707106781186548,-0.707106781186547,0.));
#6380=DIRECTION('',(0.,0.,1.));
#6381=DIRECTION('',(1.,0.,0.));
#6382=DIRECTION('',(0.,0.,1.));
#6383=DIRECTION('',(0.707106781186552,-0.707106781186544,0.));
#6384=DIRECTION('',(0.707106781186544,0.707106781186552,0.));
#6385=DIRECTION('',(0.,1.,0.));
#6386=DIRECTION('',(0.,0.,1.));
#6387=DIRECTION('',(1.,0.,0.));
#6388=DIRECTION('',(-0.707106781186542,0.,-0.707106781186553));
#6389=DIRECTION('',(0.,0.,1.));
#6390=DIRECTION('',(0.707106781186542,0.,-0.707106781186553));
#6391=DIRECTION('',(1.,0.,0.));
#6392=DIRECTION('',(0.,0.,-1.));
#6393=DIRECTION('',(0.,1.,0.));
#6394=DIRECTION('',(1.,0.,0.));
#6395=DIRECTION('',(0.,-1.,0.));
#6396=DIRECTION('',(0.,-1.,0.));
#6397=DIRECTION('',(0.,0.,-1.));
#6398=DIRECTION('',(0.,0.,1.));
#6399=DIRECTION('',(0.707106781186542,0.,0.707106781186553));
#6400=DIRECTION('',(1.,0.,0.));
#6401=DIRECTION('',(-0.707106781186542,0.,0.707106781186553));
#6402=DIRECTION('',(0.,0.,1.));
#6403=DIRECTION('',(0.,-1.,0.));
#6404=DIRECTION('',(0.,-1.,0.));
#6405=DIRECTION('',(1.,0.,0.));
#6406=DIRECTION('',(0.,0.,1.));
#6407=DIRECTION('',(0.,-1.,0.));
#6408=DIRECTION('',(0.,-1.,0.));
#6409=DIRECTION('',(0.,1.,0.));
#6410=DIRECTION('',(0.,0.,1.));
#6411=DIRECTION('',(1.,0.,0.));
#6412=DIRECTION('',(-0.707106781186542,0.,-0.707106781186553));
#6413=DIRECTION('',(0.,0.,1.));
#6414=DIRECTION('',(0.707106781186542,0.,-0.707106781186553));
#6415=DIRECTION('',(1.,0.,0.));
#6416=DIRECTION('',(0.,0.,-1.));
#6417=DIRECTION('',(0.,1.,0.));
#6418=DIRECTION('',(1.,0.,0.));
#6419=DIRECTION('',(0.,-1.,0.));
#6420=DIRECTION('',(0.,-1.,0.));
#6421=DIRECTION('',(0.,0.,-1.));
#6422=DIRECTION('',(0.,0.,1.));
#6423=DIRECTION('',(0.707106781186543,0.,0.707106781186552));
#6424=DIRECTION('',(1.,0.,0.));
#6425=DIRECTION('',(-0.707106781186543,0.,0.707106781186552));
#6426=DIRECTION('',(0.,0.,1.));
#6427=DIRECTION('',(0.,-1.,0.));
#6428=DIRECTION('',(0.,-1.,0.));
#6429=DIRECTION('',(1.,0.,0.));
#6430=DIRECTION('',(0.,0.,1.));
#6431=DIRECTION('',(0.,-1.,0.));
#6432=DIRECTION('',(0.,-1.,0.));
#6433=DIRECTION('',(0.,1.,0.));
#6434=DIRECTION('',(0.,0.,1.));
#6435=DIRECTION('',(1.,0.,0.));
#6436=DIRECTION('',(-0.707106781186542,0.,-0.707106781186553));
#6437=DIRECTION('',(0.,0.,1.));
#6438=DIRECTION('',(0.707106781186542,0.,-0.707106781186553));
#6439=DIRECTION('',(1.,0.,0.));
#6440=DIRECTION('',(0.,-1.12757025938493E-14,-1.));
#6441=DIRECTION('',(0.,1.,-1.12757025938493E-14));
#6442=DIRECTION('',(1.,0.,0.));
#6443=DIRECTION('',(0.,-1.,0.));
#6444=DIRECTION('',(0.,-1.,0.));
#6445=DIRECTION('',(0.,0.,-1.));
#6446=DIRECTION('',(0.,0.,1.));
#6447=DIRECTION('',(0.707106781186543,0.,0.707106781186552));
#6448=DIRECTION('',(1.,0.,0.));
#6449=DIRECTION('',(-0.707106781186542,0.,0.707106781186553));
#6450=DIRECTION('',(0.,-9.54097911787244E-15,1.));
#6451=DIRECTION('',(0.,-1.,-9.54097911787244E-15));
#6452=DIRECTION('',(0.,-1.,-9.54097911787244E-15));
#6453=DIRECTION('',(1.,0.,0.));
#6454=DIRECTION('',(0.,0.,1.));
#6455=DIRECTION('',(0.,-1.,0.));
#6456=DIRECTION('',(0.,-1.,0.));
#6457=DIRECTION('',(0.707106781186552,0.,0.707106781186543));
#6458=DIRECTION('',(-0.707106781186543,0.,0.707106781186552));
#6459=DIRECTION('',(0.707106781186552,0.,0.707106781186543));
#6460=DIRECTION('',(-0.707106781186543,0.,0.707106781186552));
#6461=DIRECTION('',(0.707106781186552,0.,0.707106781186543));
#6462=DIRECTION('',(-0.707106781186543,0.,0.707106781186552));
#6463=DIRECTION('',(0.707106781186552,0.,-0.707106781186543));
#6464=DIRECTION('',(0.707106781186543,0.,0.707106781186552));
#6465=DIRECTION('',(0.707106781186552,0.,-0.707106781186543));
#6466=DIRECTION('',(0.707106781186543,0.,0.707106781186552));
#6467=DIRECTION('',(0.707106781186552,0.,-0.707106781186543));
#6468=DIRECTION('',(0.707106781186543,0.,0.707106781186552));
#6469=DIRECTION('',(0.,0.,-1.));
#6470=DIRECTION('',(0.,1.,0.));
#6471=DIRECTION('',(0.,0.,-1.));
#6472=DIRECTION('',(0.,1.,0.));
#6473=DIRECTION('',(0.,0.,-1.));
#6474=DIRECTION('',(0.,1.,0.));
#6475=DIRECTION('',(0.,0.,-1.));
#6476=DIRECTION('',(0.,1.,0.));
#6477=DIRECTION('',(0.,0.,-1.));
#6478=DIRECTION('',(0.,1.,0.));
#6479=DIRECTION('',(0.,0.,-1.));
#6480=DIRECTION('',(0.,1.,0.));
#6481=DIRECTION('',(0.,0.,1.));
#6482=DIRECTION('',(0.,0.,-1.));
#6483=DIRECTION('',(0.,1.,0.));
#6484=DIRECTION('',(0.,0.,-1.));
#6485=DIRECTION('',(0.,1.,0.));
#6486=DIRECTION('',(0.,0.,1.));
#6487=DIRECTION('',(1.,0.,0.));
#6488=DIRECTION('',(1.,0.,0.));
#6489=DIRECTION('',(-8.67361737988404E-16,1.,0.));
#6490=DIRECTION('',(-1.,-8.67361737988404E-16,0.));
#6491=DIRECTION('',(-1.,-8.67361737988404E-16,0.));
#6492=DIRECTION('',(1.,0.,0.));
#6493=DIRECTION('',(0.,0.,1.));
#6494=DIRECTION('',(0.,-1.,0.));
#6495=DIRECTION('',(0.,0.,1.));
#6496=DIRECTION('',(0.,-1.,0.));
#6497=DIRECTION('',(0.,0.,1.));
#6498=DIRECTION('',(1.,0.,0.));
#6499=DIRECTION('',(0.,1.,0.));
#6500=DIRECTION('',(-1.22464679914735E-16,0.,-1.));
#6501=DIRECTION('',(0.,1.,0.));
#6502=DIRECTION('',(-1.22464679914735E-16,0.,-1.));
#6503=DIRECTION('',(0.,1.,0.));
#6504=DIRECTION('',(0.,1.,0.));
#6505=DIRECTION('',(-1.22464679914735E-16,0.,-1.));
#6506=DIRECTION('',(0.,1.,0.));
#6507=DIRECTION('',(-1.22464679914735E-16,0.,-1.));
#6508=DIRECTION('',(0.,1.,0.));
#6509=DIRECTION('',(-1.22464679914735E-16,0.,-1.));
#6510=DIRECTION('',(0.,1.,0.));
#6511=DIRECTION('',(0.,1.,0.));
#6512=DIRECTION('',(-1.22464679914735E-16,0.,-1.));
#6513=DIRECTION('',(0.,1.,0.));
#6514=DIRECTION('',(-1.22464679914735E-16,0.,-1.));
#6515=DIRECTION('',(0.,1.,0.));
#6516=DIRECTION('',(-1.22464679914735E-16,0.,-1.));
#6517=DIRECTION('',(0.,1.,0.));
#6518=DIRECTION('',(0.,1.,0.));
#6519=DIRECTION('',(-1.22464679914735E-16,0.,-1.));
#6520=DIRECTION('',(-1.22464679914735E-16,0.,-1.));
#6521=DIRECTION('',(0.,-1.,0.));
#6522=DIRECTION('',(-1.22464679914735E-16,0.,-1.));
#6523=DIRECTION('',(0.,-1.,0.));
#6524=DIRECTION('',(-1.22464679914735E-16,0.,-1.));
#6525=DIRECTION('',(-1.22464679914735E-16,0.,-1.));
#6526=DIRECTION('',(0.,-1.,0.));
#6527=DIRECTION('',(-1.22464679914735E-16,0.,-1.));
#6528=DIRECTION('',(0.,-1.,0.));
#6529=DIRECTION('',(-1.22464679914735E-16,0.,-1.));
#6530=DIRECTION('',(0.,-1.,0.));
#6531=DIRECTION('',(-1.22464679914735E-16,0.,-1.));
#6532=DIRECTION('',(-1.22464679914735E-16,0.,-1.));
#6533=DIRECTION('',(0.,-1.,0.));
#6534=DIRECTION('',(-1.,0.,1.22464679914735E-16));
#6535=DIRECTION('',(-1.22464679914735E-16,0.,-1.));
#6536=DIRECTION('',(0.,-1.,0.));
#6537=DIRECTION('',(-1.22464679914735E-16,0.,-1.));
#6538=DIRECTION('',(0.,-1.,0.));
#6539=DIRECTION('',(-1.22464679914735E-16,0.,-1.));
#6540=DIRECTION('',(0.,-1.,0.));
#6541=DIRECTION('',(-1.22464679914735E-16,0.,-1.));
#6542=DIRECTION('',(0.,-1.,0.));
#6543=DIRECTION('',(-1.22464679914735E-16,0.,-1.));
#6544=DIRECTION('',(-1.,0.,1.22464679914735E-16));
#6545=DIRECTION('',(-1.22464679914735E-16,0.,-1.));
#6546=DIRECTION('',(0.,-1.,0.));
#6547=DIRECTION('',(-1.22464679914735E-16,0.,-1.));
#6548=DIRECTION('',(0.,-1.,0.));
#6549=DIRECTION('',(-1.22464679914735E-16,0.,-1.));
#6550=DIRECTION('',(-1.22464679914735E-16,0.,-1.));
#6551=DIRECTION('',(1.16843295374342E-30,-1.,9.54097911787244E-15));
#6552=DIRECTION('',(1.22464679914735E-16,0.,1.));
#6553=DIRECTION('',(1.38087530896951E-30,1.,1.12757025938493E-14));
#6554=DIRECTION('',(-1.,0.,1.22464679914735E-16));
#6555=DIRECTION('',(-1.22464679914735E-16,0.,-1.));
#6556=DIRECTION('',(0.,-1.,0.));
#6557=DIRECTION('',(-1.22464679914735E-16,0.,-1.));
#6558=DIRECTION('',(0.,-1.,0.));
#6559=DIRECTION('',(-1.22464679914735E-16,0.,-1.));
#6560=DIRECTION('',(-1.22464679914735E-16,0.,-1.));
#6561=DIRECTION('',(0.,-1.,0.));
#6562=DIRECTION('',(1.22464679914735E-16,0.,1.));
#6563=DIRECTION('',(0.,1.,0.));
#6564=DIRECTION('',(-1.,0.,1.22464679914735E-16));
#6565=DIRECTION('',(-1.22464679914735E-16,0.,-1.));
#6566=DIRECTION('',(0.,-1.,0.));
#6567=DIRECTION('',(-1.22464679914735E-16,0.,-1.));
#6568=DIRECTION('',(0.,-1.,0.));
#6569=DIRECTION('',(-1.22464679914735E-16,0.,-1.));
#6570=DIRECTION('',(-1.22464679914735E-16,0.,-1.));
#6571=DIRECTION('',(0.,-1.,0.));
#6572=DIRECTION('',(1.22464679914735E-16,0.,1.));
#6573=DIRECTION('',(0.,1.,0.));
#6574=DIRECTION('',(0.,1.,0.));
#6575=DIRECTION('',(-1.22464679914735E-16,0.,-1.));
#6576=DIRECTION('',(-1.,0.,1.22464679914735E-16));
#6577=DIRECTION('',(-1.22464679914735E-16,0.,-1.));
#6578=DIRECTION('',(-1.,0.,1.22464679914735E-16));
#6579=DIRECTION('',(-1.22464679914735E-16,0.,-1.));
#6580=DIRECTION('',(1.,0.,-1.22464679914735E-16));
#6581=DIRECTION('',(1.22464679914735E-16,0.,1.));
#6582=DIRECTION('',(0.,-1.,0.));
#6583=DIRECTION('',(1.22464679914735E-16,0.,1.));
#6584=DIRECTION('',(0.,-1.,0.));
#6585=DIRECTION('',(1.22464679914735E-16,0.,1.));
#6586=DIRECTION('',(-1.82602471155453E-16,-1.,2.23623531816922E-32));
#6587=DIRECTION('',(-1.,1.82602471155453E-16,1.22464679914735E-16));
#6588=DIRECTION('',(-1.,1.82602471155453E-16,1.22464679914735E-16));
#6589=DIRECTION('',(-1.22464679914735E-16,0.,-1.));
#6590=DIRECTION('',(-1.,0.,1.22464679914735E-16));
#6591=DIRECTION('',(-1.22464679914735E-16,0.,-1.));
#6592=DIRECTION('',(-1.22464679914735E-16,0.,-1.));
#6593=DIRECTION('',(0.,-1.,0.));
#6594=DIRECTION('',(1.22464679914735E-16,0.,1.));
#6595=DIRECTION('',(0.,1.,0.));
#6596=DIRECTION('',(0.707106781186548,-0.707106781186547,-8.65956056235494E-17));
#6597=DIRECTION('',(0.,-1.,0.));
#6598=DIRECTION('',(0.707106781186548,0.707106781186547,-8.65956056235494E-17));
#6599=DIRECTION('',(0.707106781186548,-0.707106781186547,-8.65956056235494E-17));
#6600=DIRECTION('',(0.,-1.,0.));
#6601=DIRECTION('',(0.707106781186548,0.707106781186547,-8.65956056235494E-17));
#6602=DIRECTION('',(1.22464679914735E-16,0.,1.));
#6603=DIRECTION('',(0.,1.,0.));
#6604=DIRECTION('',(1.22464679914735E-16,0.,1.));
#6605=DIRECTION('',(0.,1.,0.));
#6606=DIRECTION('',(-0.707106781186543,0.707106781186552,8.65956056235488E-17));
#6607=DIRECTION('',(1.22464679914735E-16,0.,1.));
#6608=DIRECTION('',(0.,1.,0.));
#6609=DIRECTION('',(-1.22464679914735E-16,0.,-1.));
#6610=DIRECTION('',(0.,-1.,0.));
#6611=DIRECTION('',(1.22464679914735E-16,0.,1.));
#6612=DIRECTION('',(0.,1.,0.));
#6613=DIRECTION('',(1.22464679914735E-16,0.,1.));
#6614=DIRECTION('',(0.,1.,0.));
#6615=DIRECTION('',(0.707106781186544,-0.707106781186551,-8.65956056235489E-17));
#6616=DIRECTION('',(1.22464679914735E-16,0.,1.));
#6617=DIRECTION('',(0.,1.,0.));
#6618=DIRECTION('',(1.22464679914735E-16,0.,1.));
#6619=DIRECTION('',(0.,1.,0.));
#6620=DIRECTION('',(0.707106781186548,0.707106781186547,-8.65956056235494E-17));
#6621=DIRECTION('',(0.,-1.,0.));
#6622=DIRECTION('',(-0.707106781186548,0.707106781186547,8.65956056235494E-17));
#6623=DIRECTION('',(0.707106781186548,0.707106781186547,-8.65956056235494E-17));
#6624=DIRECTION('',(0.,-1.,0.));
#6625=DIRECTION('',(-0.707106781186548,0.707106781186547,8.65956056235494E-17));
#6626=DIRECTION('',(0.707106781186547,0.707106781186548,-8.65956056235493E-17));
#6627=DIRECTION('',(0.707106781186548,-0.707106781186547,-8.65956056235494E-17));
#6628=DIRECTION('',(-1.22464679914735E-16,0.,-1.));
#6629=DIRECTION('',(1.,0.,-1.22464679914735E-16));
#6630=DIRECTION('',(1.22464679914735E-16,0.,1.));
#6631=DIRECTION('',(1.22464679914735E-16,0.,1.));
#6632=DIRECTION('',(-0.707106781186547,0.707106781186548,8.65956056235493E-17));
#6633=DIRECTION('',(0.707106781186548,0.707106781186547,-8.65956056235494E-17));
#6634=DIRECTION('',(-0.707106781186547,0.707106781186548,8.65956056235493E-17));
#6635=DIRECTION('',(0.707106781186548,0.707106781186547,-8.65956056235494E-17));
#6636=DIRECTION('',(-1.22464679914735E-16,0.,-1.));
#6637=DIRECTION('',(0.707106781186547,0.707106781186548,-8.65956056235493E-17));
#6638=DIRECTION('',(0.707106781186548,-0.707106781186547,-8.65956056235494E-17));
#6639=DIRECTION('',(-1.22464679914735E-16,0.,-1.));
#6640=DIRECTION('',(-1.,0.,1.22464679914735E-16));
#6641=DIRECTION('',(-1.22464679914735E-16,0.,-1.));
#6642=DIRECTION('',(-0.707106781186552,-0.707106781186544,8.65956056235499E-17));
#6643=DIRECTION('',(-0.707106781186544,0.707106781186552,8.65956056235489E-17));
#6644=DIRECTION('',(0.,1.,0.));
#6645=DIRECTION('',(-1.22464679914735E-16,0.,-1.));
#6646=DIRECTION('',(-1.,0.,1.22464679914735E-16));
#6647=DIRECTION('',(0.707106781186542,0.,0.707106781186553));
#6648=DIRECTION('',(-1.22464679914735E-16,0.,-1.));
#6649=DIRECTION('',(-0.707106781186542,0.,0.707106781186553));
#6650=DIRECTION('',(-1.,0.,1.22464679914735E-16));
#6651=DIRECTION('',(1.22464679914735E-16,0.,1.));
#6652=DIRECTION('',(0.,1.,0.));
#6653=DIRECTION('',(-1.,0.,1.22464679914735E-16));
#6654=DIRECTION('',(0.,-1.,0.));
#6655=DIRECTION('',(0.,-1.,0.));
#6656=DIRECTION('',(1.22464679914735E-16,0.,1.));
#6657=DIRECTION('',(-1.22464679914735E-16,0.,-1.));
#6658=DIRECTION('',(-0.707106781186542,0.,-0.707106781186553));
#6659=DIRECTION('',(-1.,0.,1.22464679914735E-16));
#6660=DIRECTION('',(0.707106781186542,0.,-0.707106781186553));
#6661=DIRECTION('',(-1.22464679914735E-16,0.,-1.));
#6662=DIRECTION('',(0.,-1.,0.));
#6663=DIRECTION('',(0.,-1.,0.));
#6664=DIRECTION('',(-1.,0.,1.22464679914735E-16));
#6665=DIRECTION('',(-1.22464679914735E-16,0.,-1.));
#6666=DIRECTION('',(0.,-1.,0.));
#6667=DIRECTION('',(0.,-1.,0.));
#6668=DIRECTION('',(0.,1.,0.));
#6669=DIRECTION('',(-1.22464679914735E-16,0.,-1.));
#6670=DIRECTION('',(-1.,0.,1.22464679914735E-16));
#6671=DIRECTION('',(0.707106781186542,0.,0.707106781186553));
#6672=DIRECTION('',(-1.22464679914735E-16,0.,-1.));
#6673=DIRECTION('',(-0.707106781186542,0.,0.707106781186553));
#6674=DIRECTION('',(-1.,0.,1.22464679914735E-16));
#6675=DIRECTION('',(1.22464679914735E-16,0.,1.));
#6676=DIRECTION('',(0.,1.,0.));
#6677=DIRECTION('',(-1.,0.,1.22464679914735E-16));
#6678=DIRECTION('',(0.,-1.,0.));
#6679=DIRECTION('',(0.,-1.,0.));
#6680=DIRECTION('',(1.22464679914735E-16,0.,1.));
#6681=DIRECTION('',(-1.22464679914735E-16,0.,-1.));
#6682=DIRECTION('',(-0.707106781186543,0.,-0.707106781186552));
#6683=DIRECTION('',(-1.,0.,1.22464679914735E-16));
#6684=DIRECTION('',(0.707106781186543,0.,-0.707106781186552));
#6685=DIRECTION('',(-1.22464679914735E-16,0.,-1.));
#6686=DIRECTION('',(0.,-1.,0.));
#6687=DIRECTION('',(0.,-1.,0.));
#6688=DIRECTION('',(-1.,0.,1.22464679914735E-16));
#6689=DIRECTION('',(-1.22464679914735E-16,0.,-1.));
#6690=DIRECTION('',(0.,-1.,0.));
#6691=DIRECTION('',(0.,-1.,0.));
#6692=DIRECTION('',(0.,1.,0.));
#6693=DIRECTION('',(-1.22464679914735E-16,0.,-1.));
#6694=DIRECTION('',(-1.,0.,1.22464679914735E-16));
#6695=DIRECTION('',(0.707106781186542,0.,0.707106781186553));
#6696=DIRECTION('',(-1.22464679914735E-16,0.,-1.));
#6697=DIRECTION('',(-0.707106781186542,0.,0.707106781186553));
#6698=DIRECTION('',(-1.,0.,1.22464679914735E-16));
#6699=DIRECTION('',(1.22464679914735E-16,-1.12757025938493E-14,1.));
#6700=DIRECTION('',(1.38087530896951E-30,1.,1.12757025938493E-14));
#6701=DIRECTION('',(-1.,0.,1.22464679914735E-16));
#6702=DIRECTION('',(0.,-1.,0.));
#6703=DIRECTION('',(0.,-1.,0.));
#6704=DIRECTION('',(1.22464679914735E-16,0.,1.));
#6705=DIRECTION('',(-1.22464679914735E-16,0.,-1.));
#6706=DIRECTION('',(-0.707106781186543,0.,-0.707106781186552));
#6707=DIRECTION('',(-1.,0.,1.22464679914735E-16));
#6708=DIRECTION('',(0.707106781186542,0.,-0.707106781186553));
#6709=DIRECTION('',(-1.22464679914735E-16,-9.54097911787244E-15,-1.));
#6710=DIRECTION('',(1.16843295374342E-30,-1.,9.54097911787244E-15));
#6711=DIRECTION('',(1.16843295374342E-30,-1.,9.54097911787244E-15));
#6712=DIRECTION('',(-1.,0.,1.22464679914735E-16));
#6713=DIRECTION('',(-1.22464679914735E-16,0.,-1.));
#6714=DIRECTION('',(0.,-1.,0.));
#6715=DIRECTION('',(0.,-1.,0.));
#6716=DIRECTION('',(-0.707106781186552,0.,-0.707106781186543));
#6717=DIRECTION('',(0.707106781186543,0.,-0.707106781186552));
#6718=DIRECTION('',(-0.707106781186552,0.,-0.707106781186543));
#6719=DIRECTION('',(0.707106781186543,0.,-0.707106781186552));
#6720=DIRECTION('',(-0.707106781186552,0.,-0.707106781186543));
#6721=DIRECTION('',(0.707106781186543,0.,-0.707106781186552));
#6722=DIRECTION('',(-0.707106781186552,0.,0.707106781186543));
#6723=DIRECTION('',(-0.707106781186543,0.,-0.707106781186552));
#6724=DIRECTION('',(-0.707106781186552,0.,0.707106781186543));
#6725=DIRECTION('',(-0.707106781186543,0.,-0.707106781186552));
#6726=DIRECTION('',(-0.707106781186552,0.,0.707106781186543));
#6727=DIRECTION('',(-0.707106781186543,0.,-0.707106781186552));
#6728=DIRECTION('',(1.22464679914735E-16,0.,1.));
#6729=DIRECTION('',(0.,1.,0.));
#6730=DIRECTION('',(1.22464679914735E-16,0.,1.));
#6731=DIRECTION('',(0.,1.,0.));
#6732=DIRECTION('',(1.22464679914735E-16,0.,1.));
#6733=DIRECTION('',(0.,1.,0.));
#6734=DIRECTION('',(1.22464679914735E-16,0.,1.));
#6735=DIRECTION('',(0.,1.,0.));
#6736=DIRECTION('',(1.22464679914735E-16,0.,1.));
#6737=DIRECTION('',(0.,1.,0.));
#6738=DIRECTION('',(1.22464679914735E-16,0.,1.));
#6739=DIRECTION('',(0.,1.,0.));
#6740=DIRECTION('',(-1.22464679914735E-16,0.,-1.));
#6741=DIRECTION('',(1.22464679914735E-16,0.,1.));
#6742=DIRECTION('',(0.,1.,0.));
#6743=DIRECTION('',(1.22464679914735E-16,0.,1.));
#6744=DIRECTION('',(0.,1.,0.));
#6745=DIRECTION('',(-1.22464679914735E-16,0.,-1.));
#6746=DIRECTION('',(-1.,0.,1.22464679914735E-16));
#6747=DIRECTION('',(-1.,0.,1.22464679914735E-16));
#6748=DIRECTION('',(8.67361737988404E-16,1.,-1.06221177613038E-31));
#6749=DIRECTION('',(1.,-8.67361737988404E-16,-1.22464679914735E-16));
#6750=DIRECTION('',(1.,-8.67361737988404E-16,-1.22464679914735E-16));
#6751=DIRECTION('',(-1.,0.,1.22464679914735E-16));
#6752=DIRECTION('',(-1.22464679914735E-16,0.,-1.));
#6753=DIRECTION('',(0.,-1.,0.));
#6754=DIRECTION('',(-1.22464679914735E-16,0.,-1.));
#6755=DIRECTION('',(0.,-1.,0.));
#6756=DIRECTION('',(0.,0.,1.));
#6757=DIRECTION('',(1.,0.,0.));
#6758=DIRECTION('',(0.,-5.04646829375074E-16,-1.));
#6759=DIRECTION('',(0.,1.,-5.04646829375074E-16));
#6760=DIRECTION('',(0.,5.55111512312578E-16,1.));
#6761=DIRECTION('',(0.,-5.04646829375074E-16,-1.));
#6762=DIRECTION('',(0.,1.,-5.04646829375074E-16));
#6763=DIRECTION('',(-3.8518598887741E-33,5.68989300120392E-16,1.));
#6764=DIRECTION('',(0.,-5.04646829375074E-16,-1.));
#6765=DIRECTION('',(0.,1.,-5.04646829375074E-16));
#6766=DIRECTION('',(-3.8518598887741E-33,5.68989300120392E-16,1.));
#6767=DIRECTION('',(0.,-5.04646829375074E-16,-1.));
#6768=DIRECTION('',(0.,1.,-5.04646829375074E-16));
#6769=DIRECTION('',(-1.00929365875015E-16,-5.04646829375074E-16,-1.));
#6770=DIRECTION('',(5.09336844796604E-33,1.,-5.04646829375074E-16));
#6771=DIRECTION('',(-9.02078935847159E-65,5.68989300120392E-16,1.));
#6772=DIRECTION('',(-1.00929365875015E-16,-5.04646829375074E-16,-1.));
#6773=DIRECTION('',(0.,1.,-5.04646829375074E-16));
#6774=DIRECTION('',(-9.02078935847159E-65,5.68989300120392E-16,1.));
#6775=DIRECTION('',(-1.00929365875015E-16,-5.04646829375074E-16,-1.));
#6776=DIRECTION('',(0.,1.,-5.04646829375074E-16));
#6777=DIRECTION('',(0.,5.55111512312578E-16,1.));
#6778=DIRECTION('',(-1.00929365875015E-16,-5.04646829375074E-16,-1.));
#6779=DIRECTION('',(0.,1.,-5.04646829375074E-16));
#6780=DIRECTION('',(1.,2.77555756156289E-16,-1.54074395550979E-31));
#6781=DIRECTION('',(-2.77555756156289E-16,1.,-5.68989300120392E-16));
#6782=DIRECTION('',(3.5527136788005E-16,-1.,7.88860905221011E-33));
#6783=DIRECTION('',(-3.8518598887741E-33,5.68989300120392E-16,1.));
#6784=DIRECTION('',(-2.77555756156289E-16,1.,-5.68989300120392E-16));
#6785=DIRECTION('',(1.,2.77555756156289E-16,-1.54074395550979E-31));
#6786=DIRECTION('',(-2.77555756156289E-16,1.,-5.68989300120392E-16));
#6787=DIRECTION('',(-2.77555756156289E-16,1.,-5.68989300120392E-16));
#6788=DIRECTION('',(-3.8518598887741E-33,5.68989300120392E-16,1.));
#6789=DIRECTION('',(6.50016377494438E-48,-1.,5.68989300120392E-16));
#6790=DIRECTION('',(4.68386162474976E-31,5.68989300120392E-16,1.));
#6791=DIRECTION('',(6.50016377494438E-48,-1.,5.68989300120392E-16));
#6792=DIRECTION('',(1.,-2.60006550997768E-46,-4.68386162474976E-31));
#6793=DIRECTION('',(0.,0.,-1.));
#6794=DIRECTION('',(0.,1.,0.));
#6795=DIRECTION('',(1.,-2.60006550997768E-46,-4.68386162474976E-31));
#6796=DIRECTION('',(-2.77555756156289E-16,1.,-5.68989300120392E-16));
#6797=DIRECTION('',(1.,-2.60006550997768E-46,-4.68386162474976E-31));
#6798=DIRECTION('',(6.50016377494438E-48,-1.,5.68989300120392E-16));
#6799=DIRECTION('',(1.,-2.60006550997768E-46,-4.68386162474976E-31));
#6800=DIRECTION('',(0.,-3.70074341541719E-16,-1.));
#6801=DIRECTION('',(0.,1.,-3.70074341541719E-16));
#6802=DIRECTION('',(1.,-2.60006550997768E-46,-4.68386162474976E-31));
#6803=DIRECTION('',(6.50016377494438E-48,-1.,5.68989300120392E-16));
#6804=DIRECTION('',(1.,-2.60006550997768E-46,-4.68386162474976E-31));
#6805=DIRECTION('',(0.,-5.55111512312589E-16,-1.));
#6806=DIRECTION('',(0.,1.,-5.55111512312589E-16));
#6807=DIRECTION('',(0.,5.55111512312578E-16,1.));
#6808=DIRECTION('',(0.,-1.,5.55111512312578E-16));
#6809=DIRECTION('',(0.,5.55111512312578E-16,1.));
#6810=DIRECTION('',(0.,-1.,5.55111512312578E-16));
#6811=DIRECTION('',(0.,5.55111512312578E-16,1.));
#6812=DIRECTION('',(0.,-1.,5.55111512312578E-16));
#6813=DIRECTION('',(0.,5.55111512312578E-16,1.));
#6814=DIRECTION('',(0.,-1.,5.55111512312578E-16));
#6815=DIRECTION('',(0.,-1.11022302462518E-15,-1.));
#6816=DIRECTION('',(0.,1.,-1.11022302462518E-15));
#6817=DIRECTION('',(4.68386162474976E-31,5.68989300120392E-16,1.));
#6818=DIRECTION('',(6.50016377494438E-48,-1.,5.68989300120392E-16));
#6819=DIRECTION('',(-1.,-3.5527136788005E-16,6.7053176943786E-31));
#6820=DIRECTION('',(6.50016377494436E-48,-1.,5.68989300120392E-16));
#6821=DIRECTION('',(6.50016377494436E-48,-1.,5.68989300120392E-16));
#6822=DIRECTION('',(1.,-3.39907768361721E-32,-6.12323399573675E-17));
#6823=DIRECTION('',(0.,-3.70074341541719E-16,-1.));
#6824=DIRECTION('',(0.,1.,-3.70074341541719E-16));
#6825=DIRECTION('',(-1.,3.70074341541719E-16,6.12323399573673E-17));
#6826=DIRECTION('',(6.50016377494436E-48,-1.,5.68989300120392E-16));
#6827=DIRECTION('',(1.,-2.60006550997768E-46,-4.68386162474976E-31));
#6828=DIRECTION('',(-2.77555756156289E-16,1.,-5.68989300120392E-16));
#6829=DIRECTION('',(-1.,3.39907768361722E-32,6.12323399573675E-17));
#6830=DIRECTION('',(0.,0.,-1.));
#6831=DIRECTION('',(0.,1.,0.));
#6832=DIRECTION('',(1.,1.85037170770859E-16,-6.12323399573676E-17));
#6833=DIRECTION('',(0.,5.55111512312578E-16,1.));
#6834=DIRECTION('',(0.,-1.,5.55111512312578E-16));
#6835=DIRECTION('',(0.,5.55111512312578E-16,1.));
#6836=DIRECTION('',(0.,-1.,5.55111512312578E-16));
#6837=DIRECTION('',(0.,5.55111512312578E-16,1.));
#6838=DIRECTION('',(0.,-1.,5.55111512312578E-16));
#6839=DIRECTION('',(0.,5.55111512312578E-16,1.));
#6840=DIRECTION('',(0.,-1.,5.55111512312578E-16));
#6841=DIRECTION('',(0.,0.,-1.));
#6842=DIRECTION('',(0.,1.,0.));
#6843=DIRECTION('',(0.,-3.70074341541719E-16,-1.));
#6844=DIRECTION('',(0.,1.,-3.70074341541719E-16));
#6845=DIRECTION('',(-1.,-6.50016377494436E-48,3.6083157433888E-63));
#6846=DIRECTION('',(6.50016377494436E-48,-1.,5.68989300120392E-16));
#6847=DIRECTION('',(4.73316543132607E-31,5.55111512312578E-16,1.));
#6848=DIRECTION('',(6.50016377494436E-48,-1.,5.68989300120392E-16));
#6849=DIRECTION('',(0.,-5.55111512312589E-16,-1.));
#6850=DIRECTION('',(-6.41635663193392E-47,1.,-5.55111512312589E-16));
#6851=DIRECTION('',(8.65956056235502E-17,-0.707106781186555,-0.70710678118654));
#6852=DIRECTION('',(0.,-5.55111512312589E-16,-1.));
#6853=DIRECTION('',(0.,1.,-5.55111512312589E-16));
#6854=DIRECTION('',(0.,-3.70074341541719E-16,-1.));
#6855=DIRECTION('',(0.,1.,-3.70074341541719E-16));
#6856=DIRECTION('',(0.,-3.70074341541719E-16,-1.));
#6857=DIRECTION('',(0.,-1.11022302462518E-15,-1.));
#6858=DIRECTION('',(-1.83537643192529E-46,1.,-1.11022302462518E-15));
#6859=DIRECTION('',(8.65956056235503E-17,-0.707106781186556,-0.707106781186539));
#6860=DIRECTION('',(0.,-1.11022302462518E-15,-1.));
#6861=DIRECTION('',(0.,1.,-1.11022302462518E-15));
#6862=DIRECTION('',(0.,0.,-1.));
#6863=DIRECTION('',(0.,1.,0.));
#6864=DIRECTION('',(0.,0.,-1.));
#6865=DIRECTION('',(1.13302589453907E-32,1.,-3.70074341541719E-16));
#6866=DIRECTION('',(1.,-3.39907768361721E-32,-6.12323399573675E-17));
#6867=DIRECTION('',(-9.02078935847159E-65,5.68989300120392E-16,1.));
#6868=DIRECTION('',(0.,-3.70074341541719E-16,-1.));
#6869=DIRECTION('',(0.,-3.70074341541719E-16,-1.));
#6870=DIRECTION('',(0.,-1.,3.70074341541719E-16));
#6871=DIRECTION('',(-6.12323399573674E-17,-3.70074341541719E-16,-1.));
#6872=DIRECTION('',(-3.70074341541719E-16,-1.,3.70074341541719E-16));
#6873=DIRECTION('',(-1.,3.70074341541719E-16,6.12323399573673E-17));
#6874=DIRECTION('',(-9.02078935847159E-65,5.68989300120392E-16,1.));
#6875=DIRECTION('',(-1.,-6.50016377494436E-48,3.6083157433888E-63));
#6876=DIRECTION('',(6.50016377494436E-48,-1.,5.68989300120392E-16));
#6877=DIRECTION('',(0.,-5.55111512312578E-16,-1.));
#6878=DIRECTION('',(-1.23259516440783E-32,1.,-2.7369110631344E-49));
#6879=DIRECTION('',(-9.02078935847159E-65,5.68989300120392E-16,1.));
#6880=DIRECTION('',(-1.,-6.50016377494436E-48,3.6083157433888E-63));
#6881=DIRECTION('',(6.50016377494436E-48,-1.,5.68989300120392E-16));
#6882=DIRECTION('',(0.,0.,-1.));
#6883=DIRECTION('',(1.2305372587208E-32,1.,0.));
#6884=DIRECTION('',(0.,0.,-1.));
#6885=DIRECTION('',(-6.12323399573676E-17,-1.13302589453907E-32,-1.));
#6886=DIRECTION('',(-1.85037170770859E-16,1.,0.));
#6887=DIRECTION('',(1.,1.85037170770859E-16,-6.12323399573676E-17));
#6888=DIRECTION('',(-3.39907768361722E-32,-1.,0.));
#6889=DIRECTION('',(-1.,3.39907768361722E-32,6.12323399573675E-17));
#6890=DIRECTION('',(-3.8518598887741E-33,5.68989300120392E-16,1.));
#6891=DIRECTION('',(1.,2.77555756156289E-16,-1.54074395550979E-31));
#6892=DIRECTION('',(-2.77555756156289E-16,1.,-5.68989300120392E-16));
#6893=DIRECTION('',(-3.8518598887741E-33,5.68989300120392E-16,1.));
#6894=DIRECTION('',(-2.77555756156289E-16,1.,-5.68989300120392E-16));
#6895=DIRECTION('',(0.,-5.55111512312578E-16,-1.));
#6896=DIRECTION('',(-3.5527136788005E-16,1.,-5.55111512312578E-16));
#6897=DIRECTION('',(-1.,-3.5527136788005E-16,6.7053176943786E-31));
#6898=DIRECTION('',(1.,3.5527136788005E-16,2.22044604925031E-17));
#6899=DIRECTION('',(-2.7755575615629E-16,1.,-5.55111512312578E-16));
#6900=DIRECTION('',(0.,5.55111512312578E-16,1.));
#6901=DIRECTION('',(-3.11150763893057E-61,1.,-5.55111512312578E-16));
#6902=DIRECTION('',(-1.,-3.11150763893057E-61,0.));
#6903=DIRECTION('',(-3.11150763893057E-61,1.,-5.55111512312578E-16));
#6904=DIRECTION('',(0.,5.55111512312578E-16,1.));
#6905=DIRECTION('',(0.707106781186547,0.707106781186548,-3.05927509047395E-16));
#6906=DIRECTION('',(-3.11150763893057E-61,1.,-5.55111512312578E-16));
#6907=DIRECTION('',(0.,5.55111512312578E-16,1.));
#6908=DIRECTION('',(3.11150763893057E-61,-1.,5.55111512312578E-16));
#6909=DIRECTION('',(-1.,-3.11150763893057E-61,0.));
#6910=DIRECTION('',(3.11150763893057E-61,-1.,5.55111512312578E-16));
#6911=DIRECTION('',(3.11150763893057E-61,-1.,5.55111512312578E-16));
#6912=DIRECTION('',(0.,-5.55111512312578E-16,-1.));
#6913=DIRECTION('',(3.11150763893057E-61,-1.,5.55111512312578E-16));
#6914=DIRECTION('',(-1.,-3.11150763893057E-61,0.));
#6915=DIRECTION('',(3.11150763893057E-61,-1.,5.55111512312578E-16));
#6916=DIRECTION('',(0.,-5.55111512312578E-16,-1.));
#6917=DIRECTION('',(3.11150763893057E-61,-1.,5.55111512312578E-16));
#6918=DIRECTION('',(3.11150763893057E-61,-1.,5.55111512312578E-16));
#6919=DIRECTION('',(0.,-5.55111512312578E-16,-1.));
#6920=DIRECTION('',(0.,1.,-5.55111512312578E-16));
#6921=DIRECTION('',(9.96480987126282E-77,-5.55111512312578E-16,-1.));
#6922=DIRECTION('',(0.,1.,-5.55111512312578E-16));
#6923=DIRECTION('',(0.,5.55111512312578E-16,1.));
#6924=DIRECTION('',(1.2251733165422E-15,0.948683298050515,0.316227766016835));
#6925=DIRECTION('',(0.,1.,-5.55111512312578E-16));
#6926=DIRECTION('',(0.,5.55111512312578E-16,1.));
#6927=DIRECTION('',(0.,1.,0.));
#6928=DIRECTION('',(0.,0.,-1.));
#6929=DIRECTION('',(0.,1.,0.));
#6930=DIRECTION('',(0.,1.,0.));
#6931=DIRECTION('',(0.,0.,1.));
#6932=DIRECTION('',(3.11150763893057E-61,-1.,5.55111512312578E-16));
#6933=DIRECTION('',(0.,-5.55111512312578E-16,-1.));
#6934=DIRECTION('',(1.,3.11150763893057E-61,-1.72723371101889E-76));
#6935=DIRECTION('',(-2.7755575615629E-16,1.,-5.55111512312578E-16));
#6936=DIRECTION('',(1.8043823656748E-31,-5.55111512312578E-16,-1.));
#6937=DIRECTION('',(-2.7755575615629E-16,1.,-5.55111512312578E-16));
#6938=DIRECTION('',(0.,5.55111512312578E-16,1.));
#6939=DIRECTION('',(-2.98970682895186E-16,0.970142500145332,0.242535625036331));
#6940=DIRECTION('',(0.,-1.,0.));
#6941=DIRECTION('',(0.,0.,-1.));
#6942=DIRECTION('',(0.,-1.,0.));
#6943=DIRECTION('',(0.,0.,-1.));
#6944=DIRECTION('',(0.,-1.,0.));
#6945=DIRECTION('',(2.22044604925031E-17,0.,-1.));
#6946=DIRECTION('',(1.,3.5527136788005E-16,2.22044604925031E-17));
#6947=DIRECTION('',(1.,3.5527136788005E-16,-1.97215226305253E-31));
#6948=DIRECTION('',(-3.5527136788005E-16,1.,-5.55111512312578E-16));
#6949=DIRECTION('',(0.,5.55111512312578E-16,1.));
#6950=DIRECTION('',(2.22044604925031E-17,0.,-1.));
#6951=DIRECTION('',(-1.,-1.23259516440783E-32,-2.22044604925031E-17));
#6952=DIRECTION('',(-1.,-1.23259516440783E-32,-2.22044604925031E-17));
#6953=DIRECTION('',(0.,5.55111512312578E-16,1.));
#6954=DIRECTION('',(6.50016377494436E-48,-1.,5.55111512312578E-16));
#6955=DIRECTION('',(0.,5.55111512312578E-16,1.));
#6956=DIRECTION('',(0.,5.55111512312578E-16,1.));
#6957=DIRECTION('',(6.50016377494436E-48,-1.,5.55111512312578E-16));
#6958=DIRECTION('',(0.,5.55111512312578E-16,1.));
#6959=DIRECTION('',(0.,5.55111512312578E-16,1.));
#6960=DIRECTION('',(6.50016377494436E-48,-1.,5.55111512312578E-16));
#6961=DIRECTION('',(0.,5.55111512312578E-16,1.));
#6962=DIRECTION('',(0.,5.55111512312578E-16,1.));
#6963=DIRECTION('',(6.50016377494436E-48,-1.,5.55111512312578E-16));
#6964=DIRECTION('',(0.,5.55111512312578E-16,1.));
#6965=DIRECTION('',(3.11150763893057E-61,-1.,5.55111512312578E-16));
#6966=DIRECTION('',(1.,-2.60006550997768E-46,-4.68386162474976E-31));
#6967=DIRECTION('',(0.,0.,1.));
#6968=DIRECTION('',(1.,0.,0.));
#6969=DIRECTION('',(0.,1.,0.));
#6970=DIRECTION('',(0.,0.,1.));
#6971=DIRECTION('',(0.,1.,0.));
#6972=DIRECTION('',(0.,0.,1.));
#6973=DIRECTION('',(0.,1.,0.));
#6974=DIRECTION('',(0.,1.,0.));
#6975=DIRECTION('',(0.,0.,1.));
#6976=DIRECTION('',(0.,1.,0.));
#6977=DIRECTION('',(0.,0.,1.));
#6978=DIRECTION('',(0.,1.,0.));
#6979=DIRECTION('',(0.,0.,1.));
#6980=DIRECTION('',(0.,1.,0.));
#6981=DIRECTION('',(0.,1.,0.));
#6982=DIRECTION('',(0.,0.,1.));
#6983=DIRECTION('',(0.,1.,0.));
#6984=DIRECTION('',(0.,0.,1.));
#6985=DIRECTION('',(0.,1.,0.));
#6986=DIRECTION('',(0.,0.,1.));
#6987=DIRECTION('',(0.,1.,0.));
#6988=DIRECTION('',(0.,1.,0.));
#6989=DIRECTION('',(0.,0.,1.));
#6990=DIRECTION('',(0.,0.,1.));
#6991=DIRECTION('',(0.,-1.,0.));
#6992=DIRECTION('',(0.,0.,1.));
#6993=DIRECTION('',(0.,-1.,0.));
#6994=DIRECTION('',(0.,0.,1.));
#6995=DIRECTION('',(0.,0.,1.));
#6996=DIRECTION('',(0.,-1.,0.));
#6997=DIRECTION('',(0.,0.,1.));
#6998=DIRECTION('',(0.,-1.,0.));
#6999=DIRECTION('',(0.,0.,1.));
#7000=DIRECTION('',(0.,-1.,0.));
#7001=DIRECTION('',(0.,0.,1.));
#7002=DIRECTION('',(0.,0.,1.));
#7003=DIRECTION('',(0.,-1.,0.));
#7004=DIRECTION('',(1.,0.,0.));
#7005=DIRECTION('',(0.,0.,1.));
#7006=DIRECTION('',(0.,-1.,0.));
#7007=DIRECTION('',(0.,0.,1.));
#7008=DIRECTION('',(0.,-1.,0.));
#7009=DIRECTION('',(0.,0.,1.));
#7010=DIRECTION('',(0.,-1.,0.));
#7011=DIRECTION('',(0.,0.,1.));
#7012=DIRECTION('',(0.,-1.,0.));
#7013=DIRECTION('',(0.,0.,1.));
#7014=DIRECTION('',(1.,0.,0.));
#7015=DIRECTION('',(0.,0.,1.));
#7016=DIRECTION('',(0.,-1.,0.));
#7017=DIRECTION('',(0.,0.,1.));
#7018=DIRECTION('',(0.,-1.,0.));
#7019=DIRECTION('',(0.,0.,1.));
#7020=DIRECTION('',(0.,0.,1.));
#7021=DIRECTION('',(0.,-1.,-9.54097911787244E-15));
#7022=DIRECTION('',(0.,0.,-1.));
#7023=DIRECTION('',(0.,1.,-1.12757025938493E-14));
#7024=DIRECTION('',(1.,0.,0.));
#7025=DIRECTION('',(0.,0.,1.));
#7026=DIRECTION('',(0.,-1.,0.));
#7027=DIRECTION('',(0.,0.,1.));
#7028=DIRECTION('',(0.,-1.,0.));
#7029=DIRECTION('',(0.,0.,1.));
#7030=DIRECTION('',(0.,0.,1.));
#7031=DIRECTION('',(0.,-1.,0.));
#7032=DIRECTION('',(0.,0.,-1.));
#7033=DIRECTION('',(0.,1.,0.));
#7034=DIRECTION('',(1.,0.,0.));
#7035=DIRECTION('',(0.,0.,1.));
#7036=DIRECTION('',(0.,-1.,0.));
#7037=DIRECTION('',(0.,0.,1.));
#7038=DIRECTION('',(0.,-1.,0.));
#7039=DIRECTION('',(0.,0.,1.));
#7040=DIRECTION('',(0.,0.,1.));
#7041=DIRECTION('',(0.,-1.,0.));
#7042=DIRECTION('',(0.,0.,-1.));
#7043=DIRECTION('',(0.,1.,0.));
#7044=DIRECTION('',(0.,1.,0.));
#7045=DIRECTION('',(0.,0.,1.));
#7046=DIRECTION('',(1.,0.,0.));
#7047=DIRECTION('',(0.,0.,1.));
#7048=DIRECTION('',(1.,0.,0.));
#7049=DIRECTION('',(0.,0.,1.));
#7050=DIRECTION('',(-1.,0.,0.));
#7051=DIRECTION('',(0.,0.,-1.));
#7052=DIRECTION('',(0.,-1.,0.));
#7053=DIRECTION('',(0.,0.,-1.));
#7054=DIRECTION('',(0.,-1.,0.));
#7055=DIRECTION('',(0.,0.,-1.));
#7056=DIRECTION('',(1.82602471155453E-16,-1.,0.));
#7057=DIRECTION('',(1.,1.82602471155453E-16,0.));
#7058=DIRECTION('',(1.,1.82602471155453E-16,0.));
#7059=DIRECTION('',(0.,0.,1.));
#7060=DIRECTION('',(1.,0.,0.));
#7061=DIRECTION('',(0.,0.,1.));
#7062=DIRECTION('',(0.,0.,1.));
#7063=DIRECTION('',(0.,-1.,0.));
#7064=DIRECTION('',(0.,0.,-1.));
#7065=DIRECTION('',(0.,1.,0.));
#7066=DIRECTION('',(-0.707106781186548,-0.707106781186547,0.));
#7067=DIRECTION('',(0.,-1.,0.));
#7068=DIRECTION('',(-0.707106781186548,0.707106781186547,0.));
#7069=DIRECTION('',(-0.707106781186548,-0.707106781186547,0.));
#7070=DIRECTION('',(0.,-1.,0.));
#7071=DIRECTION('',(-0.707106781186548,0.707106781186547,0.));
#7072=DIRECTION('',(0.,0.,-1.));
#7073=DIRECTION('',(0.,1.,0.));
#7074=DIRECTION('',(0.,0.,-1.));
#7075=DIRECTION('',(0.,1.,0.));
#7076=DIRECTION('',(0.707106781186543,0.707106781186552,0.));
#7077=DIRECTION('',(0.,0.,-1.));
#7078=DIRECTION('',(0.,1.,0.));
#7079=DIRECTION('',(0.,0.,1.));
#7080=DIRECTION('',(0.,-1.,0.));
#7081=DIRECTION('',(0.,0.,-1.));
#7082=DIRECTION('',(0.,1.,0.));
#7083=DIRECTION('',(0.,0.,-1.));
#7084=DIRECTION('',(0.,1.,0.));
#7085=DIRECTION('',(-0.707106781186544,-0.707106781186551,0.));
#7086=DIRECTION('',(0.,0.,-1.));
#7087=DIRECTION('',(0.,1.,0.));
#7088=DIRECTION('',(0.,0.,-1.));
#7089=DIRECTION('',(0.,1.,0.));
#7090=DIRECTION('',(-0.707106781186548,0.707106781186547,0.));
#7091=DIRECTION('',(0.,-1.,0.));
#7092=DIRECTION('',(0.707106781186548,0.707106781186547,0.));
#7093=DIRECTION('',(-0.707106781186548,0.707106781186547,0.));
#7094=DIRECTION('',(0.,-1.,0.));
#7095=DIRECTION('',(0.707106781186548,0.707106781186547,0.));
#7096=DIRECTION('',(-0.707106781186547,0.707106781186548,0.));
#7097=DIRECTION('',(-0.707106781186548,-0.707106781186547,0.));
#7098=DIRECTION('',(0.,0.,1.));
#7099=DIRECTION('',(-1.,0.,0.));
#7100=DIRECTION('',(0.,0.,-1.));
#7101=DIRECTION('',(0.,0.,-1.));
#7102=DIRECTION('',(0.707106781186547,0.707106781186548,0.));
#7103=DIRECTION('',(-0.707106781186548,0.707106781186547,0.));
#7104=DIRECTION('',(0.707106781186547,0.707106781186548,0.));
#7105=DIRECTION('',(-0.707106781186548,0.707106781186547,0.));
#7106=DIRECTION('',(0.,0.,1.));
#7107=DIRECTION('',(-0.707106781186547,0.707106781186548,0.));
#7108=DIRECTION('',(-0.707106781186548,-0.707106781186547,0.));
#7109=DIRECTION('',(0.,0.,1.));
#7110=DIRECTION('',(1.,0.,0.));
#7111=DIRECTION('',(0.,0.,1.));
#7112=DIRECTION('',(0.707106781186552,-0.707106781186544,0.));
#7113=DIRECTION('',(0.707106781186544,0.707106781186552,0.));
#7114=DIRECTION('',(0.,1.,0.));
#7115=DIRECTION('',(0.,0.,1.));
#7116=DIRECTION('',(1.,0.,0.));
#7117=DIRECTION('',(-0.707106781186542,0.,-0.707106781186553));
#7118=DIRECTION('',(0.,0.,1.));
#7119=DIRECTION('',(0.707106781186542,0.,-0.707106781186553));
#7120=DIRECTION('',(1.,0.,0.));
#7121=DIRECTION('',(0.,0.,-1.));
#7122=DIRECTION('',(0.,1.,0.));
#7123=DIRECTION('',(1.,0.,0.));
#7124=DIRECTION('',(0.,-1.,0.));
#7125=DIRECTION('',(0.,-1.,0.));
#7126=DIRECTION('',(0.,0.,-1.));
#7127=DIRECTION('',(0.,0.,1.));
#7128=DIRECTION('',(0.707106781186542,0.,0.707106781186553));
#7129=DIRECTION('',(1.,0.,0.));
#7130=DIRECTION('',(-0.707106781186542,0.,0.707106781186553));
#7131=DIRECTION('',(0.,0.,1.));
#7132=DIRECTION('',(0.,-1.,0.));
#7133=DIRECTION('',(0.,-1.,0.));
#7134=DIRECTION('',(1.,0.,0.));
#7135=DIRECTION('',(0.,0.,1.));
#7136=DIRECTION('',(0.,-1.,0.));
#7137=DIRECTION('',(0.,-1.,0.));
#7138=DIRECTION('',(0.,1.,0.));
#7139=DIRECTION('',(0.,0.,1.));
#7140=DIRECTION('',(1.,0.,0.));
#7141=DIRECTION('',(-0.707106781186542,0.,-0.707106781186553));
#7142=DIRECTION('',(0.,0.,1.));
#7143=DIRECTION('',(0.707106781186542,0.,-0.707106781186553));
#7144=DIRECTION('',(1.,0.,0.));
#7145=DIRECTION('',(0.,0.,-1.));
#7146=DIRECTION('',(0.,1.,0.));
#7147=DIRECTION('',(1.,0.,0.));
#7148=DIRECTION('',(0.,-1.,0.));
#7149=DIRECTION('',(0.,-1.,0.));
#7150=DIRECTION('',(0.,0.,-1.));
#7151=DIRECTION('',(0.,0.,1.));
#7152=DIRECTION('',(0.707106781186543,0.,0.707106781186552));
#7153=DIRECTION('',(1.,0.,0.));
#7154=DIRECTION('',(-0.707106781186543,0.,0.707106781186552));
#7155=DIRECTION('',(0.,0.,1.));
#7156=DIRECTION('',(0.,-1.,0.));
#7157=DIRECTION('',(0.,-1.,0.));
#7158=DIRECTION('',(1.,0.,0.));
#7159=DIRECTION('',(0.,0.,1.));
#7160=DIRECTION('',(0.,-1.,0.));
#7161=DIRECTION('',(0.,-1.,0.));
#7162=DIRECTION('',(0.,1.,0.));
#7163=DIRECTION('',(0.,0.,1.));
#7164=DIRECTION('',(1.,0.,0.));
#7165=DIRECTION('',(-0.707106781186542,0.,-0.707106781186553));
#7166=DIRECTION('',(0.,0.,1.));
#7167=DIRECTION('',(0.707106781186542,0.,-0.707106781186553));
#7168=DIRECTION('',(1.,0.,0.));
#7169=DIRECTION('',(0.,-1.12757025938493E-14,-1.));
#7170=DIRECTION('',(0.,1.,-1.12757025938493E-14));
#7171=DIRECTION('',(1.,0.,0.));
#7172=DIRECTION('',(0.,-1.,0.));
#7173=DIRECTION('',(0.,-1.,0.));
#7174=DIRECTION('',(0.,0.,-1.));
#7175=DIRECTION('',(0.,0.,1.));
#7176=DIRECTION('',(0.707106781186543,0.,0.707106781186552));
#7177=DIRECTION('',(1.,0.,0.));
#7178=DIRECTION('',(-0.707106781186542,0.,0.707106781186553));
#7179=DIRECTION('',(0.,-9.54097911787244E-15,1.));
#7180=DIRECTION('',(0.,-1.,-9.54097911787244E-15));
#7181=DIRECTION('',(0.,-1.,-9.54097911787244E-15));
#7182=DIRECTION('',(1.,0.,0.));
#7183=DIRECTION('',(0.,0.,1.));
#7184=DIRECTION('',(0.,-1.,0.));
#7185=DIRECTION('',(0.,-1.,0.));
#7186=DIRECTION('',(0.707106781186552,0.,0.707106781186543));
#7187=DIRECTION('',(-0.707106781186543,0.,0.707106781186552));
#7188=DIRECTION('',(0.707106781186552,0.,0.707106781186543));
#7189=DIRECTION('',(-0.707106781186543,0.,0.707106781186552));
#7190=DIRECTION('',(0.707106781186552,0.,0.707106781186543));
#7191=DIRECTION('',(-0.707106781186543,0.,0.707106781186552));
#7192=DIRECTION('',(0.707106781186552,0.,-0.707106781186543));
#7193=DIRECTION('',(0.707106781186543,0.,0.707106781186552));
#7194=DIRECTION('',(0.707106781186552,0.,-0.707106781186543));
#7195=DIRECTION('',(0.707106781186543,0.,0.707106781186552));
#7196=DIRECTION('',(0.707106781186552,0.,-0.707106781186543));
#7197=DIRECTION('',(0.707106781186543,0.,0.707106781186552));
#7198=DIRECTION('',(0.,0.,-1.));
#7199=DIRECTION('',(0.,1.,0.));
#7200=DIRECTION('',(0.,0.,-1.));
#7201=DIRECTION('',(0.,1.,0.));
#7202=DIRECTION('',(0.,0.,-1.));
#7203=DIRECTION('',(0.,1.,0.));
#7204=DIRECTION('',(0.,0.,-1.));
#7205=DIRECTION('',(0.,1.,0.));
#7206=DIRECTION('',(0.,0.,-1.));
#7207=DIRECTION('',(0.,1.,0.));
#7208=DIRECTION('',(0.,0.,-1.));
#7209=DIRECTION('',(0.,1.,0.));
#7210=DIRECTION('',(0.,0.,1.));
#7211=DIRECTION('',(0.,0.,-1.));
#7212=DIRECTION('',(0.,1.,0.));
#7213=DIRECTION('',(0.,0.,-1.));
#7214=DIRECTION('',(0.,1.,0.));
#7215=DIRECTION('',(0.,0.,1.));
#7216=DIRECTION('',(1.,0.,0.));
#7217=DIRECTION('',(1.,0.,0.));
#7218=DIRECTION('',(-8.67361737988404E-16,1.,0.));
#7219=DIRECTION('',(-1.,-8.67361737988404E-16,0.));
#7220=DIRECTION('',(-1.,-8.67361737988404E-16,0.));
#7221=DIRECTION('',(1.,0.,0.));
#7222=DIRECTION('',(0.,0.,1.));
#7223=DIRECTION('',(0.,-1.,0.));
#7224=DIRECTION('',(0.,0.,1.));
#7225=DIRECTION('',(0.,-1.,0.));
#7226=DIRECTION('',(0.,0.,1.));
#7227=DIRECTION('',(1.,0.,0.));
#7228=DIRECTION('',(0.,1.,0.));
#7229=DIRECTION('',(-1.22464679914735E-16,0.,-1.));
#7230=DIRECTION('',(0.,1.,0.));
#7231=DIRECTION('',(-1.22464679914735E-16,0.,-1.));
#7232=DIRECTION('',(0.,1.,0.));
#7233=DIRECTION('',(0.,1.,0.));
#7234=DIRECTION('',(-1.22464679914735E-16,0.,-1.));
#7235=DIRECTION('',(0.,1.,0.));
#7236=DIRECTION('',(-1.22464679914735E-16,0.,-1.));
#7237=DIRECTION('',(0.,1.,0.));
#7238=DIRECTION('',(-1.22464679914735E-16,0.,-1.));
#7239=DIRECTION('',(0.,1.,0.));
#7240=DIRECTION('',(0.,1.,0.));
#7241=DIRECTION('',(-1.22464679914735E-16,0.,-1.));
#7242=DIRECTION('',(0.,1.,0.));
#7243=DIRECTION('',(-1.22464679914735E-16,0.,-1.));
#7244=DIRECTION('',(0.,1.,0.));
#7245=DIRECTION('',(-1.22464679914735E-16,0.,-1.));
#7246=DIRECTION('',(0.,1.,0.));
#7247=DIRECTION('',(0.,1.,0.));
#7248=DIRECTION('',(-1.22464679914735E-16,0.,-1.));
#7249=DIRECTION('',(-1.22464679914735E-16,0.,-1.));
#7250=DIRECTION('',(0.,-1.,0.));
#7251=DIRECTION('',(-1.22464679914735E-16,0.,-1.));
#7252=DIRECTION('',(0.,-1.,0.));
#7253=DIRECTION('',(-1.22464679914735E-16,0.,-1.));
#7254=DIRECTION('',(-1.22464679914735E-16,0.,-1.));
#7255=DIRECTION('',(0.,-1.,0.));
#7256=DIRECTION('',(-1.22464679914735E-16,0.,-1.));
#7257=DIRECTION('',(0.,-1.,0.));
#7258=DIRECTION('',(-1.22464679914735E-16,0.,-1.));
#7259=DIRECTION('',(0.,-1.,0.));
#7260=DIRECTION('',(-1.22464679914735E-16,0.,-1.));
#7261=DIRECTION('',(-1.22464679914735E-16,0.,-1.));
#7262=DIRECTION('',(0.,-1.,0.));
#7263=DIRECTION('',(-1.,0.,1.22464679914735E-16));
#7264=DIRECTION('',(-1.22464679914735E-16,0.,-1.));
#7265=DIRECTION('',(0.,-1.,0.));
#7266=DIRECTION('',(-1.22464679914735E-16,0.,-1.));
#7267=DIRECTION('',(0.,-1.,0.));
#7268=DIRECTION('',(-1.22464679914735E-16,0.,-1.));
#7269=DIRECTION('',(0.,-1.,0.));
#7270=DIRECTION('',(-1.22464679914735E-16,0.,-1.));
#7271=DIRECTION('',(0.,-1.,0.));
#7272=DIRECTION('',(-1.22464679914735E-16,0.,-1.));
#7273=DIRECTION('',(-1.,0.,1.22464679914735E-16));
#7274=DIRECTION('',(-1.22464679914735E-16,0.,-1.));
#7275=DIRECTION('',(0.,-1.,0.));
#7276=DIRECTION('',(-1.22464679914735E-16,0.,-1.));
#7277=DIRECTION('',(0.,-1.,0.));
#7278=DIRECTION('',(-1.22464679914735E-16,0.,-1.));
#7279=DIRECTION('',(-1.22464679914735E-16,0.,-1.));
#7280=DIRECTION('',(1.16843295374342E-30,-1.,9.54097911787244E-15));
#7281=DIRECTION('',(1.22464679914735E-16,0.,1.));
#7282=DIRECTION('',(1.38087530896951E-30,1.,1.12757025938493E-14));
#7283=DIRECTION('',(-1.,0.,1.22464679914735E-16));
#7284=DIRECTION('',(-1.22464679914735E-16,0.,-1.));
#7285=DIRECTION('',(0.,-1.,0.));
#7286=DIRECTION('',(-1.22464679914735E-16,0.,-1.));
#7287=DIRECTION('',(0.,-1.,0.));
#7288=DIRECTION('',(-1.22464679914735E-16,0.,-1.));
#7289=DIRECTION('',(-1.22464679914735E-16,0.,-1.));
#7290=DIRECTION('',(0.,-1.,0.));
#7291=DIRECTION('',(1.22464679914735E-16,0.,1.));
#7292=DIRECTION('',(0.,1.,0.));
#7293=DIRECTION('',(-1.,0.,1.22464679914735E-16));
#7294=DIRECTION('',(-1.22464679914735E-16,0.,-1.));
#7295=DIRECTION('',(0.,-1.,0.));
#7296=DIRECTION('',(-1.22464679914735E-16,0.,-1.));
#7297=DIRECTION('',(0.,-1.,0.));
#7298=DIRECTION('',(-1.22464679914735E-16,0.,-1.));
#7299=DIRECTION('',(-1.22464679914735E-16,0.,-1.));
#7300=DIRECTION('',(0.,-1.,0.));
#7301=DIRECTION('',(1.22464679914735E-16,0.,1.));
#7302=DIRECTION('',(0.,1.,0.));
#7303=DIRECTION('',(0.,1.,0.));
#7304=DIRECTION('',(-1.22464679914735E-16,0.,-1.));
#7305=DIRECTION('',(-1.,0.,1.22464679914735E-16));
#7306=DIRECTION('',(-1.22464679914735E-16,0.,-1.));
#7307=DIRECTION('',(-1.,0.,1.22464679914735E-16));
#7308=DIRECTION('',(-1.22464679914735E-16,0.,-1.));
#7309=DIRECTION('',(1.,0.,-1.22464679914735E-16));
#7310=DIRECTION('',(1.22464679914735E-16,0.,1.));
#7311=DIRECTION('',(0.,-1.,0.));
#7312=DIRECTION('',(1.22464679914735E-16,0.,1.));
#7313=DIRECTION('',(0.,-1.,0.));
#7314=DIRECTION('',(1.22464679914735E-16,0.,1.));
#7315=DIRECTION('',(-1.82602471155453E-16,-1.,2.23623531816922E-32));
#7316=DIRECTION('',(-1.,1.82602471155453E-16,1.22464679914735E-16));
#7317=DIRECTION('',(-1.,1.82602471155453E-16,1.22464679914735E-16));
#7318=DIRECTION('',(-1.22464679914735E-16,0.,-1.));
#7319=DIRECTION('',(-1.,0.,1.22464679914735E-16));
#7320=DIRECTION('',(-1.22464679914735E-16,0.,-1.));
#7321=DIRECTION('',(-1.22464679914735E-16,0.,-1.));
#7322=DIRECTION('',(0.,-1.,0.));
#7323=DIRECTION('',(1.22464679914735E-16,0.,1.));
#7324=DIRECTION('',(0.,1.,0.));
#7325=DIRECTION('',(0.707106781186548,-0.707106781186547,-8.65956056235494E-17));
#7326=DIRECTION('',(0.,-1.,0.));
#7327=DIRECTION('',(0.707106781186548,0.707106781186547,-8.65956056235494E-17));
#7328=DIRECTION('',(0.707106781186548,-0.707106781186547,-8.65956056235494E-17));
#7329=DIRECTION('',(0.,-1.,0.));
#7330=DIRECTION('',(0.707106781186548,0.707106781186547,-8.65956056235494E-17));
#7331=DIRECTION('',(1.22464679914735E-16,0.,1.));
#7332=DIRECTION('',(0.,1.,0.));
#7333=DIRECTION('',(1.22464679914735E-16,0.,1.));
#7334=DIRECTION('',(0.,1.,0.));
#7335=DIRECTION('',(-0.707106781186543,0.707106781186552,8.65956056235488E-17));
#7336=DIRECTION('',(1.22464679914735E-16,0.,1.));
#7337=DIRECTION('',(0.,1.,0.));
#7338=DIRECTION('',(-1.22464679914735E-16,0.,-1.));
#7339=DIRECTION('',(0.,-1.,0.));
#7340=DIRECTION('',(1.22464679914735E-16,0.,1.));
#7341=DIRECTION('',(0.,1.,0.));
#7342=DIRECTION('',(1.22464679914735E-16,0.,1.));
#7343=DIRECTION('',(0.,1.,0.));
#7344=DIRECTION('',(0.707106781186544,-0.707106781186551,-8.65956056235489E-17));
#7345=DIRECTION('',(1.22464679914735E-16,0.,1.));
#7346=DIRECTION('',(0.,1.,0.));
#7347=DIRECTION('',(1.22464679914735E-16,0.,1.));
#7348=DIRECTION('',(0.,1.,0.));
#7349=DIRECTION('',(0.707106781186548,0.707106781186547,-8.65956056235494E-17));
#7350=DIRECTION('',(0.,-1.,0.));
#7351=DIRECTION('',(-0.707106781186548,0.707106781186547,8.65956056235494E-17));
#7352=DIRECTION('',(0.707106781186548,0.707106781186547,-8.65956056235494E-17));
#7353=DIRECTION('',(0.,-1.,0.));
#7354=DIRECTION('',(-0.707106781186548,0.707106781186547,8.65956056235494E-17));
#7355=DIRECTION('',(0.707106781186547,0.707106781186548,-8.65956056235493E-17));
#7356=DIRECTION('',(0.707106781186548,-0.707106781186547,-8.65956056235494E-17));
#7357=DIRECTION('',(-1.22464679914735E-16,0.,-1.));
#7358=DIRECTION('',(1.,0.,-1.22464679914735E-16));
#7359=DIRECTION('',(1.22464679914735E-16,0.,1.));
#7360=DIRECTION('',(1.22464679914735E-16,0.,1.));
#7361=DIRECTION('',(-0.707106781186547,0.707106781186548,8.65956056235493E-17));
#7362=DIRECTION('',(0.707106781186548,0.707106781186547,-8.65956056235494E-17));
#7363=DIRECTION('',(-0.707106781186547,0.707106781186548,8.65956056235493E-17));
#7364=DIRECTION('',(0.707106781186548,0.707106781186547,-8.65956056235494E-17));
#7365=DIRECTION('',(-1.22464679914735E-16,0.,-1.));
#7366=DIRECTION('',(0.707106781186547,0.707106781186548,-8.65956056235493E-17));
#7367=DIRECTION('',(0.707106781186548,-0.707106781186547,-8.65956056235494E-17));
#7368=DIRECTION('',(-1.22464679914735E-16,0.,-1.));
#7369=DIRECTION('',(-1.,0.,1.22464679914735E-16));
#7370=DIRECTION('',(-1.22464679914735E-16,0.,-1.));
#7371=DIRECTION('',(-0.707106781186552,-0.707106781186544,8.65956056235499E-17));
#7372=DIRECTION('',(-0.707106781186544,0.707106781186552,8.65956056235489E-17));
#7373=DIRECTION('',(0.,1.,0.));
#7374=DIRECTION('',(-1.22464679914735E-16,0.,-1.));
#7375=DIRECTION('',(-1.,0.,1.22464679914735E-16));
#7376=DIRECTION('',(0.707106781186542,0.,0.707106781186553));
#7377=DIRECTION('',(-1.22464679914735E-16,0.,-1.));
#7378=DIRECTION('',(-0.707106781186542,0.,0.707106781186553));
#7379=DIRECTION('',(-1.,0.,1.22464679914735E-16));
#7380=DIRECTION('',(1.22464679914735E-16,0.,1.));
#7381=DIRECTION('',(0.,1.,0.));
#7382=DIRECTION('',(-1.,0.,1.22464679914735E-16));
#7383=DIRECTION('',(0.,-1.,0.));
#7384=DIRECTION('',(0.,-1.,0.));
#7385=DIRECTION('',(1.22464679914735E-16,0.,1.));
#7386=DIRECTION('',(-1.22464679914735E-16,0.,-1.));
#7387=DIRECTION('',(-0.707106781186542,0.,-0.707106781186553));
#7388=DIRECTION('',(-1.,0.,1.22464679914735E-16));
#7389=DIRECTION('',(0.707106781186542,0.,-0.707106781186553));
#7390=DIRECTION('',(-1.22464679914735E-16,0.,-1.));
#7391=DIRECTION('',(0.,-1.,0.));
#7392=DIRECTION('',(0.,-1.,0.));
#7393=DIRECTION('',(-1.,0.,1.22464679914735E-16));
#7394=DIRECTION('',(-1.22464679914735E-16,0.,-1.));
#7395=DIRECTION('',(0.,-1.,0.));
#7396=DIRECTION('',(0.,-1.,0.));
#7397=DIRECTION('',(0.,1.,0.));
#7398=DIRECTION('',(-1.22464679914735E-16,0.,-1.));
#7399=DIRECTION('',(-1.,0.,1.22464679914735E-16));
#7400=DIRECTION('',(0.707106781186542,0.,0.707106781186553));
#7401=DIRECTION('',(-1.22464679914735E-16,0.,-1.));
#7402=DIRECTION('',(-0.707106781186542,0.,0.707106781186553));
#7403=DIRECTION('',(-1.,0.,1.22464679914735E-16));
#7404=DIRECTION('',(1.22464679914735E-16,0.,1.));
#7405=DIRECTION('',(0.,1.,0.));
#7406=DIRECTION('',(-1.,0.,1.22464679914735E-16));
#7407=DIRECTION('',(0.,-1.,0.));
#7408=DIRECTION('',(0.,-1.,0.));
#7409=DIRECTION('',(1.22464679914735E-16,0.,1.));
#7410=DIRECTION('',(-1.22464679914735E-16,0.,-1.));
#7411=DIRECTION('',(-0.707106781186543,0.,-0.707106781186552));
#7412=DIRECTION('',(-1.,0.,1.22464679914735E-16));
#7413=DIRECTION('',(0.707106781186543,0.,-0.707106781186552));
#7414=DIRECTION('',(-1.22464679914735E-16,0.,-1.));
#7415=DIRECTION('',(0.,-1.,0.));
#7416=DIRECTION('',(0.,-1.,0.));
#7417=DIRECTION('',(-1.,0.,1.22464679914735E-16));
#7418=DIRECTION('',(-1.22464679914735E-16,0.,-1.));
#7419=DIRECTION('',(0.,-1.,0.));
#7420=DIRECTION('',(0.,-1.,0.));
#7421=DIRECTION('',(0.,1.,0.));
#7422=DIRECTION('',(-1.22464679914735E-16,0.,-1.));
#7423=DIRECTION('',(-1.,0.,1.22464679914735E-16));
#7424=DIRECTION('',(0.707106781186542,0.,0.707106781186553));
#7425=DIRECTION('',(-1.22464679914735E-16,0.,-1.));
#7426=DIRECTION('',(-0.707106781186542,0.,0.707106781186553));
#7427=DIRECTION('',(-1.,0.,1.22464679914735E-16));
#7428=DIRECTION('',(1.22464679914735E-16,-1.12757025938493E-14,1.));
#7429=DIRECTION('',(1.38087530896951E-30,1.,1.12757025938493E-14));
#7430=DIRECTION('',(-1.,0.,1.22464679914735E-16));
#7431=DIRECTION('',(0.,-1.,0.));
#7432=DIRECTION('',(0.,-1.,0.));
#7433=DIRECTION('',(1.22464679914735E-16,0.,1.));
#7434=DIRECTION('',(-1.22464679914735E-16,0.,-1.));
#7435=DIRECTION('',(-0.707106781186543,0.,-0.707106781186552));
#7436=DIRECTION('',(-1.,0.,1.22464679914735E-16));
#7437=DIRECTION('',(0.707106781186542,0.,-0.707106781186553));
#7438=DIRECTION('',(-1.22464679914735E-16,-9.54097911787244E-15,-1.));
#7439=DIRECTION('',(1.16843295374342E-30,-1.,9.54097911787244E-15));
#7440=DIRECTION('',(1.16843295374342E-30,-1.,9.54097911787244E-15));
#7441=DIRECTION('',(-1.,0.,1.22464679914735E-16));
#7442=DIRECTION('',(-1.22464679914735E-16,0.,-1.));
#7443=DIRECTION('',(0.,-1.,0.));
#7444=DIRECTION('',(0.,-1.,0.));
#7445=DIRECTION('',(-0.707106781186552,0.,-0.707106781186543));
#7446=DIRECTION('',(0.707106781186543,0.,-0.707106781186552));
#7447=DIRECTION('',(-0.707106781186552,0.,-0.707106781186543));
#7448=DIRECTION('',(0.707106781186543,0.,-0.707106781186552));
#7449=DIRECTION('',(-0.707106781186552,0.,-0.707106781186543));
#7450=DIRECTION('',(0.707106781186543,0.,-0.707106781186552));
#7451=DIRECTION('',(-0.707106781186552,0.,0.707106781186543));
#7452=DIRECTION('',(-0.707106781186543,0.,-0.707106781186552));
#7453=DIRECTION('',(-0.707106781186552,0.,0.707106781186543));
#7454=DIRECTION('',(-0.707106781186543,0.,-0.707106781186552));
#7455=DIRECTION('',(-0.707106781186552,0.,0.707106781186543));
#7456=DIRECTION('',(-0.707106781186543,0.,-0.707106781186552));
#7457=DIRECTION('',(1.22464679914735E-16,0.,1.));
#7458=DIRECTION('',(0.,1.,0.));
#7459=DIRECTION('',(1.22464679914735E-16,0.,1.));
#7460=DIRECTION('',(0.,1.,0.));
#7461=DIRECTION('',(1.22464679914735E-16,0.,1.));
#7462=DIRECTION('',(0.,1.,0.));
#7463=DIRECTION('',(1.22464679914735E-16,0.,1.));
#7464=DIRECTION('',(0.,1.,0.));
#7465=DIRECTION('',(1.22464679914735E-16,0.,1.));
#7466=DIRECTION('',(0.,1.,0.));
#7467=DIRECTION('',(1.22464679914735E-16,0.,1.));
#7468=DIRECTION('',(0.,1.,0.));
#7469=DIRECTION('',(-1.22464679914735E-16,0.,-1.));
#7470=DIRECTION('',(1.22464679914735E-16,0.,1.));
#7471=DIRECTION('',(0.,1.,0.));
#7472=DIRECTION('',(1.22464679914735E-16,0.,1.));
#7473=DIRECTION('',(0.,1.,0.));
#7474=DIRECTION('',(-1.22464679914735E-16,0.,-1.));
#7475=DIRECTION('',(-1.,0.,1.22464679914735E-16));
#7476=DIRECTION('',(-1.,0.,1.22464679914735E-16));
#7477=DIRECTION('',(8.67361737988404E-16,1.,-1.06221177613038E-31));
#7478=DIRECTION('',(1.,-8.67361737988404E-16,-1.22464679914735E-16));
#7479=DIRECTION('',(1.,-8.67361737988404E-16,-1.22464679914735E-16));
#7480=DIRECTION('',(-1.,0.,1.22464679914735E-16));
#7481=DIRECTION('',(-1.22464679914735E-16,0.,-1.));
#7482=DIRECTION('',(0.,-1.,0.));
#7483=DIRECTION('',(-1.22464679914735E-16,0.,-1.));
#7484=DIRECTION('',(0.,-1.,0.));
#7485=DIRECTION('',(0.,0.,1.));
#7486=DIRECTION('',(1.,0.,0.));
#7487=DIRECTION('',(0.,0.,-1.));
#7488=DIRECTION('',(-1.,0.,0.));
#7489=DIRECTION('',(0.,0.,1.));
#7490=DIRECTION('',(1.,0.,0.));
#7491=DIRECTION('',(0.,0.,1.));
#7492=DIRECTION('',(1.,0.,0.));
#7493=DIRECTION('',(0.,0.,1.));
#7494=DIRECTION('',(1.,0.,0.));
#7495=DIRECTION('',(0.,0.,1.));
#7496=DIRECTION('',(1.,0.,0.));
#7497=DIRECTION('',(0.,0.,1.));
#7498=DIRECTION('',(1.,0.,0.));
#7499=DIRECTION('',(0.,0.,1.));
#7500=DIRECTION('',(1.,0.,0.));
#7501=DIRECTION('',(0.,0.,-1.));
#7502=DIRECTION('',(-1.,0.,0.));
#7503=CARTESIAN_POINT('',(0.,0.,0.));
#7504=CARTESIAN_POINT('',(-18.5,48.88,19.91));
#7505=CARTESIAN_POINT('',(-18.5,48.88,19.91));
#7506=CARTESIAN_POINT('',(-15.5,48.88,19.91));
#7507=CARTESIAN_POINT('',(-18.5,48.88,19.51));
#7508=CARTESIAN_POINT('',(-15.5,48.88,19.51));
#7509=CARTESIAN_POINT('',(-18.5,48.88,19.91));
#7510=CARTESIAN_POINT('',(-18.5,48.88,19.91));
#7511=CARTESIAN_POINT('',(-16.9,48.88,19.91));
#7512=CARTESIAN_POINT('',(-18.5,48.88,19.51));
#7513=CARTESIAN_POINT('',(-18.5,48.88,19.51));
#7514=CARTESIAN_POINT('',(-16.9,48.88,19.51));
#7515=CARTESIAN_POINT('',(-18.5,48.88,20.91));
#7516=CARTESIAN_POINT('',(0.,0.,0.));
#7517=CARTESIAN_POINT('',(12.9676175988369,64.7407960953498,29.91));
#7518=CARTESIAN_POINT('',(9.4862635264133,64.38,23.41));
#7519=CARTESIAN_POINT('',(9.4862635264133,64.38,19.91));
#7520=CARTESIAN_POINT('',(9.4862635264133,64.38,26.91));
#7521=CARTESIAN_POINT('',(12.9676175988369,64.7407960953498,19.91));
#7522=CARTESIAN_POINT('',(12.4999999999982,68.2094174037742,19.91));
#7523=CARTESIAN_POINT('',(12.4999999999964,68.209417403774,26.91));
#7524=CARTESIAN_POINT('',(12.4999999999964,68.209417403774,29.91));
#7525=CARTESIAN_POINT('',(12.9676175988369,64.7407960953498,29.91));
#7526=CARTESIAN_POINT('',(12.4999999999964,61.2721747869256,29.91));
#7527=CARTESIAN_POINT('',(12.4999999999964,61.2721747869256,26.91));
#7528=CARTESIAN_POINT('',(12.4999999999964,61.2721747869256,26.91));
#7529=CARTESIAN_POINT('',(12.9676175988369,64.7407960953498,26.91));
#7530=CARTESIAN_POINT('',(-15.223709302575,63.9468813502035,29.91));
#7531=CARTESIAN_POINT('',(-12.5000000000036,61.7488350278785,26.91));
#7532=CARTESIAN_POINT('',(-12.5000000000036,61.7488350278785,29.91));
#7533=CARTESIAN_POINT('',(-12.5000000000018,61.7488350278808,26.91));
#7534=CARTESIAN_POINT('',(-15.223709302575,63.9468813502035,29.91));
#7535=CARTESIAN_POINT('',(-12.5000000000036,66.1449276725284,29.91));
#7536=CARTESIAN_POINT('',(-12.5000000000036,66.1449276725284,26.91));
#7537=CARTESIAN_POINT('',(-12.5000000000036,66.1449276725284,19.91));
#7538=CARTESIAN_POINT('',(-15.223709302575,63.9468813502035,19.91));
#7539=CARTESIAN_POINT('',(-11.7506115159876,64.38,19.91));
#7540=CARTESIAN_POINT('',(-11.7506115159876,64.38,23.41));
#7541=CARTESIAN_POINT('',(-11.7506115159876,64.38,26.91));
#7542=CARTESIAN_POINT('',(-15.223709302575,63.9468813502035,26.91));
#7543=CARTESIAN_POINT('',(12.4999999999964,36.88,26.91));
#7544=CARTESIAN_POINT('',(12.5,68.88,19.91));
#7545=CARTESIAN_POINT('',(12.4999999999982,68.88,19.91));
#7546=CARTESIAN_POINT('',(12.4999999999964,68.88,26.91));
#7547=CARTESIAN_POINT('',(12.4999999999964,68.88,29.91));
#7548=CARTESIAN_POINT('',(12.4999999999964,36.88,29.91));
#7549=CARTESIAN_POINT('',(12.4999999999964,36.88,26.91));
#7550=CARTESIAN_POINT('',(12.4999999999964,36.88,29.91));
#7551=CARTESIAN_POINT('',(12.4999999999964,45.88,29.91));
#7552=CARTESIAN_POINT('',(12.4999999999964,45.88,26.91));
#7553=CARTESIAN_POINT('',(12.4999999999964,45.88,26.91));
#7554=CARTESIAN_POINT('',(12.4999999999964,52.88,26.91));
#7555=CARTESIAN_POINT('',(-3.63771512912337E-12,52.88,26.91));
#7556=CARTESIAN_POINT('',(-3.63771512912337E-12,45.88,26.91));
#7557=CARTESIAN_POINT('',(18.5,45.88,26.91));
#7558=CARTESIAN_POINT('',(18.5,41.88,26.91));
#7559=CARTESIAN_POINT('',(18.5,37.88,26.91));
#7560=CARTESIAN_POINT('',(-3.63771512912337E-12,37.88,26.91));
#7561=CARTESIAN_POINT('',(12.4999999999964,37.88,26.91));
#7562=CARTESIAN_POINT('',(12.4999999999964,36.88,26.91));
#7563=CARTESIAN_POINT('',(12.4999999999982,42.38,26.91));
#7564=CARTESIAN_POINT('',(-3.63771512912337E-12,42.38,26.91));
#7565=CARTESIAN_POINT('',(-12.5,42.38,26.91));
#7566=CARTESIAN_POINT('',(-12.5,52.88,26.91));
#7567=CARTESIAN_POINT('',(-12.5000000000018,44.88,26.91));
#7568=CARTESIAN_POINT('',(-3.63771512912337E-12,44.88,26.91));
#7569=CARTESIAN_POINT('',(-18.5,44.88,26.91));
#7570=CARTESIAN_POINT('',(-18.5,48.88,26.91));
#7571=CARTESIAN_POINT('',(-18.5,52.88,26.91));
#7572=CARTESIAN_POINT('',(-3.63771512912337E-12,52.88,26.91));
#7573=CARTESIAN_POINT('',(-12.5000000000018,52.88,26.91));
#7574=CARTESIAN_POINT('',(-12.5,52.88,26.91));
#7575=CARTESIAN_POINT('',(-3.63771512912337E-12,64.38,26.91));
#7576=CARTESIAN_POINT('',(-18.5,48.88,26.91));
#7577=CARTESIAN_POINT('',(-18.5,45.23,26.91));
#7578=CARTESIAN_POINT('',(9.4207623602494,48.13,26.91));
#7579=CARTESIAN_POINT('',(9.4207623602494,49.38,26.91));
#7580=CARTESIAN_POINT('',(-9.4207623602566,48.13,26.91));
#7581=CARTESIAN_POINT('',(-9.4207623602566,49.38,26.91));
#7582=CARTESIAN_POINT('',(9.4207623602494,57.63,26.91));
#7583=CARTESIAN_POINT('',(9.4207623602494,58.88,26.91));
#7584=CARTESIAN_POINT('',(-9.4207623602566,57.63,26.91));
#7585=CARTESIAN_POINT('',(-9.4207623602566,58.88,26.91));
#7586=CARTESIAN_POINT('',(18.5,41.88,26.91));
#7587=CARTESIAN_POINT('',(18.5,38.23,26.91));
#7588=CARTESIAN_POINT('',(-3.63771512912337E-12,52.88,29.91));
#7589=CARTESIAN_POINT('',(12.4999999999964,68.88,29.91));
#7590=CARTESIAN_POINT('',(-12.5000000000018,68.88,29.91));
#7591=CARTESIAN_POINT('',(-12.5000000000036,68.88,29.91));
#7592=CARTESIAN_POINT('',(-12.5000000000036,68.88,29.91));
#7593=CARTESIAN_POINT('',(-12.5000000000036,52.88,29.91));
#7594=CARTESIAN_POINT('',(-18.5,52.88,29.91));
#7595=CARTESIAN_POINT('',(-18.5,52.88,29.91));
#7596=CARTESIAN_POINT('',(-18.5,48.88,29.91));
#7597=CARTESIAN_POINT('',(-18.5,44.88,29.91));
#7598=CARTESIAN_POINT('',(-12.5,44.88,29.91));
#7599=CARTESIAN_POINT('',(-12.5000000000036,44.88,29.91));
#7600=CARTESIAN_POINT('',(-12.5000000000036,68.88,29.91));
#7601=CARTESIAN_POINT('',(-12.5000000000036,36.88,29.91));
#7602=CARTESIAN_POINT('',(-12.5000000000036,36.88,29.91));
#7603=CARTESIAN_POINT('',(12.4999999999964,36.88,29.91));
#7604=CARTESIAN_POINT('',(12.4999999999964,36.88,29.91));
#7605=CARTESIAN_POINT('',(12.4999999999964,37.88,29.91));
#7606=CARTESIAN_POINT('',(18.5,37.88,29.91));
#7607=CARTESIAN_POINT('',(18.5,37.88,29.91));
#7608=CARTESIAN_POINT('',(18.5,41.88,29.91));
#7609=CARTESIAN_POINT('',(18.5,45.88,29.91));
#7610=CARTESIAN_POINT('',(12.5,45.88,29.91));
#7611=CARTESIAN_POINT('',(9.4207623602494,48.13,29.91));
#7612=CARTESIAN_POINT('',(9.4207623602494,49.38,29.91));
#7613=CARTESIAN_POINT('',(-9.4207623602566,48.13,29.91));
#7614=CARTESIAN_POINT('',(-9.4207623602566,49.38,29.91));
#7615=CARTESIAN_POINT('',(9.4207623602494,57.63,29.91));
#7616=CARTESIAN_POINT('',(9.4207623602494,58.88,29.91));
#7617=CARTESIAN_POINT('',(-9.4207623602566,57.63,29.91));
#7618=CARTESIAN_POINT('',(-9.4207623602566,58.88,29.91));
#7619=CARTESIAN_POINT('',(18.5,41.88,29.91));
#7620=CARTESIAN_POINT('',(18.5,40.23,29.91));
#7621=CARTESIAN_POINT('',(-18.5,48.88,29.91));
#7622=CARTESIAN_POINT('',(-18.5,47.23,29.91));
#7623=CARTESIAN_POINT('',(-12.5000000000036,68.88,26.91));
#7624=CARTESIAN_POINT('',(-12.5,68.88,26.91));
#7625=CARTESIAN_POINT('',(-12.5000000000018,68.88,19.91));
#7626=CARTESIAN_POINT('',(-12.5000000000036,68.88,19.91));
#7627=CARTESIAN_POINT('',(-18.5,48.88,27.91));
#7628=CARTESIAN_POINT('',(-18.5,46.23,27.91));
#7629=CARTESIAN_POINT('',(-18.5,47.23,28.91));
#7630=CARTESIAN_POINT('',(-18.5,48.88,28.91));
#7631=CARTESIAN_POINT('',(-18.5,48.88,29.91));
#7632=CARTESIAN_POINT('',(-18.5,47.23,29.91));
#7633=CARTESIAN_POINT('',(18.5,41.88,27.91));
#7634=CARTESIAN_POINT('',(18.5,39.23,27.91));
#7635=CARTESIAN_POINT('',(18.5,40.23,28.91));
#7636=CARTESIAN_POINT('',(18.5,41.88,28.91));
#7637=CARTESIAN_POINT('',(18.5,41.88,29.91));
#7638=CARTESIAN_POINT('',(18.5,40.23,29.91));
#7639=CARTESIAN_POINT('',(-18.5,52.88,29.91));
#7640=CARTESIAN_POINT('',(-12.5000000000036,52.88,26.91));
#7641=CARTESIAN_POINT('',(-18.5,52.88,29.91));
#7642=CARTESIAN_POINT('',(-18.5,48.88,29.91));
#7643=CARTESIAN_POINT('',(-18.5,44.88,29.91));
#7644=CARTESIAN_POINT('',(-12.5,44.88,29.91));
#7645=CARTESIAN_POINT('',(-12.5000000000036,44.88,26.91));
#7646=CARTESIAN_POINT('',(-12.5000000000036,68.88,26.91));
#7647=CARTESIAN_POINT('',(-12.5,42.38,23.41));
#7648=CARTESIAN_POINT('',(-12.5,42.38,19.91));
#7649=CARTESIAN_POINT('',(-12.5,36.88,19.91));
#7650=CARTESIAN_POINT('',(-12.5000000000018,36.88,19.91));
#7651=CARTESIAN_POINT('',(-12.5000000000036,36.88,26.91));
#7652=CARTESIAN_POINT('',(-12.5000000000036,68.88,26.91));
#7653=CARTESIAN_POINT('',(18.5,41.88,29.91));
#7654=CARTESIAN_POINT('',(18.5,37.88,29.91));
#7655=CARTESIAN_POINT('',(18.5,45.88,29.91));
#7656=CARTESIAN_POINT('',(12.5,45.88,29.91));
#7657=CARTESIAN_POINT('',(18.5,37.88,29.91));
#7658=CARTESIAN_POINT('',(12.4999999999964,37.88,26.91));
#7659=CARTESIAN_POINT('',(12.4999999999964,36.88,26.91));
#7660=CARTESIAN_POINT('',(12.4999999999964,36.88,26.91));
#7661=CARTESIAN_POINT('',(12.4999999999964,36.88,19.91));
#7662=CARTESIAN_POINT('',(12.4999999999964,36.88,19.91));
#7663=CARTESIAN_POINT('',(12.4999999999982,42.38,19.91));
#7664=CARTESIAN_POINT('',(12.5,42.38,23.41));
#7665=CARTESIAN_POINT('',(12.4999999999964,68.88,26.91));
#7666=CARTESIAN_POINT('',(-12.5,68.88,19.91));
#7667=CARTESIAN_POINT('',(-3.60735746829377E-12,68.88,23.835));
#7668=CARTESIAN_POINT('',(-3.60735746829377E-12,68.88,26.585));
#7669=CARTESIAN_POINT('',(-7.5,41.73,23.41));
#7670=CARTESIAN_POINT('',(-7.5,42.38,23.41));
#7671=CARTESIAN_POINT('',(-4.2,42.38,23.41));
#7672=CARTESIAN_POINT('',(-4.85,41.73,23.41));
#7673=CARTESIAN_POINT('',(-5.5,41.08,23.41));
#7674=CARTESIAN_POINT('',(-7.5,41.08,23.41));
#7675=CARTESIAN_POINT('',(-7.5,39.38,23.41));
#7676=CARTESIAN_POINT('',(-5.5,39.38,23.41));
#7677=CARTESIAN_POINT('',(-5.5,36.88,23.41));
#7678=CARTESIAN_POINT('',(-7.5,36.88,23.41));
#7679=CARTESIAN_POINT('',(7.5,39.38,23.41));
#7680=CARTESIAN_POINT('',(7.5,42.38,23.41));
#7681=CARTESIAN_POINT('',(9.5,42.38,23.41));
#7682=CARTESIAN_POINT('',(9.5,39.38,23.41));
#7683=CARTESIAN_POINT('',(9.5,36.88,23.41));
#7684=CARTESIAN_POINT('',(7.5,36.88,23.41));
#7685=CARTESIAN_POINT('',(-3.60735746829377E-12,41.63,23.835));
#7686=CARTESIAN_POINT('',(-3.60735746829377E-12,42.38,23.835));
#7687=CARTESIAN_POINT('',(-3.5978164891759E-12,42.38,25.71));
#7688=CARTESIAN_POINT('',(-3.5978164891759E-12,41.63,25.46));
#7689=CARTESIAN_POINT('',(-3.5978164891759E-12,40.88,25.21));
#7690=CARTESIAN_POINT('',(-3.60735746829377E-12,40.88,23.835));
#7691=CARTESIAN_POINT('',(-3.60735746829377E-12,36.88,23.835));
#7692=CARTESIAN_POINT('',(-3.60735746829377E-12,36.88,25.21));
#7693=CARTESIAN_POINT('',(-3.60735746829377E-12,36.88,25.21));
#7694=CARTESIAN_POINT('',(-3.60735746829377E-12,36.88,23.835));
#7695=CARTESIAN_POINT('',(2.60208521396521E-15,42.38,23.41));
#7696=CARTESIAN_POINT('',(2.60208521396521E-15,42.38,19.91));
#7697=CARTESIAN_POINT('',(-3.60735746829377E-12,66.88,23.835));
#7698=CARTESIAN_POINT('',(-3.60735746829377E-12,64.88,23.835));
#7699=CARTESIAN_POINT('',(-3.60735746829377E-12,64.88,25.585));
#7700=CARTESIAN_POINT('',(-3.60735746829377E-12,66.88,26.085));
#7701=CARTESIAN_POINT('',(-3.60735746829377E-12,68.88,23.835));
#7702=CARTESIAN_POINT('',(-3.60735746829377E-12,64.38,23.835));
#7703=CARTESIAN_POINT('',(-3.60735746829377E-12,64.38,25.585));
#7704=CARTESIAN_POINT('',(-3.60735746829377E-12,68.88,25.585));
#7705=CARTESIAN_POINT('',(-12.5,68.88,19.91));
#7706=CARTESIAN_POINT('',(2.60208521396521E-15,64.38,19.91));
#7707=CARTESIAN_POINT('',(2.60208521396521E-15,64.38,23.41));
#7708=CARTESIAN_POINT('',(12.5,36.88,19.91));
#7709=CARTESIAN_POINT('',(12.5,36.88,19.91));
#7710=CARTESIAN_POINT('',(9.4207623602494,48.13,26.91));
#7711=CARTESIAN_POINT('',(9.4207623602494,49.38,26.91));
#7712=CARTESIAN_POINT('',(-9.4207623602566,48.13,26.91));
#7713=CARTESIAN_POINT('',(-9.4207623602566,49.38,26.91));
#7714=CARTESIAN_POINT('',(9.4207623602494,57.63,26.91));
#7715=CARTESIAN_POINT('',(9.4207623602494,58.88,26.91));
#7716=CARTESIAN_POINT('',(-9.4207623602566,57.63,26.91));
#7717=CARTESIAN_POINT('',(-9.4207623602566,58.88,26.91));
#7718=CARTESIAN_POINT('',(-12.5000000000036,36.88,26.91));
#7719=CARTESIAN_POINT('',(0.,0.,0.));
#7720=CARTESIAN_POINT('',(-14.0707623602566,42.805,23.835));
#7721=CARTESIAN_POINT('',(-14.0707623602566,44.405,23.835));
#7722=CARTESIAN_POINT('',(-14.0707623602566,44.405,23.035));
#7723=CARTESIAN_POINT('',(-14.0707623602566,42.805,23.035));
#7724=CARTESIAN_POINT('',(-14.0707623602566,44.905,23.035));
#7725=CARTESIAN_POINT('',(-14.0707623602566,44.905,23.835));
#7726=CARTESIAN_POINT('',(-14.0707623602566,42.805,23.835));
#7727=CARTESIAN_POINT('',(-14.0707623602566,60.755,23.835));
#7728=CARTESIAN_POINT('',(-14.0707623602566,60.755,23.035));
#7729=CARTESIAN_POINT('',(-14.0707623602566,42.805,23.035));
#7730=CARTESIAN_POINT('',(-14.0707623602566,61.255,23.035));
#7731=CARTESIAN_POINT('',(-14.0707623602566,61.255,23.835));
#7732=CARTESIAN_POINT('',(-14.0707623602566,42.805,23.835));
#7733=CARTESIAN_POINT('',(-14.0707623602566,51.875,23.835));
#7734=CARTESIAN_POINT('',(-14.0707623602566,51.875,23.035));
#7735=CARTESIAN_POINT('',(-14.0707623602566,42.805,23.035));
#7736=CARTESIAN_POINT('',(-14.0707623602566,52.375,23.035));
#7737=CARTESIAN_POINT('',(-14.0707623602566,52.375,23.835));
#7738=CARTESIAN_POINT('',(-9.4207623602566,48.13,17.2244660940672));
#7739=CARTESIAN_POINT('',(-9.4207623602566,48.13,20.76));
#7740=CARTESIAN_POINT('',(-9.4207623602566,49.38,20.76));
#7741=CARTESIAN_POINT('',(-9.4207623602566,49.38,17.2244660940672));
#7742=CARTESIAN_POINT('',(-9.4207623602566,49.38,26.91));
#7743=CARTESIAN_POINT('',(-9.4207623602566,48.13,26.91));
#7744=CARTESIAN_POINT('',(-9.4207623602566,57.63,17.2244660940672));
#7745=CARTESIAN_POINT('',(-9.4207623602566,57.63,20.76));
#7746=CARTESIAN_POINT('',(-9.4207623602566,58.88,20.76));
#7747=CARTESIAN_POINT('',(-9.4207623602566,58.88,17.2244660940672));
#7748=CARTESIAN_POINT('',(-9.4207623602566,58.88,26.91));
#7749=CARTESIAN_POINT('',(-9.4207623602566,57.63,26.91));
#7750=CARTESIAN_POINT('',(-1.7707623602566,62.955,10.4425390720391));
#7751=CARTESIAN_POINT('',(-1.7707623602566,52.88,20.76));
#7752=CARTESIAN_POINT('',(-1.7707623602566,62.455,20.76));
#7753=CARTESIAN_POINT('',(-1.7707623602566,53.255,20.76));
#7754=CARTESIAN_POINT('',(-1.7707623602566,62.455,10.4425390720391));
#7755=CARTESIAN_POINT('',(-1.7707623602566,62.455,26.91));
#7756=CARTESIAN_POINT('',(-1.7707623602566,52.88,26.91));
#7757=CARTESIAN_POINT('',(-1.7707623602566,53.255,26.91));
#7758=CARTESIAN_POINT('',(-1.7707623602566,53.255,10.4425390720391));
#7759=CARTESIAN_POINT('',(-1.7707623602566,62.955,25.735));
#7760=CARTESIAN_POINT('',(-1.7707623602566,54.855,25.735));
#7761=CARTESIAN_POINT('',(-1.7707623602566,56.855,25.735));
#7762=CARTESIAN_POINT('',(-1.7707623602566,56.855,10.4425390720391));
#7763=CARTESIAN_POINT('',(-1.7707623602566,56.855,21.935));
#7764=CARTESIAN_POINT('',(-1.7707623602566,52.88,21.935));
#7765=CARTESIAN_POINT('',(-1.7707623602566,54.855,21.935));
#7766=CARTESIAN_POINT('',(-1.7707623602566,54.855,25.735));
#7767=CARTESIAN_POINT('',(-11.8707623602566,62.955,26.91));
#7768=CARTESIAN_POINT('',(-11.8707623602566,62.955,20.76));
#7769=CARTESIAN_POINT('',(-11.8707623602566,55.63,20.76));
#7770=CARTESIAN_POINT('',(-11.8707623602566,50.13,20.76));
#7771=CARTESIAN_POINT('',(-11.8707623602566,50.13,26.91));
#7772=CARTESIAN_POINT('',(-11.8707623602566,50.13,26.91));
#7773=CARTESIAN_POINT('',(-11.8707623602566,52.88,26.91));
#7774=CARTESIAN_POINT('',(-11.8707623602566,55.63,26.91));
#7775=CARTESIAN_POINT('',(-11.8707623602566,55.63,16.7288711258507));
#7776=CARTESIAN_POINT('',(-11.8707623602566,51.875,22.275));
#7777=CARTESIAN_POINT('',(-11.8707623602566,51.875,22.275));
#7778=CARTESIAN_POINT('',(-11.8707623602566,51.875,25.395));
#7779=CARTESIAN_POINT('',(-11.8707623602566,52.375,22.275));
#7780=CARTESIAN_POINT('',(-11.8707623602566,52.375,22.275));
#7781=CARTESIAN_POINT('',(-11.8707623602566,52.375,22.275));
#7782=CARTESIAN_POINT('',(-11.8707623602566,52.375,25.395));
#7783=CARTESIAN_POINT('',(-11.8707623602566,52.375,25.395));
#7784=CARTESIAN_POINT('',(-11.8707623602566,62.955,26.91));
#7785=CARTESIAN_POINT('',(-11.8707623602566,52.88,26.91));
#7786=CARTESIAN_POINT('',(-11.8707623602566,62.455,26.91));
#7787=CARTESIAN_POINT('',(-11.8707623602566,59.63,26.91));
#7788=CARTESIAN_POINT('',(-11.8707623602566,62.455,26.91));
#7789=CARTESIAN_POINT('',(-11.8707623602566,62.455,20.76));
#7790=CARTESIAN_POINT('',(-11.8707623602566,62.955,20.76));
#7791=CARTESIAN_POINT('',(-11.8707623602566,59.63,20.76));
#7792=CARTESIAN_POINT('',(-11.8707623602566,59.63,26.91));
#7793=CARTESIAN_POINT('',(-11.8707623602566,60.755,22.275));
#7794=CARTESIAN_POINT('',(-11.8707623602566,60.755,22.275));
#7795=CARTESIAN_POINT('',(-11.8707623602566,60.755,25.395));
#7796=CARTESIAN_POINT('',(-11.8707623602566,61.255,22.275));
#7797=CARTESIAN_POINT('',(-11.8707623602566,61.255,22.275));
#7798=CARTESIAN_POINT('',(-11.8707623602566,61.255,22.275));
#7799=CARTESIAN_POINT('',(-11.8707623602566,61.255,25.395));
#7800=CARTESIAN_POINT('',(-11.8707623602566,61.255,25.395));
#7801=CARTESIAN_POINT('',(-11.8707623602566,62.955,26.91));
#7802=CARTESIAN_POINT('',(-11.8707623602566,62.955,20.76));
#7803=CARTESIAN_POINT('',(-11.8707623602566,46.13,20.76));
#7804=CARTESIAN_POINT('',(-11.8707623602566,43.305,20.76));
#7805=CARTESIAN_POINT('',(-11.8707623602566,43.305,26.91));
#7806=CARTESIAN_POINT('',(-11.8707623602566,43.305,26.91));
#7807=CARTESIAN_POINT('',(-11.8707623602566,52.88,26.91));
#7808=CARTESIAN_POINT('',(-11.8707623602566,46.13,26.91));
#7809=CARTESIAN_POINT('',(-11.8707623602566,46.13,16.7288711258507));
#7810=CARTESIAN_POINT('',(-11.8707623602566,44.405,22.275));
#7811=CARTESIAN_POINT('',(-11.8707623602566,44.405,22.275));
#7812=CARTESIAN_POINT('',(-11.8707623602566,44.405,25.395));
#7813=CARTESIAN_POINT('',(-11.8707623602566,44.905,22.275));
#7814=CARTESIAN_POINT('',(-11.8707623602566,44.905,22.275));
#7815=CARTESIAN_POINT('',(-11.8707623602566,44.905,22.275));
#7816=CARTESIAN_POINT('',(-11.8707623602566,44.905,25.395));
#7817=CARTESIAN_POINT('',(-11.8707623602566,44.905,25.395));
#7818=CARTESIAN_POINT('',(-2.3707623602566,42.805,26.91));
#7819=CARTESIAN_POINT('',(-7.1207623602566,42.805,26.91));
#7820=CARTESIAN_POINT('',(-11.3707623602566,42.805,26.91));
#7821=CARTESIAN_POINT('',(-2.8707623602566,42.805,26.91));
#7822=CARTESIAN_POINT('',(-11.3707623602566,42.805,26.91));
#7823=CARTESIAN_POINT('',(-11.3707623602566,42.805,20.76));
#7824=CARTESIAN_POINT('',(-2.3707623602566,42.805,20.76));
#7825=CARTESIAN_POINT('',(-2.8707623602566,42.805,20.76));
#7826=CARTESIAN_POINT('',(-2.8707623602566,42.805,26.91));
#7827=CARTESIAN_POINT('',(-2.3707623602566,62.955,26.91));
#7828=CARTESIAN_POINT('',(-2.3707623602566,52.88,26.91));
#7829=CARTESIAN_POINT('',(-2.3707623602566,43.305,26.91));
#7830=CARTESIAN_POINT('',(-2.3707623602566,52.655,26.91));
#7831=CARTESIAN_POINT('',(-2.3707623602566,43.305,26.91));
#7832=CARTESIAN_POINT('',(-2.3707623602566,43.305,20.76));
#7833=CARTESIAN_POINT('',(-2.3707623602566,62.955,20.76));
#7834=CARTESIAN_POINT('',(-2.3707623602566,52.655,20.76));
#7835=CARTESIAN_POINT('',(-2.3707623602566,52.655,26.91));
#7836=CARTESIAN_POINT('',(-2.3707623602566,62.955,26.91));
#7837=CARTESIAN_POINT('',(-2.3707623602566,62.955,20.76));
#7838=CARTESIAN_POINT('',(-2.2707623602566,62.955,20.76));
#7839=CARTESIAN_POINT('',(-11.3707623602566,62.955,20.76));
#7840=CARTESIAN_POINT('',(-11.3707623602566,62.955,26.91));
#7841=CARTESIAN_POINT('',(-11.3707623602566,62.955,26.91));
#7842=CARTESIAN_POINT('',(-7.1207623602566,62.955,26.91));
#7843=CARTESIAN_POINT('',(-2.2707623602566,62.955,26.91));
#7844=CARTESIAN_POINT('',(-2.2707623602566,62.955,26.91));
#7845=CARTESIAN_POINT('',(-7.1207623602566,52.88,26.91));
#7846=CARTESIAN_POINT('',(-11.3707623602566,62.455,26.91));
#7847=CARTESIAN_POINT('',(-11.8707623602566,59.63,26.91));
#7848=CARTESIAN_POINT('',(-12.3707623602566,59.13,26.91));
#7849=CARTESIAN_POINT('',(-12.3707623602566,52.88,26.91));
#7850=CARTESIAN_POINT('',(-12.3707623602566,56.13,26.91));
#7851=CARTESIAN_POINT('',(-8.1207623602566,51.88,26.91));
#7852=CARTESIAN_POINT('',(-11.8707623602566,50.13,26.91));
#7853=CARTESIAN_POINT('',(-12.3707623602566,49.63,26.91));
#7854=CARTESIAN_POINT('',(-12.3707623602566,52.88,26.91));
#7855=CARTESIAN_POINT('',(-12.3707623602566,46.63,26.91));
#7856=CARTESIAN_POINT('',(-12.8707623602566,47.13,26.91));
#7857=CARTESIAN_POINT('',(-11.3707623602566,43.305,26.91));
#7858=CARTESIAN_POINT('',(-2.8707623602566,43.305,26.91));
#7859=CARTESIAN_POINT('',(-2.3707623602566,52.655,26.91));
#7860=CARTESIAN_POINT('',(-2.2707623602566,62.455,26.91));
#7861=CARTESIAN_POINT('',(-7.1207623602566,52.88,20.76));
#7862=CARTESIAN_POINT('',(-11.3707623602566,62.455,20.76));
#7863=CARTESIAN_POINT('',(-2.2707623602566,62.455,20.76));
#7864=CARTESIAN_POINT('',(-1.7707623602566,53.255,20.76));
#7865=CARTESIAN_POINT('',(-2.8707623602566,43.305,20.76));
#7866=CARTESIAN_POINT('',(-11.3707623602566,43.305,20.76));
#7867=CARTESIAN_POINT('',(-12.8707623602566,47.13,20.76));
#7868=CARTESIAN_POINT('',(-12.3707623602566,46.63,20.76));
#7869=CARTESIAN_POINT('',(-12.3707623602566,52.88,20.76));
#7870=CARTESIAN_POINT('',(-12.3707623602566,49.63,20.76));
#7871=CARTESIAN_POINT('',(-12.3707623602566,49.63,20.76));
#7872=CARTESIAN_POINT('',(-8.1207623602566,51.88,20.76));
#7873=CARTESIAN_POINT('',(-12.3707623602566,56.13,20.76));
#7874=CARTESIAN_POINT('',(-12.3707623602566,52.88,20.76));
#7875=CARTESIAN_POINT('',(-12.3707623602566,59.13,20.76));
#7876=CARTESIAN_POINT('',(-12.3707623602566,59.13,20.76));
#7877=CARTESIAN_POINT('',(-12.8707623602566,58.63,16.7288711258507));
#7878=CARTESIAN_POINT('',(-12.3707623602566,59.13,16.7288711258507));
#7879=CARTESIAN_POINT('',(-12.3707623602566,52.88,16.7288711258507));
#7880=CARTESIAN_POINT('',(-12.3707623602566,56.13,16.7288711258507));
#7881=CARTESIAN_POINT('',(-8.1207623602566,51.88,16.7288711258507));
#7882=CARTESIAN_POINT('',(-12.8707623602566,47.13,16.7288711258507));
#7883=CARTESIAN_POINT('',(-12.3707623602566,46.63,16.7288711258507));
#7884=CARTESIAN_POINT('',(-8.1207623602566,53.88,16.7288711258507));
#7885=CARTESIAN_POINT('',(-12.3707623602566,49.63,16.7288711258507));
#7886=CARTESIAN_POINT('',(-12.3707623602566,52.88,16.7288711258507));
#7887=CARTESIAN_POINT('',(-1.7707623602566,53.255,10.4425390720391));
#7888=CARTESIAN_POINT('',(-15.8707623602566,44.405,22.275));
#7889=CARTESIAN_POINT('',(-15.8707623602566,44.405,25.395));
#7890=CARTESIAN_POINT('',(-15.2707623602566,44.405,25.395));
#7891=CARTESIAN_POINT('',(-15.2707623602566,44.405,25.395));
#7892=CARTESIAN_POINT('',(-15.8707623602566,44.405,24.795));
#7893=CARTESIAN_POINT('',(-15.8707623602566,44.405,23.835));
#7894=CARTESIAN_POINT('',(-15.8707623602566,44.405,22.875));
#7895=CARTESIAN_POINT('',(-15.8707623602566,44.405,22.875));
#7896=CARTESIAN_POINT('',(-15.2707623602566,44.405,22.275));
#7897=CARTESIAN_POINT('',(-15.8707623602566,44.405,22.275));
#7898=CARTESIAN_POINT('',(-15.8707623602566,44.905,25.395));
#7899=CARTESIAN_POINT('',(-15.8707623602566,44.905,25.395));
#7900=CARTESIAN_POINT('',(-15.2707623602566,44.905,25.395));
#7901=CARTESIAN_POINT('',(-15.2707623602566,42.805,25.395));
#7902=CARTESIAN_POINT('',(-15.8707623602566,44.905,22.275));
#7903=CARTESIAN_POINT('',(-15.8707623602566,44.905,23.835));
#7904=CARTESIAN_POINT('',(-15.8707623602566,44.905,24.795));
#7905=CARTESIAN_POINT('',(-15.8707623602566,44.905,22.875));
#7906=CARTESIAN_POINT('',(-15.8707623602566,44.905,24.795));
#7907=CARTESIAN_POINT('',(-15.8707623602566,44.905,22.275));
#7908=CARTESIAN_POINT('',(-15.2707623602566,44.905,22.275));
#7909=CARTESIAN_POINT('',(-15.2707623602566,44.905,22.275));
#7910=CARTESIAN_POINT('',(-15.8707623602566,44.905,22.275));
#7911=CARTESIAN_POINT('',(-15.2707623602566,44.905,22.275));
#7912=CARTESIAN_POINT('',(-15.8707623602566,52.88,23.835));
#7913=CARTESIAN_POINT('',(-15.8707623602566,52.88,24.795));
#7914=CARTESIAN_POINT('',(-15.8707623602566,42.805,22.875));
#7915=CARTESIAN_POINT('',(-15.8707623602566,60.755,22.275));
#7916=CARTESIAN_POINT('',(-15.8707623602566,60.755,25.395));
#7917=CARTESIAN_POINT('',(-15.2707623602566,60.755,25.395));
#7918=CARTESIAN_POINT('',(-15.2707623602566,60.755,25.395));
#7919=CARTESIAN_POINT('',(-15.8707623602566,60.755,24.795));
#7920=CARTESIAN_POINT('',(-15.8707623602566,60.755,23.835));
#7921=CARTESIAN_POINT('',(-15.8707623602566,60.755,22.875));
#7922=CARTESIAN_POINT('',(-15.8707623602566,60.755,22.875));
#7923=CARTESIAN_POINT('',(-15.2707623602566,60.755,22.275));
#7924=CARTESIAN_POINT('',(-15.8707623602566,60.755,22.275));
#7925=CARTESIAN_POINT('',(-15.8707623602566,61.255,25.395));
#7926=CARTESIAN_POINT('',(-15.8707623602566,61.255,25.395));
#7927=CARTESIAN_POINT('',(-15.2707623602566,61.255,25.395));
#7928=CARTESIAN_POINT('',(-15.2707623602566,42.805,25.395));
#7929=CARTESIAN_POINT('',(-15.8707623602566,61.255,22.275));
#7930=CARTESIAN_POINT('',(-15.8707623602566,61.255,23.835));
#7931=CARTESIAN_POINT('',(-15.8707623602566,61.255,24.795));
#7932=CARTESIAN_POINT('',(-15.8707623602566,61.255,22.875));
#7933=CARTESIAN_POINT('',(-15.2707623602566,61.255,25.395));
#7934=CARTESIAN_POINT('',(-15.8707623602566,61.255,22.275));
#7935=CARTESIAN_POINT('',(-15.2707623602566,61.255,22.275));
#7936=CARTESIAN_POINT('',(-15.2707623602566,61.255,22.275));
#7937=CARTESIAN_POINT('',(-15.8707623602566,61.255,22.275));
#7938=CARTESIAN_POINT('',(-15.2707623602566,61.255,22.275));
#7939=CARTESIAN_POINT('',(-15.8707623602566,52.88,23.835));
#7940=CARTESIAN_POINT('',(-15.8707623602566,52.88,24.795));
#7941=CARTESIAN_POINT('',(-15.8707623602566,42.805,22.875));
#7942=CARTESIAN_POINT('',(-15.8707623602566,51.875,22.275));
#7943=CARTESIAN_POINT('',(-15.8707623602566,51.875,25.395));
#7944=CARTESIAN_POINT('',(-15.2707623602566,51.875,25.395));
#7945=CARTESIAN_POINT('',(-15.2707623602566,51.875,25.395));
#7946=CARTESIAN_POINT('',(-15.8707623602566,51.875,24.795));
#7947=CARTESIAN_POINT('',(-15.8707623602566,51.875,23.835));
#7948=CARTESIAN_POINT('',(-15.8707623602566,51.875,22.875));
#7949=CARTESIAN_POINT('',(-15.8707623602566,51.875,22.875));
#7950=CARTESIAN_POINT('',(-15.2707623602566,51.875,22.275));
#7951=CARTESIAN_POINT('',(-15.8707623602566,51.875,22.275));
#7952=CARTESIAN_POINT('',(-15.8707623602566,52.375,25.395));
#7953=CARTESIAN_POINT('',(-15.8707623602566,52.375,25.395));
#7954=CARTESIAN_POINT('',(-15.2707623602566,52.375,25.395));
#7955=CARTESIAN_POINT('',(-15.2707623602566,42.805,25.395));
#7956=CARTESIAN_POINT('',(-15.8707623602566,52.375,22.275));
#7957=CARTESIAN_POINT('',(-15.8707623602566,52.375,23.835));
#7958=CARTESIAN_POINT('',(-15.8707623602566,52.375,24.795));
#7959=CARTESIAN_POINT('',(-15.8707623602566,52.375,22.875));
#7960=CARTESIAN_POINT('',(-15.8707623602566,52.375,24.795));
#7961=CARTESIAN_POINT('',(-15.8707623602566,52.375,22.275));
#7962=CARTESIAN_POINT('',(-15.2707623602566,52.375,22.275));
#7963=CARTESIAN_POINT('',(-15.2707623602566,52.375,22.275));
#7964=CARTESIAN_POINT('',(-15.8707623602566,52.375,22.275));
#7965=CARTESIAN_POINT('',(-15.2707623602566,52.375,22.275));
#7966=CARTESIAN_POINT('',(-15.8707623602566,52.88,23.835));
#7967=CARTESIAN_POINT('',(-15.8707623602566,52.88,24.795));
#7968=CARTESIAN_POINT('',(-15.8707623602566,52.88,22.875));
#7969=CARTESIAN_POINT('',(-15.2707623602566,42.805,22.275));
#7970=CARTESIAN_POINT('',(-15.2707623602566,42.805,22.275));
#7971=CARTESIAN_POINT('',(-15.2707623602566,42.805,22.275));
#7972=CARTESIAN_POINT('',(-15.2707623602566,42.805,25.395));
#7973=CARTESIAN_POINT('',(-15.2707623602566,42.805,25.395));
#7974=CARTESIAN_POINT('',(-15.2707623602566,42.805,25.395));
#7975=CARTESIAN_POINT('',(-11.3707623602566,62.455,26.91));
#7976=CARTESIAN_POINT('',(-11.3707623602566,43.305,26.91));
#7977=CARTESIAN_POINT('',(-2.8707623602566,43.305,26.91));
#7978=CARTESIAN_POINT('',(-2.2707623602566,62.455,10.4425390720391));
#7979=CARTESIAN_POINT('',(-1.8207623602566,55.855,25.735));
#7980=CARTESIAN_POINT('',(-1.8207623602566,55.855,21.935));
#7981=CARTESIAN_POINT('',(-0.770762360256598,56.855,21.935));
#7982=CARTESIAN_POINT('',(-0.770762360256598,54.855,21.935));
#7983=CARTESIAN_POINT('',(-0.770762360256598,56.855,25.735));
#7984=CARTESIAN_POINT('',(-0.770762360256598,56.855,25.735));
#7985=CARTESIAN_POINT('',(-1.8207623602566,55.855,25.735));
#7986=CARTESIAN_POINT('',(-0.770762360256598,54.855,25.735));
#7987=CARTESIAN_POINT('',(-0.770762360256598,54.855,25.735));
#7988=CARTESIAN_POINT('',(-7.1207623602566,56.855,25.735));
#7989=CARTESIAN_POINT('',(-7.1207623602566,56.855,21.935));
#7990=CARTESIAN_POINT('',(-7.1207623602566,56.855,25.735));
#7991=CARTESIAN_POINT('',(-7.1207623602566,54.855,25.735));
#7992=CARTESIAN_POINT('',(-7.1207623602566,54.855,21.935));
#7993=CARTESIAN_POINT('',(-7.1207623602566,54.855,25.735));
#7994=CARTESIAN_POINT('',(-7.1207623602566,52.88,25.735));
#7995=CARTESIAN_POINT('',(-7.1207623602566,52.88,21.935));
#7996=CARTESIAN_POINT('',(0.,0.,0.));
#7997=CARTESIAN_POINT('',(14.0692376397434,42.805,23.835));
#7998=CARTESIAN_POINT('',(14.0692376397434,44.405,23.835));
#7999=CARTESIAN_POINT('',(14.0692376397434,44.405,24.635));
#8000=CARTESIAN_POINT('',(14.0692376397434,42.805,24.635));
#8001=CARTESIAN_POINT('',(14.0692376397434,44.905,24.635));
#8002=CARTESIAN_POINT('',(14.0692376397434,44.905,23.835));
#8003=CARTESIAN_POINT('',(14.0692376397434,42.805,23.835));
#8004=CARTESIAN_POINT('',(14.0692376397434,60.755,23.835));
#8005=CARTESIAN_POINT('',(14.0692376397434,60.755,24.635));
#8006=CARTESIAN_POINT('',(14.0692376397434,42.805,24.635));
#8007=CARTESIAN_POINT('',(14.0692376397434,61.255,24.635));
#8008=CARTESIAN_POINT('',(14.0692376397434,61.255,23.835));
#8009=CARTESIAN_POINT('',(14.0692376397434,42.805,23.835));
#8010=CARTESIAN_POINT('',(14.0692376397434,51.875,23.835));
#8011=CARTESIAN_POINT('',(14.0692376397434,51.875,24.635));
#8012=CARTESIAN_POINT('',(14.0692376397434,42.805,24.635));
#8013=CARTESIAN_POINT('',(14.0692376397434,52.375,24.635));
#8014=CARTESIAN_POINT('',(14.0692376397434,52.375,23.835));
#8015=CARTESIAN_POINT('',(9.4192376397434,48.13,30.4455339059327));
#8016=CARTESIAN_POINT('',(9.4192376397434,48.13,26.91));
#8017=CARTESIAN_POINT('',(9.4192376397434,49.38,26.91));
#8018=CARTESIAN_POINT('',(9.4192376397434,49.38,30.4455339059327));
#8019=CARTESIAN_POINT('',(9.4192376397434,49.38,20.76));
#8020=CARTESIAN_POINT('',(9.4192376397434,48.13,20.76));
#8021=CARTESIAN_POINT('',(9.4192376397434,57.63,30.4455339059327));
#8022=CARTESIAN_POINT('',(9.4192376397434,57.63,26.91));
#8023=CARTESIAN_POINT('',(9.4192376397434,58.88,26.91));
#8024=CARTESIAN_POINT('',(9.4192376397434,58.88,30.4455339059327));
#8025=CARTESIAN_POINT('',(9.4192376397434,58.88,20.76));
#8026=CARTESIAN_POINT('',(9.4192376397434,57.63,20.76));
#8027=CARTESIAN_POINT('',(1.7692376397434,62.955,37.2274609279609));
#8028=CARTESIAN_POINT('',(1.7692376397434,52.88,26.91));
#8029=CARTESIAN_POINT('',(1.7692376397434,62.455,26.91));
#8030=CARTESIAN_POINT('',(1.7692376397434,53.255,26.91));
#8031=CARTESIAN_POINT('',(1.7692376397434,62.455,37.2274609279609));
#8032=CARTESIAN_POINT('',(1.7692376397434,62.455,20.76));
#8033=CARTESIAN_POINT('',(1.7692376397434,52.88,20.76));
#8034=CARTESIAN_POINT('',(1.7692376397434,53.255,20.76));
#8035=CARTESIAN_POINT('',(1.7692376397434,53.255,37.2274609279609));
#8036=CARTESIAN_POINT('',(1.7692376397434,62.955,21.935));
#8037=CARTESIAN_POINT('',(1.7692376397434,54.855,21.935));
#8038=CARTESIAN_POINT('',(1.7692376397434,56.855,21.935));
#8039=CARTESIAN_POINT('',(1.7692376397434,56.855,37.2274609279609));
#8040=CARTESIAN_POINT('',(1.7692376397434,56.855,25.735));
#8041=CARTESIAN_POINT('',(1.7692376397434,52.88,25.735));
#8042=CARTESIAN_POINT('',(1.7692376397434,54.855,25.735));
#8043=CARTESIAN_POINT('',(1.7692376397434,54.855,21.935));
#8044=CARTESIAN_POINT('',(11.8692376397434,62.955,20.76));
#8045=CARTESIAN_POINT('',(11.8692376397434,62.955,26.91));
#8046=CARTESIAN_POINT('',(11.8692376397434,55.63,26.91));
#8047=CARTESIAN_POINT('',(11.8692376397434,50.13,26.91));
#8048=CARTESIAN_POINT('',(11.8692376397434,50.13,20.76));
#8049=CARTESIAN_POINT('',(11.8692376397434,50.13,20.76));
#8050=CARTESIAN_POINT('',(11.8692376397434,52.88,20.76));
#8051=CARTESIAN_POINT('',(11.8692376397434,55.63,20.76));
#8052=CARTESIAN_POINT('',(11.8692376397434,55.63,30.9411288741493));
#8053=CARTESIAN_POINT('',(11.8692376397434,51.875,25.395));
#8054=CARTESIAN_POINT('',(11.8692376397434,51.875,25.395));
#8055=CARTESIAN_POINT('',(11.8692376397434,51.875,22.275));
#8056=CARTESIAN_POINT('',(11.8692376397434,52.375,25.395));
#8057=CARTESIAN_POINT('',(11.8692376397434,52.375,25.395));
#8058=CARTESIAN_POINT('',(11.8692376397434,52.375,25.395));
#8059=CARTESIAN_POINT('',(11.8692376397434,52.375,22.275));
#8060=CARTESIAN_POINT('',(11.8692376397434,52.375,22.275));
#8061=CARTESIAN_POINT('',(11.8692376397434,62.955,20.76));
#8062=CARTESIAN_POINT('',(11.8692376397434,52.88,20.76));
#8063=CARTESIAN_POINT('',(11.8692376397434,62.455,20.76));
#8064=CARTESIAN_POINT('',(11.8692376397434,59.63,20.76));
#8065=CARTESIAN_POINT('',(11.8692376397434,62.455,20.76));
#8066=CARTESIAN_POINT('',(11.8692376397434,62.455,26.91));
#8067=CARTESIAN_POINT('',(11.8692376397434,62.955,26.91));
#8068=CARTESIAN_POINT('',(11.8692376397434,59.63,26.91));
#8069=CARTESIAN_POINT('',(11.8692376397434,59.63,20.76));
#8070=CARTESIAN_POINT('',(11.8692376397434,60.755,25.395));
#8071=CARTESIAN_POINT('',(11.8692376397434,60.755,25.395));
#8072=CARTESIAN_POINT('',(11.8692376397434,60.755,22.275));
#8073=CARTESIAN_POINT('',(11.8692376397434,61.255,25.395));
#8074=CARTESIAN_POINT('',(11.8692376397434,61.255,25.395));
#8075=CARTESIAN_POINT('',(11.8692376397434,61.255,25.395));
#8076=CARTESIAN_POINT('',(11.8692376397434,61.255,22.275));
#8077=CARTESIAN_POINT('',(11.8692376397434,61.255,22.275));
#8078=CARTESIAN_POINT('',(11.8692376397434,62.955,20.76));
#8079=CARTESIAN_POINT('',(11.8692376397434,62.955,26.91));
#8080=CARTESIAN_POINT('',(11.8692376397434,46.13,26.91));
#8081=CARTESIAN_POINT('',(11.8692376397434,43.305,26.91));
#8082=CARTESIAN_POINT('',(11.8692376397434,43.305,20.76));
#8083=CARTESIAN_POINT('',(11.8692376397434,43.305,20.76));
#8084=CARTESIAN_POINT('',(11.8692376397434,52.88,20.76));
#8085=CARTESIAN_POINT('',(11.8692376397434,46.13,20.76));
#8086=CARTESIAN_POINT('',(11.8692376397434,46.13,30.9411288741493));
#8087=CARTESIAN_POINT('',(11.8692376397434,44.405,25.395));
#8088=CARTESIAN_POINT('',(11.8692376397434,44.405,25.395));
#8089=CARTESIAN_POINT('',(11.8692376397434,44.405,22.275));
#8090=CARTESIAN_POINT('',(11.8692376397434,44.905,25.395));
#8091=CARTESIAN_POINT('',(11.8692376397434,44.905,25.395));
#8092=CARTESIAN_POINT('',(11.8692376397434,44.905,25.395));
#8093=CARTESIAN_POINT('',(11.8692376397434,44.905,22.275));
#8094=CARTESIAN_POINT('',(11.8692376397434,44.905,22.275));
#8095=CARTESIAN_POINT('',(2.3692376397434,42.805,20.76));
#8096=CARTESIAN_POINT('',(7.1192376397434,42.805,20.76));
#8097=CARTESIAN_POINT('',(11.3692376397434,42.805,20.76));
#8098=CARTESIAN_POINT('',(2.8692376397434,42.805,20.76));
#8099=CARTESIAN_POINT('',(11.3692376397434,42.805,20.76));
#8100=CARTESIAN_POINT('',(11.3692376397434,42.805,26.91));
#8101=CARTESIAN_POINT('',(2.3692376397434,42.805,26.91));
#8102=CARTESIAN_POINT('',(2.8692376397434,42.805,26.91));
#8103=CARTESIAN_POINT('',(2.8692376397434,42.805,20.76));
#8104=CARTESIAN_POINT('',(2.3692376397434,62.955,20.76));
#8105=CARTESIAN_POINT('',(2.3692376397434,52.88,20.76));
#8106=CARTESIAN_POINT('',(2.3692376397434,43.305,20.76));
#8107=CARTESIAN_POINT('',(2.3692376397434,52.655,20.76));
#8108=CARTESIAN_POINT('',(2.3692376397434,43.305,20.76));
#8109=CARTESIAN_POINT('',(2.3692376397434,43.305,26.91));
#8110=CARTESIAN_POINT('',(2.3692376397434,62.955,26.91));
#8111=CARTESIAN_POINT('',(2.3692376397434,52.655,26.91));
#8112=CARTESIAN_POINT('',(2.3692376397434,52.655,20.76));
#8113=CARTESIAN_POINT('',(2.3692376397434,62.955,20.76));
#8114=CARTESIAN_POINT('',(2.3692376397434,62.955,26.91));
#8115=CARTESIAN_POINT('',(2.2692376397434,62.955,26.91));
#8116=CARTESIAN_POINT('',(11.3692376397434,62.955,26.91));
#8117=CARTESIAN_POINT('',(11.3692376397434,62.955,20.76));
#8118=CARTESIAN_POINT('',(11.3692376397434,62.955,20.76));
#8119=CARTESIAN_POINT('',(7.1192376397434,62.955,20.76));
#8120=CARTESIAN_POINT('',(2.2692376397434,62.955,20.76));
#8121=CARTESIAN_POINT('',(2.2692376397434,62.955,20.76));
#8122=CARTESIAN_POINT('',(7.1192376397434,52.88,20.76));
#8123=CARTESIAN_POINT('',(11.3692376397434,62.455,20.76));
#8124=CARTESIAN_POINT('',(11.8692376397434,59.63,20.76));
#8125=CARTESIAN_POINT('',(12.3692376397434,59.13,20.76));
#8126=CARTESIAN_POINT('',(12.3692376397434,52.88,20.76));
#8127=CARTESIAN_POINT('',(12.3692376397434,56.13,20.76));
#8128=CARTESIAN_POINT('',(8.1192376397434,51.88,20.76));
#8129=CARTESIAN_POINT('',(11.8692376397434,50.13,20.76));
#8130=CARTESIAN_POINT('',(12.3692376397434,49.63,20.76));
#8131=CARTESIAN_POINT('',(12.3692376397434,52.88,20.76));
#8132=CARTESIAN_POINT('',(12.3692376397434,46.63,20.76));
#8133=CARTESIAN_POINT('',(12.8692376397434,47.13,20.76));
#8134=CARTESIAN_POINT('',(11.3692376397434,43.305,20.76));
#8135=CARTESIAN_POINT('',(2.8692376397434,43.305,20.76));
#8136=CARTESIAN_POINT('',(2.3692376397434,52.655,20.76));
#8137=CARTESIAN_POINT('',(2.2692376397434,62.455,20.76));
#8138=CARTESIAN_POINT('',(7.1192376397434,52.88,26.91));
#8139=CARTESIAN_POINT('',(11.3692376397434,62.455,26.91));
#8140=CARTESIAN_POINT('',(2.2692376397434,62.455,26.91));
#8141=CARTESIAN_POINT('',(1.7692376397434,53.255,26.91));
#8142=CARTESIAN_POINT('',(2.8692376397434,43.305,26.91));
#8143=CARTESIAN_POINT('',(11.3692376397434,43.305,26.91));
#8144=CARTESIAN_POINT('',(12.8692376397434,47.13,26.91));
#8145=CARTESIAN_POINT('',(12.3692376397434,46.63,26.91));
#8146=CARTESIAN_POINT('',(12.3692376397434,52.88,26.91));
#8147=CARTESIAN_POINT('',(12.3692376397434,49.63,26.91));
#8148=CARTESIAN_POINT('',(12.3692376397434,49.63,26.91));
#8149=CARTESIAN_POINT('',(8.1192376397434,51.88,26.91));
#8150=CARTESIAN_POINT('',(12.3692376397434,56.13,26.91));
#8151=CARTESIAN_POINT('',(12.3692376397434,52.88,26.91));
#8152=CARTESIAN_POINT('',(12.3692376397434,59.13,26.91));
#8153=CARTESIAN_POINT('',(12.3692376397434,59.13,26.91));
#8154=CARTESIAN_POINT('',(12.8692376397434,58.63,30.9411288741493));
#8155=CARTESIAN_POINT('',(12.3692376397434,59.13,30.9411288741493));
#8156=CARTESIAN_POINT('',(12.3692376397434,52.88,30.9411288741493));
#8157=CARTESIAN_POINT('',(12.3692376397434,56.13,30.9411288741493));
#8158=CARTESIAN_POINT('',(8.1192376397434,51.88,30.9411288741493));
#8159=CARTESIAN_POINT('',(12.8692376397434,47.13,30.9411288741493));
#8160=CARTESIAN_POINT('',(12.3692376397434,46.63,30.9411288741493));
#8161=CARTESIAN_POINT('',(8.1192376397434,53.88,30.9411288741493));
#8162=CARTESIAN_POINT('',(12.3692376397434,49.63,30.9411288741493));
#8163=CARTESIAN_POINT('',(12.3692376397434,52.88,30.9411288741493));
#8164=CARTESIAN_POINT('',(1.7692376397434,53.255,37.2274609279609));
#8165=CARTESIAN_POINT('',(15.8692376397434,44.405,25.395));
#8166=CARTESIAN_POINT('',(15.8692376397434,44.405,22.275));
#8167=CARTESIAN_POINT('',(15.2692376397434,44.405,22.275));
#8168=CARTESIAN_POINT('',(15.2692376397434,44.405,22.275));
#8169=CARTESIAN_POINT('',(15.8692376397434,44.405,22.875));
#8170=CARTESIAN_POINT('',(15.8692376397434,44.405,23.835));
#8171=CARTESIAN_POINT('',(15.8692376397434,44.405,24.795));
#8172=CARTESIAN_POINT('',(15.8692376397434,44.405,24.795));
#8173=CARTESIAN_POINT('',(15.2692376397434,44.405,25.395));
#8174=CARTESIAN_POINT('',(15.8692376397434,44.405,25.395));
#8175=CARTESIAN_POINT('',(15.8692376397434,44.905,22.275));
#8176=CARTESIAN_POINT('',(15.8692376397434,44.905,22.275));
#8177=CARTESIAN_POINT('',(15.2692376397434,44.905,22.275));
#8178=CARTESIAN_POINT('',(15.2692376397434,42.805,22.275));
#8179=CARTESIAN_POINT('',(15.8692376397434,44.905,25.395));
#8180=CARTESIAN_POINT('',(15.8692376397434,44.905,23.835));
#8181=CARTESIAN_POINT('',(15.8692376397434,44.905,22.875));
#8182=CARTESIAN_POINT('',(15.8692376397434,44.905,24.795));
#8183=CARTESIAN_POINT('',(15.8692376397434,44.905,22.875));
#8184=CARTESIAN_POINT('',(15.8692376397434,44.905,25.395));
#8185=CARTESIAN_POINT('',(15.2692376397434,44.905,25.395));
#8186=CARTESIAN_POINT('',(15.2692376397434,44.905,25.395));
#8187=CARTESIAN_POINT('',(15.8692376397434,44.905,25.395));
#8188=CARTESIAN_POINT('',(15.2692376397434,44.905,25.395));
#8189=CARTESIAN_POINT('',(15.8692376397434,52.88,23.835));
#8190=CARTESIAN_POINT('',(15.8692376397434,52.88,22.875));
#8191=CARTESIAN_POINT('',(15.8692376397434,42.805,24.795));
#8192=CARTESIAN_POINT('',(15.8692376397434,60.755,25.395));
#8193=CARTESIAN_POINT('',(15.8692376397434,60.755,22.275));
#8194=CARTESIAN_POINT('',(15.2692376397434,60.755,22.275));
#8195=CARTESIAN_POINT('',(15.2692376397434,60.755,22.275));
#8196=CARTESIAN_POINT('',(15.8692376397434,60.755,22.875));
#8197=CARTESIAN_POINT('',(15.8692376397434,60.755,23.835));
#8198=CARTESIAN_POINT('',(15.8692376397434,60.755,24.795));
#8199=CARTESIAN_POINT('',(15.8692376397434,60.755,24.795));
#8200=CARTESIAN_POINT('',(15.2692376397434,60.755,25.395));
#8201=CARTESIAN_POINT('',(15.8692376397434,60.755,25.395));
#8202=CARTESIAN_POINT('',(15.8692376397434,61.255,22.275));
#8203=CARTESIAN_POINT('',(15.8692376397434,61.255,22.275));
#8204=CARTESIAN_POINT('',(15.2692376397434,61.255,22.275));
#8205=CARTESIAN_POINT('',(15.2692376397434,42.805,22.275));
#8206=CARTESIAN_POINT('',(15.8692376397434,61.255,25.395));
#8207=CARTESIAN_POINT('',(15.8692376397434,61.255,23.835));
#8208=CARTESIAN_POINT('',(15.8692376397434,61.255,22.875));
#8209=CARTESIAN_POINT('',(15.8692376397434,61.255,24.795));
#8210=CARTESIAN_POINT('',(15.2692376397434,61.255,22.275));
#8211=CARTESIAN_POINT('',(15.8692376397434,61.255,25.395));
#8212=CARTESIAN_POINT('',(15.2692376397434,61.255,25.395));
#8213=CARTESIAN_POINT('',(15.2692376397434,61.255,25.395));
#8214=CARTESIAN_POINT('',(15.8692376397434,61.255,25.395));
#8215=CARTESIAN_POINT('',(15.2692376397434,61.255,25.395));
#8216=CARTESIAN_POINT('',(15.8692376397434,52.88,23.835));
#8217=CARTESIAN_POINT('',(15.8692376397434,52.88,22.875));
#8218=CARTESIAN_POINT('',(15.8692376397434,42.805,24.795));
#8219=CARTESIAN_POINT('',(15.8692376397434,51.875,25.395));
#8220=CARTESIAN_POINT('',(15.8692376397434,51.875,22.275));
#8221=CARTESIAN_POINT('',(15.2692376397434,51.875,22.275));
#8222=CARTESIAN_POINT('',(15.2692376397434,51.875,22.275));
#8223=CARTESIAN_POINT('',(15.8692376397434,51.875,22.875));
#8224=CARTESIAN_POINT('',(15.8692376397434,51.875,23.835));
#8225=CARTESIAN_POINT('',(15.8692376397434,51.875,24.795));
#8226=CARTESIAN_POINT('',(15.8692376397434,51.875,24.795));
#8227=CARTESIAN_POINT('',(15.2692376397434,51.875,25.395));
#8228=CARTESIAN_POINT('',(15.8692376397434,51.875,25.395));
#8229=CARTESIAN_POINT('',(15.8692376397434,52.375,22.275));
#8230=CARTESIAN_POINT('',(15.8692376397434,52.375,22.275));
#8231=CARTESIAN_POINT('',(15.2692376397434,52.375,22.275));
#8232=CARTESIAN_POINT('',(15.2692376397434,42.805,22.275));
#8233=CARTESIAN_POINT('',(15.8692376397434,52.375,25.395));
#8234=CARTESIAN_POINT('',(15.8692376397434,52.375,23.835));
#8235=CARTESIAN_POINT('',(15.8692376397434,52.375,22.875));
#8236=CARTESIAN_POINT('',(15.8692376397434,52.375,24.795));
#8237=CARTESIAN_POINT('',(15.8692376397434,52.375,22.875));
#8238=CARTESIAN_POINT('',(15.8692376397434,52.375,25.395));
#8239=CARTESIAN_POINT('',(15.2692376397434,52.375,25.395));
#8240=CARTESIAN_POINT('',(15.2692376397434,52.375,25.395));
#8241=CARTESIAN_POINT('',(15.8692376397434,52.375,25.395));
#8242=CARTESIAN_POINT('',(15.2692376397434,52.375,25.395));
#8243=CARTESIAN_POINT('',(15.8692376397434,52.88,23.835));
#8244=CARTESIAN_POINT('',(15.8692376397434,52.88,22.875));
#8245=CARTESIAN_POINT('',(15.8692376397434,52.88,24.795));
#8246=CARTESIAN_POINT('',(15.2692376397434,42.805,25.395));
#8247=CARTESIAN_POINT('',(15.2692376397434,42.805,25.395));
#8248=CARTESIAN_POINT('',(15.2692376397434,42.805,25.395));
#8249=CARTESIAN_POINT('',(15.2692376397434,42.805,22.275));
#8250=CARTESIAN_POINT('',(15.2692376397434,42.805,22.275));
#8251=CARTESIAN_POINT('',(15.2692376397434,42.805,22.275));
#8252=CARTESIAN_POINT('',(11.3692376397434,62.455,20.76));
#8253=CARTESIAN_POINT('',(11.3692376397434,43.305,20.76));
#8254=CARTESIAN_POINT('',(2.8692376397434,43.305,20.76));
#8255=CARTESIAN_POINT('',(2.2692376397434,62.455,37.2274609279609));
#8256=CARTESIAN_POINT('',(1.8192376397434,55.855,21.935));
#8257=CARTESIAN_POINT('',(1.8192376397434,55.855,25.735));
#8258=CARTESIAN_POINT('',(0.769237639743403,56.855,25.735));
#8259=CARTESIAN_POINT('',(0.769237639743403,54.855,25.735));
#8260=CARTESIAN_POINT('',(0.769237639743403,56.855,21.935));
#8261=CARTESIAN_POINT('',(0.769237639743403,56.855,21.935));
#8262=CARTESIAN_POINT('',(1.8192376397434,55.855,21.935));
#8263=CARTESIAN_POINT('',(0.769237639743403,54.855,21.935));
#8264=CARTESIAN_POINT('',(0.769237639743403,54.855,21.935));
#8265=CARTESIAN_POINT('',(7.1192376397434,56.855,21.935));
#8266=CARTESIAN_POINT('',(7.1192376397434,56.855,25.735));
#8267=CARTESIAN_POINT('',(7.1192376397434,56.855,21.935));
#8268=CARTESIAN_POINT('',(7.11923763974341,54.855,21.935));
#8269=CARTESIAN_POINT('',(7.11923763974341,54.855,25.735));
#8270=CARTESIAN_POINT('',(7.1192376397434,54.855,21.935));
#8271=CARTESIAN_POINT('',(7.1192376397434,52.88,21.935));
#8272=CARTESIAN_POINT('',(7.1192376397434,52.88,25.735));
#8273=CARTESIAN_POINT('',(0.,0.,0.));
#8274=CARTESIAN_POINT('',(12.9676175988369,64.7407960953498,39.91));
#8275=CARTESIAN_POINT('',(9.4862635264133,64.38,33.41));
#8276=CARTESIAN_POINT('',(9.4862635264133,64.38,29.91));
#8277=CARTESIAN_POINT('',(9.4862635264133,64.38,36.91));
#8278=CARTESIAN_POINT('',(12.9676175988369,64.7407960953498,29.91));
#8279=CARTESIAN_POINT('',(12.4999999999982,68.2094174037742,29.91));
#8280=CARTESIAN_POINT('',(12.4999999999964,68.209417403774,36.91));
#8281=CARTESIAN_POINT('',(12.4999999999964,68.209417403774,39.91));
#8282=CARTESIAN_POINT('',(12.9676175988369,64.7407960953498,39.91));
#8283=CARTESIAN_POINT('',(12.4999999999964,61.2721747869256,39.91));
#8284=CARTESIAN_POINT('',(12.4999999999964,61.2721747869256,36.91));
#8285=CARTESIAN_POINT('',(12.4999999999964,61.2721747869256,36.91));
#8286=CARTESIAN_POINT('',(12.9676175988369,64.7407960953498,36.91));
#8287=CARTESIAN_POINT('',(-15.223709302575,63.9468813502035,39.91));
#8288=CARTESIAN_POINT('',(-12.5000000000036,61.7488350278785,36.91));
#8289=CARTESIAN_POINT('',(-12.5000000000036,61.7488350278785,39.91));
#8290=CARTESIAN_POINT('',(-12.5000000000018,61.7488350278808,36.91));
#8291=CARTESIAN_POINT('',(-15.223709302575,63.9468813502035,39.91));
#8292=CARTESIAN_POINT('',(-12.5000000000036,66.1449276725284,39.91));
#8293=CARTESIAN_POINT('',(-12.5000000000036,66.1449276725284,36.91));
#8294=CARTESIAN_POINT('',(-12.5000000000036,66.1449276725284,29.91));
#8295=CARTESIAN_POINT('',(-15.223709302575,63.9468813502035,29.91));
#8296=CARTESIAN_POINT('',(-11.7506115159876,64.38,29.91));
#8297=CARTESIAN_POINT('',(-11.7506115159876,64.38,33.41));
#8298=CARTESIAN_POINT('',(-11.7506115159876,64.38,36.91));
#8299=CARTESIAN_POINT('',(-15.223709302575,63.9468813502035,36.91));
#8300=CARTESIAN_POINT('',(12.4999999999964,36.88,36.91));
#8301=CARTESIAN_POINT('',(12.5,68.88,29.91));
#8302=CARTESIAN_POINT('',(12.4999999999982,68.88,29.91));
#8303=CARTESIAN_POINT('',(12.4999999999964,68.88,36.91));
#8304=CARTESIAN_POINT('',(12.4999999999964,68.88,39.91));
#8305=CARTESIAN_POINT('',(12.4999999999964,36.88,39.91));
#8306=CARTESIAN_POINT('',(12.4999999999964,36.88,36.91));
#8307=CARTESIAN_POINT('',(12.4999999999964,36.88,39.91));
#8308=CARTESIAN_POINT('',(12.4999999999964,45.88,39.91));
#8309=CARTESIAN_POINT('',(12.4999999999964,45.88,36.91));
#8310=CARTESIAN_POINT('',(12.4999999999964,45.88,36.91));
#8311=CARTESIAN_POINT('',(12.4999999999964,52.88,36.91));
#8312=CARTESIAN_POINT('',(-3.63771512912337E-12,52.88,36.91));
#8313=CARTESIAN_POINT('',(-3.63771512912337E-12,45.88,36.91));
#8314=CARTESIAN_POINT('',(18.5,45.88,36.91));
#8315=CARTESIAN_POINT('',(18.5,41.88,36.91));
#8316=CARTESIAN_POINT('',(18.5,37.88,36.91));
#8317=CARTESIAN_POINT('',(-3.63771512912337E-12,37.88,36.91));
#8318=CARTESIAN_POINT('',(12.4999999999964,37.88,36.91));
#8319=CARTESIAN_POINT('',(12.4999999999964,36.88,36.91));
#8320=CARTESIAN_POINT('',(12.4999999999982,42.38,36.91));
#8321=CARTESIAN_POINT('',(-3.63771512912337E-12,42.38,36.91));
#8322=CARTESIAN_POINT('',(-12.5,42.38,36.91));
#8323=CARTESIAN_POINT('',(-12.5,52.88,36.91));
#8324=CARTESIAN_POINT('',(-12.5000000000018,44.88,36.91));
#8325=CARTESIAN_POINT('',(-3.63771512912337E-12,44.88,36.91));
#8326=CARTESIAN_POINT('',(-18.5,44.88,36.91));
#8327=CARTESIAN_POINT('',(-18.5,48.88,36.91));
#8328=CARTESIAN_POINT('',(-18.5,52.88,36.91));
#8329=CARTESIAN_POINT('',(-3.63771512912337E-12,52.88,36.91));
#8330=CARTESIAN_POINT('',(-12.5000000000018,52.88,36.91));
#8331=CARTESIAN_POINT('',(-12.5,52.88,36.91));
#8332=CARTESIAN_POINT('',(-3.63771512912337E-12,64.38,36.91));
#8333=CARTESIAN_POINT('',(-18.5,48.88,36.91));
#8334=CARTESIAN_POINT('',(-18.5,45.23,36.91));
#8335=CARTESIAN_POINT('',(9.4207623602494,48.13,36.91));
#8336=CARTESIAN_POINT('',(9.4207623602494,49.38,36.91));
#8337=CARTESIAN_POINT('',(-9.4207623602566,48.13,36.91));
#8338=CARTESIAN_POINT('',(-9.4207623602566,49.38,36.91));
#8339=CARTESIAN_POINT('',(9.4207623602494,57.63,36.91));
#8340=CARTESIAN_POINT('',(9.4207623602494,58.88,36.91));
#8341=CARTESIAN_POINT('',(-9.4207623602566,57.63,36.91));
#8342=CARTESIAN_POINT('',(-9.4207623602566,58.88,36.91));
#8343=CARTESIAN_POINT('',(18.5,41.88,36.91));
#8344=CARTESIAN_POINT('',(18.5,38.23,36.91));
#8345=CARTESIAN_POINT('',(-3.63771512912337E-12,52.88,39.91));
#8346=CARTESIAN_POINT('',(12.4999999999964,68.88,39.91));
#8347=CARTESIAN_POINT('',(-12.5000000000018,68.88,39.91));
#8348=CARTESIAN_POINT('',(-12.5000000000036,68.88,39.91));
#8349=CARTESIAN_POINT('',(-12.5000000000036,68.88,39.91));
#8350=CARTESIAN_POINT('',(-12.5000000000036,52.88,39.91));
#8351=CARTESIAN_POINT('',(-18.5,52.88,39.91));
#8352=CARTESIAN_POINT('',(-18.5,52.88,39.91));
#8353=CARTESIAN_POINT('',(-18.5,48.88,39.91));
#8354=CARTESIAN_POINT('',(-18.5,44.88,39.91));
#8355=CARTESIAN_POINT('',(-12.5,44.88,39.91));
#8356=CARTESIAN_POINT('',(-12.5000000000036,44.88,39.91));
#8357=CARTESIAN_POINT('',(-12.5000000000036,68.88,39.91));
#8358=CARTESIAN_POINT('',(-12.5000000000036,36.88,39.91));
#8359=CARTESIAN_POINT('',(-12.5000000000036,36.88,39.91));
#8360=CARTESIAN_POINT('',(12.4999999999964,36.88,39.91));
#8361=CARTESIAN_POINT('',(12.4999999999964,36.88,39.91));
#8362=CARTESIAN_POINT('',(12.4999999999964,37.88,39.91));
#8363=CARTESIAN_POINT('',(18.5,37.88,39.91));
#8364=CARTESIAN_POINT('',(18.5,37.88,39.91));
#8365=CARTESIAN_POINT('',(18.5,41.88,39.91));
#8366=CARTESIAN_POINT('',(18.5,45.88,39.91));
#8367=CARTESIAN_POINT('',(12.5,45.88,39.91));
#8368=CARTESIAN_POINT('',(9.4207623602494,48.13,39.91));
#8369=CARTESIAN_POINT('',(9.4207623602494,49.38,39.91));
#8370=CARTESIAN_POINT('',(-9.4207623602566,48.13,39.91));
#8371=CARTESIAN_POINT('',(-9.4207623602566,49.38,39.91));
#8372=CARTESIAN_POINT('',(9.4207623602494,57.63,39.91));
#8373=CARTESIAN_POINT('',(9.4207623602494,58.88,39.91));
#8374=CARTESIAN_POINT('',(-9.4207623602566,57.63,39.91));
#8375=CARTESIAN_POINT('',(-9.4207623602566,58.88,39.91));
#8376=CARTESIAN_POINT('',(18.5,41.88,39.91));
#8377=CARTESIAN_POINT('',(18.5,40.23,39.91));
#8378=CARTESIAN_POINT('',(-18.5,48.88,39.91));
#8379=CARTESIAN_POINT('',(-18.5,47.23,39.91));
#8380=CARTESIAN_POINT('',(-12.5000000000036,68.88,36.91));
#8381=CARTESIAN_POINT('',(-12.5,68.88,36.91));
#8382=CARTESIAN_POINT('',(-12.5000000000018,68.88,29.91));
#8383=CARTESIAN_POINT('',(-12.5000000000036,68.88,29.91));
#8384=CARTESIAN_POINT('',(-18.5,48.88,37.91));
#8385=CARTESIAN_POINT('',(-18.5,46.23,37.91));
#8386=CARTESIAN_POINT('',(-18.5,47.23,38.91));
#8387=CARTESIAN_POINT('',(-18.5,48.88,38.91));
#8388=CARTESIAN_POINT('',(-18.5,48.88,39.91));
#8389=CARTESIAN_POINT('',(-18.5,47.23,39.91));
#8390=CARTESIAN_POINT('',(18.5,41.88,37.91));
#8391=CARTESIAN_POINT('',(18.5,39.23,37.91));
#8392=CARTESIAN_POINT('',(18.5,40.23,38.91));
#8393=CARTESIAN_POINT('',(18.5,41.88,38.91));
#8394=CARTESIAN_POINT('',(18.5,41.88,39.91));
#8395=CARTESIAN_POINT('',(18.5,40.23,39.91));
#8396=CARTESIAN_POINT('',(-18.5,52.88,39.91));
#8397=CARTESIAN_POINT('',(-12.5000000000036,52.88,36.91));
#8398=CARTESIAN_POINT('',(-18.5,52.88,39.91));
#8399=CARTESIAN_POINT('',(-18.5,48.88,39.91));
#8400=CARTESIAN_POINT('',(-18.5,44.88,39.91));
#8401=CARTESIAN_POINT('',(-12.5,44.88,39.91));
#8402=CARTESIAN_POINT('',(-12.5000000000036,44.88,36.91));
#8403=CARTESIAN_POINT('',(-12.5000000000036,68.88,36.91));
#8404=CARTESIAN_POINT('',(-12.5,42.38,33.41));
#8405=CARTESIAN_POINT('',(-12.5,42.38,29.91));
#8406=CARTESIAN_POINT('',(-12.5,36.88,29.91));
#8407=CARTESIAN_POINT('',(-12.5000000000018,36.88,29.91));
#8408=CARTESIAN_POINT('',(-12.5000000000036,36.88,36.91));
#8409=CARTESIAN_POINT('',(-12.5000000000036,68.88,36.91));
#8410=CARTESIAN_POINT('',(18.5,41.88,39.91));
#8411=CARTESIAN_POINT('',(18.5,37.88,39.91));
#8412=CARTESIAN_POINT('',(18.5,45.88,39.91));
#8413=CARTESIAN_POINT('',(12.5,45.88,39.91));
#8414=CARTESIAN_POINT('',(18.5,37.88,39.91));
#8415=CARTESIAN_POINT('',(12.4999999999964,37.88,36.91));
#8416=CARTESIAN_POINT('',(12.4999999999964,36.88,36.91));
#8417=CARTESIAN_POINT('',(12.4999999999964,36.88,36.91));
#8418=CARTESIAN_POINT('',(12.4999999999964,36.88,29.91));
#8419=CARTESIAN_POINT('',(12.4999999999964,36.88,29.91));
#8420=CARTESIAN_POINT('',(12.4999999999982,42.38,29.91));
#8421=CARTESIAN_POINT('',(12.5,42.38,33.41));
#8422=CARTESIAN_POINT('',(12.4999999999964,68.88,36.91));
#8423=CARTESIAN_POINT('',(-12.5,68.88,29.91));
#8424=CARTESIAN_POINT('',(-3.60735746829377E-12,68.88,33.835));
#8425=CARTESIAN_POINT('',(-3.60735746829377E-12,68.88,36.585));
#8426=CARTESIAN_POINT('',(-7.5,41.73,33.41));
#8427=CARTESIAN_POINT('',(-7.5,42.38,33.41));
#8428=CARTESIAN_POINT('',(-4.2,42.38,33.41));
#8429=CARTESIAN_POINT('',(-4.85,41.73,33.41));
#8430=CARTESIAN_POINT('',(-5.5,41.08,33.41));
#8431=CARTESIAN_POINT('',(-7.5,41.08,33.41));
#8432=CARTESIAN_POINT('',(-7.5,39.38,33.41));
#8433=CARTESIAN_POINT('',(-5.5,39.38,33.41));
#8434=CARTESIAN_POINT('',(-5.5,36.88,33.41));
#8435=CARTESIAN_POINT('',(-7.5,36.88,33.41));
#8436=CARTESIAN_POINT('',(7.5,39.38,33.41));
#8437=CARTESIAN_POINT('',(7.5,42.38,33.41));
#8438=CARTESIAN_POINT('',(9.5,42.38,33.41));
#8439=CARTESIAN_POINT('',(9.5,39.38,33.41));
#8440=CARTESIAN_POINT('',(9.5,36.88,33.41));
#8441=CARTESIAN_POINT('',(7.5,36.88,33.41));
#8442=CARTESIAN_POINT('',(-3.60735746829377E-12,41.63,33.835));
#8443=CARTESIAN_POINT('',(-3.60735746829377E-12,42.38,33.835));
#8444=CARTESIAN_POINT('',(-3.5978164891759E-12,42.38,35.71));
#8445=CARTESIAN_POINT('',(-3.5978164891759E-12,41.63,35.46));
#8446=CARTESIAN_POINT('',(-3.5978164891759E-12,40.88,35.21));
#8447=CARTESIAN_POINT('',(-3.60735746829377E-12,40.88,33.835));
#8448=CARTESIAN_POINT('',(-3.60735746829377E-12,36.88,33.835));
#8449=CARTESIAN_POINT('',(-3.60735746829377E-12,36.88,35.21));
#8450=CARTESIAN_POINT('',(-3.60735746829377E-12,36.88,35.21));
#8451=CARTESIAN_POINT('',(-3.60735746829377E-12,36.88,33.835));
#8452=CARTESIAN_POINT('',(2.60208521396521E-15,42.38,33.41));
#8453=CARTESIAN_POINT('',(2.60208521396521E-15,42.38,29.91));
#8454=CARTESIAN_POINT('',(-3.60735746829377E-12,66.88,33.835));
#8455=CARTESIAN_POINT('',(-3.60735746829377E-12,64.88,33.835));
#8456=CARTESIAN_POINT('',(-3.60735746829377E-12,64.88,35.585));
#8457=CARTESIAN_POINT('',(-3.60735746829377E-12,66.88,36.085));
#8458=CARTESIAN_POINT('',(-3.60735746829377E-12,68.88,33.835));
#8459=CARTESIAN_POINT('',(-3.60735746829377E-12,64.38,33.835));
#8460=CARTESIAN_POINT('',(-3.60735746829377E-12,64.38,35.585));
#8461=CARTESIAN_POINT('',(-3.60735746829377E-12,68.88,35.585));
#8462=CARTESIAN_POINT('',(-12.5,68.88,29.91));
#8463=CARTESIAN_POINT('',(2.60208521396521E-15,64.38,29.91));
#8464=CARTESIAN_POINT('',(2.60208521396521E-15,64.38,33.41));
#8465=CARTESIAN_POINT('',(12.5,36.88,29.91));
#8466=CARTESIAN_POINT('',(12.5,36.88,29.91));
#8467=CARTESIAN_POINT('',(9.4207623602494,48.13,36.91));
#8468=CARTESIAN_POINT('',(9.4207623602494,49.38,36.91));
#8469=CARTESIAN_POINT('',(-9.4207623602566,48.13,36.91));
#8470=CARTESIAN_POINT('',(-9.4207623602566,49.38,36.91));
#8471=CARTESIAN_POINT('',(9.4207623602494,57.63,36.91));
#8472=CARTESIAN_POINT('',(9.4207623602494,58.88,36.91));
#8473=CARTESIAN_POINT('',(-9.4207623602566,57.63,36.91));
#8474=CARTESIAN_POINT('',(-9.4207623602566,58.88,36.91));
#8475=CARTESIAN_POINT('',(-12.5000000000036,36.88,36.91));
#8476=CARTESIAN_POINT('',(0.,0.,0.));
#8477=CARTESIAN_POINT('',(-14.0707623602566,42.805,33.835));
#8478=CARTESIAN_POINT('',(-14.0707623602566,44.405,33.835));
#8479=CARTESIAN_POINT('',(-14.0707623602566,44.405,33.035));
#8480=CARTESIAN_POINT('',(-14.0707623602566,42.805,33.035));
#8481=CARTESIAN_POINT('',(-14.0707623602566,44.905,33.035));
#8482=CARTESIAN_POINT('',(-14.0707623602566,44.905,33.835));
#8483=CARTESIAN_POINT('',(-14.0707623602566,42.805,33.835));
#8484=CARTESIAN_POINT('',(-14.0707623602566,60.755,33.835));
#8485=CARTESIAN_POINT('',(-14.0707623602566,60.755,33.035));
#8486=CARTESIAN_POINT('',(-14.0707623602566,42.805,33.035));
#8487=CARTESIAN_POINT('',(-14.0707623602566,61.255,33.035));
#8488=CARTESIAN_POINT('',(-14.0707623602566,61.255,33.835));
#8489=CARTESIAN_POINT('',(-14.0707623602566,42.805,33.835));
#8490=CARTESIAN_POINT('',(-14.0707623602566,51.875,33.835));
#8491=CARTESIAN_POINT('',(-14.0707623602566,51.875,33.035));
#8492=CARTESIAN_POINT('',(-14.0707623602566,42.805,33.035));
#8493=CARTESIAN_POINT('',(-14.0707623602566,52.375,33.035));
#8494=CARTESIAN_POINT('',(-14.0707623602566,52.375,33.835));
#8495=CARTESIAN_POINT('',(-9.4207623602566,48.13,27.2244660940672));
#8496=CARTESIAN_POINT('',(-9.4207623602566,48.13,30.76));
#8497=CARTESIAN_POINT('',(-9.4207623602566,49.38,30.76));
#8498=CARTESIAN_POINT('',(-9.4207623602566,49.38,27.2244660940672));
#8499=CARTESIAN_POINT('',(-9.4207623602566,49.38,36.91));
#8500=CARTESIAN_POINT('',(-9.4207623602566,48.13,36.91));
#8501=CARTESIAN_POINT('',(-9.4207623602566,57.63,27.2244660940672));
#8502=CARTESIAN_POINT('',(-9.4207623602566,57.63,30.76));
#8503=CARTESIAN_POINT('',(-9.4207623602566,58.88,30.76));
#8504=CARTESIAN_POINT('',(-9.4207623602566,58.88,27.2244660940672));
#8505=CARTESIAN_POINT('',(-9.4207623602566,58.88,36.91));
#8506=CARTESIAN_POINT('',(-9.4207623602566,57.63,36.91));
#8507=CARTESIAN_POINT('',(-1.7707623602566,62.955,20.4425390720391));
#8508=CARTESIAN_POINT('',(-1.7707623602566,52.88,30.76));
#8509=CARTESIAN_POINT('',(-1.7707623602566,62.455,30.76));
#8510=CARTESIAN_POINT('',(-1.7707623602566,53.255,30.76));
#8511=CARTESIAN_POINT('',(-1.7707623602566,62.455,20.4425390720391));
#8512=CARTESIAN_POINT('',(-1.7707623602566,62.455,36.91));
#8513=CARTESIAN_POINT('',(-1.7707623602566,52.88,36.91));
#8514=CARTESIAN_POINT('',(-1.7707623602566,53.255,36.91));
#8515=CARTESIAN_POINT('',(-1.7707623602566,53.255,20.4425390720391));
#8516=CARTESIAN_POINT('',(-1.7707623602566,62.955,35.735));
#8517=CARTESIAN_POINT('',(-1.7707623602566,54.855,35.735));
#8518=CARTESIAN_POINT('',(-1.7707623602566,56.855,35.735));
#8519=CARTESIAN_POINT('',(-1.7707623602566,56.855,20.4425390720391));
#8520=CARTESIAN_POINT('',(-1.7707623602566,56.855,31.935));
#8521=CARTESIAN_POINT('',(-1.7707623602566,52.88,31.935));
#8522=CARTESIAN_POINT('',(-1.7707623602566,54.855,31.935));
#8523=CARTESIAN_POINT('',(-1.7707623602566,54.855,35.735));
#8524=CARTESIAN_POINT('',(-11.8707623602566,62.955,36.91));
#8525=CARTESIAN_POINT('',(-11.8707623602566,62.955,30.76));
#8526=CARTESIAN_POINT('',(-11.8707623602566,55.63,30.76));
#8527=CARTESIAN_POINT('',(-11.8707623602566,50.13,30.76));
#8528=CARTESIAN_POINT('',(-11.8707623602566,50.13,36.91));
#8529=CARTESIAN_POINT('',(-11.8707623602566,50.13,36.91));
#8530=CARTESIAN_POINT('',(-11.8707623602566,52.88,36.91));
#8531=CARTESIAN_POINT('',(-11.8707623602566,55.63,36.91));
#8532=CARTESIAN_POINT('',(-11.8707623602566,55.63,26.7288711258507));
#8533=CARTESIAN_POINT('',(-11.8707623602566,51.875,32.275));
#8534=CARTESIAN_POINT('',(-11.8707623602566,51.875,32.275));
#8535=CARTESIAN_POINT('',(-11.8707623602566,51.875,35.395));
#8536=CARTESIAN_POINT('',(-11.8707623602566,52.375,32.275));
#8537=CARTESIAN_POINT('',(-11.8707623602566,52.375,32.275));
#8538=CARTESIAN_POINT('',(-11.8707623602566,52.375,32.275));
#8539=CARTESIAN_POINT('',(-11.8707623602566,52.375,35.395));
#8540=CARTESIAN_POINT('',(-11.8707623602566,52.375,35.395));
#8541=CARTESIAN_POINT('',(-11.8707623602566,62.955,36.91));
#8542=CARTESIAN_POINT('',(-11.8707623602566,52.88,36.91));
#8543=CARTESIAN_POINT('',(-11.8707623602566,62.455,36.91));
#8544=CARTESIAN_POINT('',(-11.8707623602566,59.63,36.91));
#8545=CARTESIAN_POINT('',(-11.8707623602566,62.455,36.91));
#8546=CARTESIAN_POINT('',(-11.8707623602566,62.455,30.76));
#8547=CARTESIAN_POINT('',(-11.8707623602566,62.955,30.76));
#8548=CARTESIAN_POINT('',(-11.8707623602566,59.63,30.76));
#8549=CARTESIAN_POINT('',(-11.8707623602566,59.63,36.91));
#8550=CARTESIAN_POINT('',(-11.8707623602566,60.755,32.275));
#8551=CARTESIAN_POINT('',(-11.8707623602566,60.755,32.275));
#8552=CARTESIAN_POINT('',(-11.8707623602566,60.755,35.395));
#8553=CARTESIAN_POINT('',(-11.8707623602566,61.255,32.275));
#8554=CARTESIAN_POINT('',(-11.8707623602566,61.255,32.275));
#8555=CARTESIAN_POINT('',(-11.8707623602566,61.255,32.275));
#8556=CARTESIAN_POINT('',(-11.8707623602566,61.255,35.395));
#8557=CARTESIAN_POINT('',(-11.8707623602566,61.255,35.395));
#8558=CARTESIAN_POINT('',(-11.8707623602566,62.955,36.91));
#8559=CARTESIAN_POINT('',(-11.8707623602566,62.955,30.76));
#8560=CARTESIAN_POINT('',(-11.8707623602566,46.13,30.76));
#8561=CARTESIAN_POINT('',(-11.8707623602566,43.305,30.76));
#8562=CARTESIAN_POINT('',(-11.8707623602566,43.305,36.91));
#8563=CARTESIAN_POINT('',(-11.8707623602566,43.305,36.91));
#8564=CARTESIAN_POINT('',(-11.8707623602566,52.88,36.91));
#8565=CARTESIAN_POINT('',(-11.8707623602566,46.13,36.91));
#8566=CARTESIAN_POINT('',(-11.8707623602566,46.13,26.7288711258507));
#8567=CARTESIAN_POINT('',(-11.8707623602566,44.405,32.275));
#8568=CARTESIAN_POINT('',(-11.8707623602566,44.405,32.275));
#8569=CARTESIAN_POINT('',(-11.8707623602566,44.405,35.395));
#8570=CARTESIAN_POINT('',(-11.8707623602566,44.905,32.275));
#8571=CARTESIAN_POINT('',(-11.8707623602566,44.905,32.275));
#8572=CARTESIAN_POINT('',(-11.8707623602566,44.905,32.275));
#8573=CARTESIAN_POINT('',(-11.8707623602566,44.905,35.395));
#8574=CARTESIAN_POINT('',(-11.8707623602566,44.905,35.395));
#8575=CARTESIAN_POINT('',(-2.3707623602566,42.805,36.91));
#8576=CARTESIAN_POINT('',(-7.1207623602566,42.805,36.91));
#8577=CARTESIAN_POINT('',(-11.3707623602566,42.805,36.91));
#8578=CARTESIAN_POINT('',(-2.8707623602566,42.805,36.91));
#8579=CARTESIAN_POINT('',(-11.3707623602566,42.805,36.91));
#8580=CARTESIAN_POINT('',(-11.3707623602566,42.805,30.76));
#8581=CARTESIAN_POINT('',(-2.3707623602566,42.805,30.76));
#8582=CARTESIAN_POINT('',(-2.8707623602566,42.805,30.76));
#8583=CARTESIAN_POINT('',(-2.8707623602566,42.805,36.91));
#8584=CARTESIAN_POINT('',(-2.3707623602566,62.955,36.91));
#8585=CARTESIAN_POINT('',(-2.3707623602566,52.88,36.91));
#8586=CARTESIAN_POINT('',(-2.3707623602566,43.305,36.91));
#8587=CARTESIAN_POINT('',(-2.3707623602566,52.655,36.91));
#8588=CARTESIAN_POINT('',(-2.3707623602566,43.305,36.91));
#8589=CARTESIAN_POINT('',(-2.3707623602566,43.305,30.76));
#8590=CARTESIAN_POINT('',(-2.3707623602566,62.955,30.76));
#8591=CARTESIAN_POINT('',(-2.3707623602566,52.655,30.76));
#8592=CARTESIAN_POINT('',(-2.3707623602566,52.655,36.91));
#8593=CARTESIAN_POINT('',(-2.3707623602566,62.955,36.91));
#8594=CARTESIAN_POINT('',(-2.3707623602566,62.955,30.76));
#8595=CARTESIAN_POINT('',(-2.2707623602566,62.955,30.76));
#8596=CARTESIAN_POINT('',(-11.3707623602566,62.955,30.76));
#8597=CARTESIAN_POINT('',(-11.3707623602566,62.955,36.91));
#8598=CARTESIAN_POINT('',(-11.3707623602566,62.955,36.91));
#8599=CARTESIAN_POINT('',(-7.1207623602566,62.955,36.91));
#8600=CARTESIAN_POINT('',(-2.2707623602566,62.955,36.91));
#8601=CARTESIAN_POINT('',(-2.2707623602566,62.955,36.91));
#8602=CARTESIAN_POINT('',(-7.1207623602566,52.88,36.91));
#8603=CARTESIAN_POINT('',(-11.3707623602566,62.455,36.91));
#8604=CARTESIAN_POINT('',(-11.8707623602566,59.63,36.91));
#8605=CARTESIAN_POINT('',(-12.3707623602566,59.13,36.91));
#8606=CARTESIAN_POINT('',(-12.3707623602566,52.88,36.91));
#8607=CARTESIAN_POINT('',(-12.3707623602566,56.13,36.91));
#8608=CARTESIAN_POINT('',(-8.1207623602566,51.88,36.91));
#8609=CARTESIAN_POINT('',(-11.8707623602566,50.13,36.91));
#8610=CARTESIAN_POINT('',(-12.3707623602566,49.63,36.91));
#8611=CARTESIAN_POINT('',(-12.3707623602566,52.88,36.91));
#8612=CARTESIAN_POINT('',(-12.3707623602566,46.63,36.91));
#8613=CARTESIAN_POINT('',(-12.8707623602566,47.13,36.91));
#8614=CARTESIAN_POINT('',(-11.3707623602566,43.305,36.91));
#8615=CARTESIAN_POINT('',(-2.8707623602566,43.305,36.91));
#8616=CARTESIAN_POINT('',(-2.3707623602566,52.655,36.91));
#8617=CARTESIAN_POINT('',(-2.2707623602566,62.455,36.91));
#8618=CARTESIAN_POINT('',(-7.1207623602566,52.88,30.76));
#8619=CARTESIAN_POINT('',(-11.3707623602566,62.455,30.76));
#8620=CARTESIAN_POINT('',(-2.2707623602566,62.455,30.76));
#8621=CARTESIAN_POINT('',(-1.7707623602566,53.255,30.76));
#8622=CARTESIAN_POINT('',(-2.8707623602566,43.305,30.76));
#8623=CARTESIAN_POINT('',(-11.3707623602566,43.305,30.76));
#8624=CARTESIAN_POINT('',(-12.8707623602566,47.13,30.76));
#8625=CARTESIAN_POINT('',(-12.3707623602566,46.63,30.76));
#8626=CARTESIAN_POINT('',(-12.3707623602566,52.88,30.76));
#8627=CARTESIAN_POINT('',(-12.3707623602566,49.63,30.76));
#8628=CARTESIAN_POINT('',(-12.3707623602566,49.63,30.76));
#8629=CARTESIAN_POINT('',(-8.1207623602566,51.88,30.76));
#8630=CARTESIAN_POINT('',(-12.3707623602566,56.13,30.76));
#8631=CARTESIAN_POINT('',(-12.3707623602566,52.88,30.76));
#8632=CARTESIAN_POINT('',(-12.3707623602566,59.13,30.76));
#8633=CARTESIAN_POINT('',(-12.3707623602566,59.13,30.76));
#8634=CARTESIAN_POINT('',(-12.8707623602566,58.63,26.7288711258507));
#8635=CARTESIAN_POINT('',(-12.3707623602566,59.13,26.7288711258507));
#8636=CARTESIAN_POINT('',(-12.3707623602566,52.88,26.7288711258507));
#8637=CARTESIAN_POINT('',(-12.3707623602566,56.13,26.7288711258507));
#8638=CARTESIAN_POINT('',(-8.1207623602566,51.88,26.7288711258507));
#8639=CARTESIAN_POINT('',(-12.8707623602566,47.13,26.7288711258507));
#8640=CARTESIAN_POINT('',(-12.3707623602566,46.63,26.7288711258507));
#8641=CARTESIAN_POINT('',(-8.1207623602566,53.88,26.7288711258507));
#8642=CARTESIAN_POINT('',(-12.3707623602566,49.63,26.7288711258507));
#8643=CARTESIAN_POINT('',(-12.3707623602566,52.88,26.7288711258507));
#8644=CARTESIAN_POINT('',(-1.7707623602566,53.255,20.4425390720391));
#8645=CARTESIAN_POINT('',(-15.8707623602566,44.405,32.275));
#8646=CARTESIAN_POINT('',(-15.8707623602566,44.405,35.395));
#8647=CARTESIAN_POINT('',(-15.2707623602566,44.405,35.395));
#8648=CARTESIAN_POINT('',(-15.2707623602566,44.405,35.395));
#8649=CARTESIAN_POINT('',(-15.8707623602566,44.405,34.795));
#8650=CARTESIAN_POINT('',(-15.8707623602566,44.405,33.835));
#8651=CARTESIAN_POINT('',(-15.8707623602566,44.405,32.875));
#8652=CARTESIAN_POINT('',(-15.8707623602566,44.405,32.875));
#8653=CARTESIAN_POINT('',(-15.2707623602566,44.405,32.275));
#8654=CARTESIAN_POINT('',(-15.8707623602566,44.405,32.275));
#8655=CARTESIAN_POINT('',(-15.8707623602566,44.905,35.395));
#8656=CARTESIAN_POINT('',(-15.8707623602566,44.905,35.395));
#8657=CARTESIAN_POINT('',(-15.2707623602566,44.905,35.395));
#8658=CARTESIAN_POINT('',(-15.2707623602566,42.805,35.395));
#8659=CARTESIAN_POINT('',(-15.8707623602566,44.905,32.275));
#8660=CARTESIAN_POINT('',(-15.8707623602566,44.905,33.835));
#8661=CARTESIAN_POINT('',(-15.8707623602566,44.905,34.795));
#8662=CARTESIAN_POINT('',(-15.8707623602566,44.905,32.875));
#8663=CARTESIAN_POINT('',(-15.8707623602566,44.905,34.795));
#8664=CARTESIAN_POINT('',(-15.8707623602566,44.905,32.275));
#8665=CARTESIAN_POINT('',(-15.2707623602566,44.905,32.275));
#8666=CARTESIAN_POINT('',(-15.2707623602566,44.905,32.275));
#8667=CARTESIAN_POINT('',(-15.8707623602566,44.905,32.275));
#8668=CARTESIAN_POINT('',(-15.2707623602566,44.905,32.275));
#8669=CARTESIAN_POINT('',(-15.8707623602566,52.88,33.835));
#8670=CARTESIAN_POINT('',(-15.8707623602566,52.88,34.795));
#8671=CARTESIAN_POINT('',(-15.8707623602566,42.805,32.875));
#8672=CARTESIAN_POINT('',(-15.8707623602566,60.755,32.275));
#8673=CARTESIAN_POINT('',(-15.8707623602566,60.755,35.395));
#8674=CARTESIAN_POINT('',(-15.2707623602566,60.755,35.395));
#8675=CARTESIAN_POINT('',(-15.2707623602566,60.755,35.395));
#8676=CARTESIAN_POINT('',(-15.8707623602566,60.755,34.795));
#8677=CARTESIAN_POINT('',(-15.8707623602566,60.755,33.835));
#8678=CARTESIAN_POINT('',(-15.8707623602566,60.755,32.875));
#8679=CARTESIAN_POINT('',(-15.8707623602566,60.755,32.875));
#8680=CARTESIAN_POINT('',(-15.2707623602566,60.755,32.275));
#8681=CARTESIAN_POINT('',(-15.8707623602566,60.755,32.275));
#8682=CARTESIAN_POINT('',(-15.8707623602566,61.255,35.395));
#8683=CARTESIAN_POINT('',(-15.8707623602566,61.255,35.395));
#8684=CARTESIAN_POINT('',(-15.2707623602566,61.255,35.395));
#8685=CARTESIAN_POINT('',(-15.2707623602566,42.805,35.395));
#8686=CARTESIAN_POINT('',(-15.8707623602566,61.255,32.275));
#8687=CARTESIAN_POINT('',(-15.8707623602566,61.255,33.835));
#8688=CARTESIAN_POINT('',(-15.8707623602566,61.255,34.795));
#8689=CARTESIAN_POINT('',(-15.8707623602566,61.255,32.875));
#8690=CARTESIAN_POINT('',(-15.2707623602566,61.255,35.395));
#8691=CARTESIAN_POINT('',(-15.8707623602566,61.255,32.275));
#8692=CARTESIAN_POINT('',(-15.2707623602566,61.255,32.275));
#8693=CARTESIAN_POINT('',(-15.2707623602566,61.255,32.275));
#8694=CARTESIAN_POINT('',(-15.8707623602566,61.255,32.275));
#8695=CARTESIAN_POINT('',(-15.2707623602566,61.255,32.275));
#8696=CARTESIAN_POINT('',(-15.8707623602566,52.88,33.835));
#8697=CARTESIAN_POINT('',(-15.8707623602566,52.88,34.795));
#8698=CARTESIAN_POINT('',(-15.8707623602566,42.805,32.875));
#8699=CARTESIAN_POINT('',(-15.8707623602566,51.875,32.275));
#8700=CARTESIAN_POINT('',(-15.8707623602566,51.875,35.395));
#8701=CARTESIAN_POINT('',(-15.2707623602566,51.875,35.395));
#8702=CARTESIAN_POINT('',(-15.2707623602566,51.875,35.395));
#8703=CARTESIAN_POINT('',(-15.8707623602566,51.875,34.795));
#8704=CARTESIAN_POINT('',(-15.8707623602566,51.875,33.835));
#8705=CARTESIAN_POINT('',(-15.8707623602566,51.875,32.875));
#8706=CARTESIAN_POINT('',(-15.8707623602566,51.875,32.875));
#8707=CARTESIAN_POINT('',(-15.2707623602566,51.875,32.275));
#8708=CARTESIAN_POINT('',(-15.8707623602566,51.875,32.275));
#8709=CARTESIAN_POINT('',(-15.8707623602566,52.375,35.395));
#8710=CARTESIAN_POINT('',(-15.8707623602566,52.375,35.395));
#8711=CARTESIAN_POINT('',(-15.2707623602566,52.375,35.395));
#8712=CARTESIAN_POINT('',(-15.2707623602566,42.805,35.395));
#8713=CARTESIAN_POINT('',(-15.8707623602566,52.375,32.275));
#8714=CARTESIAN_POINT('',(-15.8707623602566,52.375,33.835));
#8715=CARTESIAN_POINT('',(-15.8707623602566,52.375,34.795));
#8716=CARTESIAN_POINT('',(-15.8707623602566,52.375,32.875));
#8717=CARTESIAN_POINT('',(-15.8707623602566,52.375,34.795));
#8718=CARTESIAN_POINT('',(-15.8707623602566,52.375,32.275));
#8719=CARTESIAN_POINT('',(-15.2707623602566,52.375,32.275));
#8720=CARTESIAN_POINT('',(-15.2707623602566,52.375,32.275));
#8721=CARTESIAN_POINT('',(-15.8707623602566,52.375,32.275));
#8722=CARTESIAN_POINT('',(-15.2707623602566,52.375,32.275));
#8723=CARTESIAN_POINT('',(-15.8707623602566,52.88,33.835));
#8724=CARTESIAN_POINT('',(-15.8707623602566,52.88,34.795));
#8725=CARTESIAN_POINT('',(-15.8707623602566,52.88,32.875));
#8726=CARTESIAN_POINT('',(-15.2707623602566,42.805,32.275));
#8727=CARTESIAN_POINT('',(-15.2707623602566,42.805,32.275));
#8728=CARTESIAN_POINT('',(-15.2707623602566,42.805,32.275));
#8729=CARTESIAN_POINT('',(-15.2707623602566,42.805,35.395));
#8730=CARTESIAN_POINT('',(-15.2707623602566,42.805,35.395));
#8731=CARTESIAN_POINT('',(-15.2707623602566,42.805,35.395));
#8732=CARTESIAN_POINT('',(-11.3707623602566,62.455,36.91));
#8733=CARTESIAN_POINT('',(-11.3707623602566,43.305,36.91));
#8734=CARTESIAN_POINT('',(-2.8707623602566,43.305,36.91));
#8735=CARTESIAN_POINT('',(-2.2707623602566,62.455,20.4425390720391));
#8736=CARTESIAN_POINT('',(-1.8207623602566,55.855,35.735));
#8737=CARTESIAN_POINT('',(-1.8207623602566,55.855,31.935));
#8738=CARTESIAN_POINT('',(-0.770762360256598,56.855,31.935));
#8739=CARTESIAN_POINT('',(-0.770762360256598,54.855,31.935));
#8740=CARTESIAN_POINT('',(-0.770762360256598,56.855,35.735));
#8741=CARTESIAN_POINT('',(-0.770762360256598,56.855,35.735));
#8742=CARTESIAN_POINT('',(-1.8207623602566,55.855,35.735));
#8743=CARTESIAN_POINT('',(-0.770762360256598,54.855,35.735));
#8744=CARTESIAN_POINT('',(-0.770762360256598,54.855,35.735));
#8745=CARTESIAN_POINT('',(-7.1207623602566,56.855,35.735));
#8746=CARTESIAN_POINT('',(-7.1207623602566,56.855,31.935));
#8747=CARTESIAN_POINT('',(-7.1207623602566,56.855,35.735));
#8748=CARTESIAN_POINT('',(-7.1207623602566,54.855,35.735));
#8749=CARTESIAN_POINT('',(-7.1207623602566,54.855,31.935));
#8750=CARTESIAN_POINT('',(-7.1207623602566,54.855,35.735));
#8751=CARTESIAN_POINT('',(-7.1207623602566,52.88,35.735));
#8752=CARTESIAN_POINT('',(-7.1207623602566,52.88,31.935));
#8753=CARTESIAN_POINT('',(0.,0.,0.));
#8754=CARTESIAN_POINT('',(14.0692376397434,42.805,33.835));
#8755=CARTESIAN_POINT('',(14.0692376397434,44.405,33.835));
#8756=CARTESIAN_POINT('',(14.0692376397434,44.405,34.635));
#8757=CARTESIAN_POINT('',(14.0692376397434,42.805,34.635));
#8758=CARTESIAN_POINT('',(14.0692376397434,44.905,34.635));
#8759=CARTESIAN_POINT('',(14.0692376397434,44.905,33.835));
#8760=CARTESIAN_POINT('',(14.0692376397434,42.805,33.835));
#8761=CARTESIAN_POINT('',(14.0692376397434,60.755,33.835));
#8762=CARTESIAN_POINT('',(14.0692376397434,60.755,34.635));
#8763=CARTESIAN_POINT('',(14.0692376397434,42.805,34.635));
#8764=CARTESIAN_POINT('',(14.0692376397434,61.255,34.635));
#8765=CARTESIAN_POINT('',(14.0692376397434,61.255,33.835));
#8766=CARTESIAN_POINT('',(14.0692376397434,42.805,33.835));
#8767=CARTESIAN_POINT('',(14.0692376397434,51.875,33.835));
#8768=CARTESIAN_POINT('',(14.0692376397434,51.875,34.635));
#8769=CARTESIAN_POINT('',(14.0692376397434,42.805,34.635));
#8770=CARTESIAN_POINT('',(14.0692376397434,52.375,34.635));
#8771=CARTESIAN_POINT('',(14.0692376397434,52.375,33.835));
#8772=CARTESIAN_POINT('',(9.4192376397434,48.13,40.4455339059327));
#8773=CARTESIAN_POINT('',(9.4192376397434,48.13,36.91));
#8774=CARTESIAN_POINT('',(9.4192376397434,49.38,36.91));
#8775=CARTESIAN_POINT('',(9.4192376397434,49.38,40.4455339059327));
#8776=CARTESIAN_POINT('',(9.4192376397434,49.38,30.76));
#8777=CARTESIAN_POINT('',(9.4192376397434,48.13,30.76));
#8778=CARTESIAN_POINT('',(9.4192376397434,57.63,40.4455339059327));
#8779=CARTESIAN_POINT('',(9.4192376397434,57.63,36.91));
#8780=CARTESIAN_POINT('',(9.4192376397434,58.88,36.91));
#8781=CARTESIAN_POINT('',(9.4192376397434,58.88,40.4455339059327));
#8782=CARTESIAN_POINT('',(9.4192376397434,58.88,30.76));
#8783=CARTESIAN_POINT('',(9.4192376397434,57.63,30.76));
#8784=CARTESIAN_POINT('',(1.7692376397434,62.955,47.2274609279609));
#8785=CARTESIAN_POINT('',(1.7692376397434,52.88,36.91));
#8786=CARTESIAN_POINT('',(1.7692376397434,62.455,36.91));
#8787=CARTESIAN_POINT('',(1.7692376397434,53.255,36.91));
#8788=CARTESIAN_POINT('',(1.7692376397434,62.455,47.2274609279609));
#8789=CARTESIAN_POINT('',(1.7692376397434,62.455,30.76));
#8790=CARTESIAN_POINT('',(1.7692376397434,52.88,30.76));
#8791=CARTESIAN_POINT('',(1.7692376397434,53.255,30.76));
#8792=CARTESIAN_POINT('',(1.7692376397434,53.255,47.2274609279609));
#8793=CARTESIAN_POINT('',(1.7692376397434,62.955,31.935));
#8794=CARTESIAN_POINT('',(1.7692376397434,54.855,31.935));
#8795=CARTESIAN_POINT('',(1.7692376397434,56.855,31.935));
#8796=CARTESIAN_POINT('',(1.7692376397434,56.855,47.2274609279609));
#8797=CARTESIAN_POINT('',(1.7692376397434,56.855,35.735));
#8798=CARTESIAN_POINT('',(1.7692376397434,52.88,35.735));
#8799=CARTESIAN_POINT('',(1.7692376397434,54.855,35.735));
#8800=CARTESIAN_POINT('',(1.7692376397434,54.855,31.935));
#8801=CARTESIAN_POINT('',(11.8692376397434,62.955,30.76));
#8802=CARTESIAN_POINT('',(11.8692376397434,62.955,36.91));
#8803=CARTESIAN_POINT('',(11.8692376397434,55.63,36.91));
#8804=CARTESIAN_POINT('',(11.8692376397434,50.13,36.91));
#8805=CARTESIAN_POINT('',(11.8692376397434,50.13,30.76));
#8806=CARTESIAN_POINT('',(11.8692376397434,50.13,30.76));
#8807=CARTESIAN_POINT('',(11.8692376397434,52.88,30.76));
#8808=CARTESIAN_POINT('',(11.8692376397434,55.63,30.76));
#8809=CARTESIAN_POINT('',(11.8692376397434,55.63,40.9411288741493));
#8810=CARTESIAN_POINT('',(11.8692376397434,51.875,35.395));
#8811=CARTESIAN_POINT('',(11.8692376397434,51.875,35.395));
#8812=CARTESIAN_POINT('',(11.8692376397434,51.875,32.275));
#8813=CARTESIAN_POINT('',(11.8692376397434,52.375,35.395));
#8814=CARTESIAN_POINT('',(11.8692376397434,52.375,35.395));
#8815=CARTESIAN_POINT('',(11.8692376397434,52.375,35.395));
#8816=CARTESIAN_POINT('',(11.8692376397434,52.375,32.275));
#8817=CARTESIAN_POINT('',(11.8692376397434,52.375,32.275));
#8818=CARTESIAN_POINT('',(11.8692376397434,62.955,30.76));
#8819=CARTESIAN_POINT('',(11.8692376397434,52.88,30.76));
#8820=CARTESIAN_POINT('',(11.8692376397434,62.455,30.76));
#8821=CARTESIAN_POINT('',(11.8692376397434,59.63,30.76));
#8822=CARTESIAN_POINT('',(11.8692376397434,62.455,30.76));
#8823=CARTESIAN_POINT('',(11.8692376397434,62.455,36.91));
#8824=CARTESIAN_POINT('',(11.8692376397434,62.955,36.91));
#8825=CARTESIAN_POINT('',(11.8692376397434,59.63,36.91));
#8826=CARTESIAN_POINT('',(11.8692376397434,59.63,30.76));
#8827=CARTESIAN_POINT('',(11.8692376397434,60.755,35.395));
#8828=CARTESIAN_POINT('',(11.8692376397434,60.755,35.395));
#8829=CARTESIAN_POINT('',(11.8692376397434,60.755,32.275));
#8830=CARTESIAN_POINT('',(11.8692376397434,61.255,35.395));
#8831=CARTESIAN_POINT('',(11.8692376397434,61.255,35.395));
#8832=CARTESIAN_POINT('',(11.8692376397434,61.255,35.395));
#8833=CARTESIAN_POINT('',(11.8692376397434,61.255,32.275));
#8834=CARTESIAN_POINT('',(11.8692376397434,61.255,32.275));
#8835=CARTESIAN_POINT('',(11.8692376397434,62.955,30.76));
#8836=CARTESIAN_POINT('',(11.8692376397434,62.955,36.91));
#8837=CARTESIAN_POINT('',(11.8692376397434,46.13,36.91));
#8838=CARTESIAN_POINT('',(11.8692376397434,43.305,36.91));
#8839=CARTESIAN_POINT('',(11.8692376397434,43.305,30.76));
#8840=CARTESIAN_POINT('',(11.8692376397434,43.305,30.76));
#8841=CARTESIAN_POINT('',(11.8692376397434,52.88,30.76));
#8842=CARTESIAN_POINT('',(11.8692376397434,46.13,30.76));
#8843=CARTESIAN_POINT('',(11.8692376397434,46.13,40.9411288741493));
#8844=CARTESIAN_POINT('',(11.8692376397434,44.405,35.395));
#8845=CARTESIAN_POINT('',(11.8692376397434,44.405,35.395));
#8846=CARTESIAN_POINT('',(11.8692376397434,44.405,32.275));
#8847=CARTESIAN_POINT('',(11.8692376397434,44.905,35.395));
#8848=CARTESIAN_POINT('',(11.8692376397434,44.905,35.395));
#8849=CARTESIAN_POINT('',(11.8692376397434,44.905,35.395));
#8850=CARTESIAN_POINT('',(11.8692376397434,44.905,32.275));
#8851=CARTESIAN_POINT('',(11.8692376397434,44.905,32.275));
#8852=CARTESIAN_POINT('',(2.3692376397434,42.805,30.76));
#8853=CARTESIAN_POINT('',(7.1192376397434,42.805,30.76));
#8854=CARTESIAN_POINT('',(11.3692376397434,42.805,30.76));
#8855=CARTESIAN_POINT('',(2.8692376397434,42.805,30.76));
#8856=CARTESIAN_POINT('',(11.3692376397434,42.805,30.76));
#8857=CARTESIAN_POINT('',(11.3692376397434,42.805,36.91));
#8858=CARTESIAN_POINT('',(2.3692376397434,42.805,36.91));
#8859=CARTESIAN_POINT('',(2.8692376397434,42.805,36.91));
#8860=CARTESIAN_POINT('',(2.8692376397434,42.805,30.76));
#8861=CARTESIAN_POINT('',(2.3692376397434,62.955,30.76));
#8862=CARTESIAN_POINT('',(2.3692376397434,52.88,30.76));
#8863=CARTESIAN_POINT('',(2.3692376397434,43.305,30.76));
#8864=CARTESIAN_POINT('',(2.3692376397434,52.655,30.76));
#8865=CARTESIAN_POINT('',(2.3692376397434,43.305,30.76));
#8866=CARTESIAN_POINT('',(2.3692376397434,43.305,36.91));
#8867=CARTESIAN_POINT('',(2.3692376397434,62.955,36.91));
#8868=CARTESIAN_POINT('',(2.3692376397434,52.655,36.91));
#8869=CARTESIAN_POINT('',(2.3692376397434,52.655,30.76));
#8870=CARTESIAN_POINT('',(2.3692376397434,62.955,30.76));
#8871=CARTESIAN_POINT('',(2.3692376397434,62.955,36.91));
#8872=CARTESIAN_POINT('',(2.2692376397434,62.955,36.91));
#8873=CARTESIAN_POINT('',(11.3692376397434,62.955,36.91));
#8874=CARTESIAN_POINT('',(11.3692376397434,62.955,30.76));
#8875=CARTESIAN_POINT('',(11.3692376397434,62.955,30.76));
#8876=CARTESIAN_POINT('',(7.1192376397434,62.955,30.76));
#8877=CARTESIAN_POINT('',(2.2692376397434,62.955,30.76));
#8878=CARTESIAN_POINT('',(2.2692376397434,62.955,30.76));
#8879=CARTESIAN_POINT('',(7.1192376397434,52.88,30.76));
#8880=CARTESIAN_POINT('',(11.3692376397434,62.455,30.76));
#8881=CARTESIAN_POINT('',(11.8692376397434,59.63,30.76));
#8882=CARTESIAN_POINT('',(12.3692376397434,59.13,30.76));
#8883=CARTESIAN_POINT('',(12.3692376397434,52.88,30.76));
#8884=CARTESIAN_POINT('',(12.3692376397434,56.13,30.76));
#8885=CARTESIAN_POINT('',(8.1192376397434,51.88,30.76));
#8886=CARTESIAN_POINT('',(11.8692376397434,50.13,30.76));
#8887=CARTESIAN_POINT('',(12.3692376397434,49.63,30.76));
#8888=CARTESIAN_POINT('',(12.3692376397434,52.88,30.76));
#8889=CARTESIAN_POINT('',(12.3692376397434,46.63,30.76));
#8890=CARTESIAN_POINT('',(12.8692376397434,47.13,30.76));
#8891=CARTESIAN_POINT('',(11.3692376397434,43.305,30.76));
#8892=CARTESIAN_POINT('',(2.8692376397434,43.305,30.76));
#8893=CARTESIAN_POINT('',(2.3692376397434,52.655,30.76));
#8894=CARTESIAN_POINT('',(2.2692376397434,62.455,30.76));
#8895=CARTESIAN_POINT('',(7.1192376397434,52.88,36.91));
#8896=CARTESIAN_POINT('',(11.3692376397434,62.455,36.91));
#8897=CARTESIAN_POINT('',(2.2692376397434,62.455,36.91));
#8898=CARTESIAN_POINT('',(1.7692376397434,53.255,36.91));
#8899=CARTESIAN_POINT('',(2.8692376397434,43.305,36.91));
#8900=CARTESIAN_POINT('',(11.3692376397434,43.305,36.91));
#8901=CARTESIAN_POINT('',(12.8692376397434,47.13,36.91));
#8902=CARTESIAN_POINT('',(12.3692376397434,46.63,36.91));
#8903=CARTESIAN_POINT('',(12.3692376397434,52.88,36.91));
#8904=CARTESIAN_POINT('',(12.3692376397434,49.63,36.91));
#8905=CARTESIAN_POINT('',(12.3692376397434,49.63,36.91));
#8906=CARTESIAN_POINT('',(8.1192376397434,51.88,36.91));
#8907=CARTESIAN_POINT('',(12.3692376397434,56.13,36.91));
#8908=CARTESIAN_POINT('',(12.3692376397434,52.88,36.91));
#8909=CARTESIAN_POINT('',(12.3692376397434,59.13,36.91));
#8910=CARTESIAN_POINT('',(12.3692376397434,59.13,36.91));
#8911=CARTESIAN_POINT('',(12.8692376397434,58.63,40.9411288741493));
#8912=CARTESIAN_POINT('',(12.3692376397434,59.13,40.9411288741493));
#8913=CARTESIAN_POINT('',(12.3692376397434,52.88,40.9411288741493));
#8914=CARTESIAN_POINT('',(12.3692376397434,56.13,40.9411288741493));
#8915=CARTESIAN_POINT('',(8.1192376397434,51.88,40.9411288741493));
#8916=CARTESIAN_POINT('',(12.8692376397434,47.13,40.9411288741493));
#8917=CARTESIAN_POINT('',(12.3692376397434,46.63,40.9411288741493));
#8918=CARTESIAN_POINT('',(8.1192376397434,53.88,40.9411288741493));
#8919=CARTESIAN_POINT('',(12.3692376397434,49.63,40.9411288741493));
#8920=CARTESIAN_POINT('',(12.3692376397434,52.88,40.9411288741493));
#8921=CARTESIAN_POINT('',(1.7692376397434,53.255,47.2274609279609));
#8922=CARTESIAN_POINT('',(15.8692376397434,44.405,35.395));
#8923=CARTESIAN_POINT('',(15.8692376397434,44.405,32.275));
#8924=CARTESIAN_POINT('',(15.2692376397434,44.405,32.275));
#8925=CARTESIAN_POINT('',(15.2692376397434,44.405,32.275));
#8926=CARTESIAN_POINT('',(15.8692376397434,44.405,32.875));
#8927=CARTESIAN_POINT('',(15.8692376397434,44.405,33.835));
#8928=CARTESIAN_POINT('',(15.8692376397434,44.405,34.795));
#8929=CARTESIAN_POINT('',(15.8692376397434,44.405,34.795));
#8930=CARTESIAN_POINT('',(15.2692376397434,44.405,35.395));
#8931=CARTESIAN_POINT('',(15.8692376397434,44.405,35.395));
#8932=CARTESIAN_POINT('',(15.8692376397434,44.905,32.275));
#8933=CARTESIAN_POINT('',(15.8692376397434,44.905,32.275));
#8934=CARTESIAN_POINT('',(15.2692376397434,44.905,32.275));
#8935=CARTESIAN_POINT('',(15.2692376397434,42.805,32.275));
#8936=CARTESIAN_POINT('',(15.8692376397434,44.905,35.395));
#8937=CARTESIAN_POINT('',(15.8692376397434,44.905,33.835));
#8938=CARTESIAN_POINT('',(15.8692376397434,44.905,32.875));
#8939=CARTESIAN_POINT('',(15.8692376397434,44.905,34.795));
#8940=CARTESIAN_POINT('',(15.8692376397434,44.905,32.875));
#8941=CARTESIAN_POINT('',(15.8692376397434,44.905,35.395));
#8942=CARTESIAN_POINT('',(15.2692376397434,44.905,35.395));
#8943=CARTESIAN_POINT('',(15.2692376397434,44.905,35.395));
#8944=CARTESIAN_POINT('',(15.8692376397434,44.905,35.395));
#8945=CARTESIAN_POINT('',(15.2692376397434,44.905,35.395));
#8946=CARTESIAN_POINT('',(15.8692376397434,52.88,33.835));
#8947=CARTESIAN_POINT('',(15.8692376397434,52.88,32.875));
#8948=CARTESIAN_POINT('',(15.8692376397434,42.805,34.795));
#8949=CARTESIAN_POINT('',(15.8692376397434,60.755,35.395));
#8950=CARTESIAN_POINT('',(15.8692376397434,60.755,32.275));
#8951=CARTESIAN_POINT('',(15.2692376397434,60.755,32.275));
#8952=CARTESIAN_POINT('',(15.2692376397434,60.755,32.275));
#8953=CARTESIAN_POINT('',(15.8692376397434,60.755,32.875));
#8954=CARTESIAN_POINT('',(15.8692376397434,60.755,33.835));
#8955=CARTESIAN_POINT('',(15.8692376397434,60.755,34.795));
#8956=CARTESIAN_POINT('',(15.8692376397434,60.755,34.795));
#8957=CARTESIAN_POINT('',(15.2692376397434,60.755,35.395));
#8958=CARTESIAN_POINT('',(15.8692376397434,60.755,35.395));
#8959=CARTESIAN_POINT('',(15.8692376397434,61.255,32.275));
#8960=CARTESIAN_POINT('',(15.8692376397434,61.255,32.275));
#8961=CARTESIAN_POINT('',(15.2692376397434,61.255,32.275));
#8962=CARTESIAN_POINT('',(15.2692376397434,42.805,32.275));
#8963=CARTESIAN_POINT('',(15.8692376397434,61.255,35.395));
#8964=CARTESIAN_POINT('',(15.8692376397434,61.255,33.835));
#8965=CARTESIAN_POINT('',(15.8692376397434,61.255,32.875));
#8966=CARTESIAN_POINT('',(15.8692376397434,61.255,34.795));
#8967=CARTESIAN_POINT('',(15.2692376397434,61.255,32.275));
#8968=CARTESIAN_POINT('',(15.8692376397434,61.255,35.395));
#8969=CARTESIAN_POINT('',(15.2692376397434,61.255,35.395));
#8970=CARTESIAN_POINT('',(15.2692376397434,61.255,35.395));
#8971=CARTESIAN_POINT('',(15.8692376397434,61.255,35.395));
#8972=CARTESIAN_POINT('',(15.2692376397434,61.255,35.395));
#8973=CARTESIAN_POINT('',(15.8692376397434,52.88,33.835));
#8974=CARTESIAN_POINT('',(15.8692376397434,52.88,32.875));
#8975=CARTESIAN_POINT('',(15.8692376397434,42.805,34.795));
#8976=CARTESIAN_POINT('',(15.8692376397434,51.875,35.395));
#8977=CARTESIAN_POINT('',(15.8692376397434,51.875,32.275));
#8978=CARTESIAN_POINT('',(15.2692376397434,51.875,32.275));
#8979=CARTESIAN_POINT('',(15.2692376397434,51.875,32.275));
#8980=CARTESIAN_POINT('',(15.8692376397434,51.875,32.875));
#8981=CARTESIAN_POINT('',(15.8692376397434,51.875,33.835));
#8982=CARTESIAN_POINT('',(15.8692376397434,51.875,34.795));
#8983=CARTESIAN_POINT('',(15.8692376397434,51.875,34.795));
#8984=CARTESIAN_POINT('',(15.2692376397434,51.875,35.395));
#8985=CARTESIAN_POINT('',(15.8692376397434,51.875,35.395));
#8986=CARTESIAN_POINT('',(15.8692376397434,52.375,32.275));
#8987=CARTESIAN_POINT('',(15.8692376397434,52.375,32.275));
#8988=CARTESIAN_POINT('',(15.2692376397434,52.375,32.275));
#8989=CARTESIAN_POINT('',(15.2692376397434,42.805,32.275));
#8990=CARTESIAN_POINT('',(15.8692376397434,52.375,35.395));
#8991=CARTESIAN_POINT('',(15.8692376397434,52.375,33.835));
#8992=CARTESIAN_POINT('',(15.8692376397434,52.375,32.875));
#8993=CARTESIAN_POINT('',(15.8692376397434,52.375,34.795));
#8994=CARTESIAN_POINT('',(15.8692376397434,52.375,32.875));
#8995=CARTESIAN_POINT('',(15.8692376397434,52.375,35.395));
#8996=CARTESIAN_POINT('',(15.2692376397434,52.375,35.395));
#8997=CARTESIAN_POINT('',(15.2692376397434,52.375,35.395));
#8998=CARTESIAN_POINT('',(15.8692376397434,52.375,35.395));
#8999=CARTESIAN_POINT('',(15.2692376397434,52.375,35.395));
#9000=CARTESIAN_POINT('',(15.8692376397434,52.88,33.835));
#9001=CARTESIAN_POINT('',(15.8692376397434,52.88,32.875));
#9002=CARTESIAN_POINT('',(15.8692376397434,52.88,34.795));
#9003=CARTESIAN_POINT('',(15.2692376397434,42.805,35.395));
#9004=CARTESIAN_POINT('',(15.2692376397434,42.805,35.395));
#9005=CARTESIAN_POINT('',(15.2692376397434,42.805,35.395));
#9006=CARTESIAN_POINT('',(15.2692376397434,42.805,32.275));
#9007=CARTESIAN_POINT('',(15.2692376397434,42.805,32.275));
#9008=CARTESIAN_POINT('',(15.2692376397434,42.805,32.275));
#9009=CARTESIAN_POINT('',(11.3692376397434,62.455,30.76));
#9010=CARTESIAN_POINT('',(11.3692376397434,43.305,30.76));
#9011=CARTESIAN_POINT('',(2.8692376397434,43.305,30.76));
#9012=CARTESIAN_POINT('',(2.2692376397434,62.455,47.2274609279609));
#9013=CARTESIAN_POINT('',(1.8192376397434,55.855,31.935));
#9014=CARTESIAN_POINT('',(1.8192376397434,55.855,35.735));
#9015=CARTESIAN_POINT('',(0.769237639743403,56.855,35.735));
#9016=CARTESIAN_POINT('',(0.769237639743403,54.855,35.735));
#9017=CARTESIAN_POINT('',(0.769237639743403,56.855,31.935));
#9018=CARTESIAN_POINT('',(0.769237639743403,56.855,31.935));
#9019=CARTESIAN_POINT('',(1.8192376397434,55.855,31.935));
#9020=CARTESIAN_POINT('',(0.769237639743403,54.855,31.935));
#9021=CARTESIAN_POINT('',(0.769237639743403,54.855,31.935));
#9022=CARTESIAN_POINT('',(7.1192376397434,56.855,31.935));
#9023=CARTESIAN_POINT('',(7.1192376397434,56.855,35.735));
#9024=CARTESIAN_POINT('',(7.1192376397434,56.855,31.935));
#9025=CARTESIAN_POINT('',(7.11923763974341,54.855,31.935));
#9026=CARTESIAN_POINT('',(7.11923763974341,54.855,35.735));
#9027=CARTESIAN_POINT('',(7.1192376397434,54.855,31.935));
#9028=CARTESIAN_POINT('',(7.1192376397434,52.88,31.935));
#9029=CARTESIAN_POINT('',(7.1192376397434,52.88,35.735));
#9030=CARTESIAN_POINT('',(0.,0.,0.));
#9031=CARTESIAN_POINT('',(18.5,41.88,19.91));
#9032=CARTESIAN_POINT('',(18.5,41.88,19.91));
#9033=CARTESIAN_POINT('',(21.5,41.88,19.91));
#9034=CARTESIAN_POINT('',(18.5,41.88,19.51));
#9035=CARTESIAN_POINT('',(21.5,41.88,19.51));
#9036=CARTESIAN_POINT('',(18.5,41.88,19.91));
#9037=CARTESIAN_POINT('',(18.5,41.88,19.91));
#9038=CARTESIAN_POINT('',(20.1,41.88,19.91));
#9039=CARTESIAN_POINT('',(18.5,41.88,19.51));
#9040=CARTESIAN_POINT('',(18.5,41.88,19.51));
#9041=CARTESIAN_POINT('',(20.1,41.88,19.51));
#9042=CARTESIAN_POINT('',(18.5,41.88,20.91));
#9043=MECHANICAL_DESIGN_GEOMETRIC_PRESENTATION_REPRESENTATION('',(#5474),
#9051);
#9044=MECHANICAL_DESIGN_GEOMETRIC_PRESENTATION_REPRESENTATION('',(#5475),
#9052);
#9045=MECHANICAL_DESIGN_GEOMETRIC_PRESENTATION_REPRESENTATION('',(#5476),
#9053);
#9046=MECHANICAL_DESIGN_GEOMETRIC_PRESENTATION_REPRESENTATION('',(#5477),
#9054);
#9047=MECHANICAL_DESIGN_GEOMETRIC_PRESENTATION_REPRESENTATION('',(#5478),
#9055);
#9048=MECHANICAL_DESIGN_GEOMETRIC_PRESENTATION_REPRESENTATION('',(#5479),
#9056);
#9049=MECHANICAL_DESIGN_GEOMETRIC_PRESENTATION_REPRESENTATION('',(#5480),
#9057);
#9050=MECHANICAL_DESIGN_GEOMETRIC_PRESENTATION_REPRESENTATION('',(#5481),
#9058);
#9051=(
GEOMETRIC_REPRESENTATION_CONTEXT(3)
GLOBAL_UNCERTAINTY_ASSIGNED_CONTEXT((#9059))
GLOBAL_UNIT_ASSIGNED_CONTEXT((#9083,#9075,#9067))
REPRESENTATION_CONTEXT('M3 spacer (nylon)','TOP_LEVEL_ASSEMBLY_PART')
);
#9052=(
GEOMETRIC_REPRESENTATION_CONTEXT(3)
GLOBAL_UNCERTAINTY_ASSIGNED_CONTEXT((#9060))
GLOBAL_UNIT_ASSIGNED_CONTEXT((#9084,#9076,#9068))
REPRESENTATION_CONTEXT('Double pin switch carrier 1',
'TOP_LEVEL_ASSEMBLY_PART')
);
#9053=(
GEOMETRIC_REPRESENTATION_CONTEXT(3)
GLOBAL_UNCERTAINTY_ASSIGNED_CONTEXT((#9061))
GLOBAL_UNIT_ASSIGNED_CONTEXT((#9085,#9077,#9069))
REPRESENTATION_CONTEXT('Pin switch 1A (microswitch)',
'TOP_LEVEL_ASSEMBLY_PART')
);
#9054=(
GEOMETRIC_REPRESENTATION_CONTEXT(3)
GLOBAL_UNCERTAINTY_ASSIGNED_CONTEXT((#9062))
GLOBAL_UNIT_ASSIGNED_CONTEXT((#9086,#9078,#9070))
REPRESENTATION_CONTEXT('Pin switch 1B (microswitch)',
'TOP_LEVEL_ASSEMBLY_PART')
);
#9055=(
GEOMETRIC_REPRESENTATION_CONTEXT(3)
GLOBAL_UNCERTAINTY_ASSIGNED_CONTEXT((#9063))
GLOBAL_UNIT_ASSIGNED_CONTEXT((#9087,#9079,#9071))
REPRESENTATION_CONTEXT('Double pin switch carrier 2',
'TOP_LEVEL_ASSEMBLY_PART')
);
#9056=(
GEOMETRIC_REPRESENTATION_CONTEXT(3)
GLOBAL_UNCERTAINTY_ASSIGNED_CONTEXT((#9064))
GLOBAL_UNIT_ASSIGNED_CONTEXT((#9088,#9080,#9072))
REPRESENTATION_CONTEXT('Pin switch 2A (microswitch)',
'TOP_LEVEL_ASSEMBLY_PART')
);
#9057=(
GEOMETRIC_REPRESENTATION_CONTEXT(3)
GLOBAL_UNCERTAINTY_ASSIGNED_CONTEXT((#9065))
GLOBAL_UNIT_ASSIGNED_CONTEXT((#9089,#9081,#9073))
REPRESENTATION_CONTEXT('Pin switch 2B (microswitch)',
'TOP_LEVEL_ASSEMBLY_PART')
);
#9058=(
GEOMETRIC_REPRESENTATION_CONTEXT(3)
GLOBAL_UNCERTAINTY_ASSIGNED_CONTEXT((#9066))
GLOBAL_UNIT_ASSIGNED_CONTEXT((#9090,#9082,#9074))
REPRESENTATION_CONTEXT('M3 spacer (nylon)','TOP_LEVEL_ASSEMBLY_PART')
);
#9059=UNCERTAINTY_MEASURE_WITH_UNIT(LENGTH_MEASURE(1.E-5),#9083,
'DISTANCE_ACCURACY_VALUE','Maximum Tolerance applied to model');
#9060=UNCERTAINTY_MEASURE_WITH_UNIT(LENGTH_MEASURE(1.E-5),#9084,
'DISTANCE_ACCURACY_VALUE','Maximum Tolerance applied to model');
#9061=UNCERTAINTY_MEASURE_WITH_UNIT(LENGTH_MEASURE(1.E-5),#9085,
'DISTANCE_ACCURACY_VALUE','Maximum Tolerance applied to model');
#9062=UNCERTAINTY_MEASURE_WITH_UNIT(LENGTH_MEASURE(1.E-5),#9086,
'DISTANCE_ACCURACY_VALUE','Maximum Tolerance applied to model');
#9063=UNCERTAINTY_MEASURE_WITH_UNIT(LENGTH_MEASURE(1.E-5),#9087,
'DISTANCE_ACCURACY_VALUE','Maximum Tolerance applied to model');
#9064=UNCERTAINTY_MEASURE_WITH_UNIT(LENGTH_MEASURE(1.E-5),#9088,
'DISTANCE_ACCURACY_VALUE','Maximum Tolerance applied to model');
#9065=UNCERTAINTY_MEASURE_WITH_UNIT(LENGTH_MEASURE(1.E-5),#9089,
'DISTANCE_ACCURACY_VALUE','Maximum Tolerance applied to model');
#9066=UNCERTAINTY_MEASURE_WITH_UNIT(LENGTH_MEASURE(1.E-5),#9090,
'DISTANCE_ACCURACY_VALUE','Maximum Tolerance applied to model');
#9067=(
NAMED_UNIT(*)
SI_UNIT($,.STERADIAN.)
SOLID_ANGLE_UNIT()
);
#9068=(
NAMED_UNIT(*)
SI_UNIT($,.STERADIAN.)
SOLID_ANGLE_UNIT()
);
#9069=(
NAMED_UNIT(*)
SI_UNIT($,.STERADIAN.)
SOLID_ANGLE_UNIT()
);
#9070=(
NAMED_UNIT(*)
SI_UNIT($,.STERADIAN.)
SOLID_ANGLE_UNIT()
);
#9071=(
NAMED_UNIT(*)
SI_UNIT($,.STERADIAN.)
SOLID_ANGLE_UNIT()
);
#9072=(
NAMED_UNIT(*)
SI_UNIT($,.STERADIAN.)
SOLID_ANGLE_UNIT()
);
#9073=(
NAMED_UNIT(*)
SI_UNIT($,.STERADIAN.)
SOLID_ANGLE_UNIT()
);
#9074=(
NAMED_UNIT(*)
SI_UNIT($,.STERADIAN.)
SOLID_ANGLE_UNIT()
);
#9075=(
NAMED_UNIT(*)
PLANE_ANGLE_UNIT()
SI_UNIT($,.RADIAN.)
);
#9076=(
NAMED_UNIT(*)
PLANE_ANGLE_UNIT()
SI_UNIT($,.RADIAN.)
);
#9077=(
NAMED_UNIT(*)
PLANE_ANGLE_UNIT()
SI_UNIT($,.RADIAN.)
);
#9078=(
NAMED_UNIT(*)
PLANE_ANGLE_UNIT()
SI_UNIT($,.RADIAN.)
);
#9079=(
NAMED_UNIT(*)
PLANE_ANGLE_UNIT()
SI_UNIT($,.RADIAN.)
);
#9080=(
NAMED_UNIT(*)
PLANE_ANGLE_UNIT()
SI_UNIT($,.RADIAN.)
);
#9081=(
NAMED_UNIT(*)
PLANE_ANGLE_UNIT()
SI_UNIT($,.RADIAN.)
);
#9082=(
NAMED_UNIT(*)
PLANE_ANGLE_UNIT()
SI_UNIT($,.RADIAN.)
);
#9083=(
LENGTH_UNIT()
NAMED_UNIT(*)
SI_UNIT(.MILLI.,.METRE.)
);
#9084=(
LENGTH_UNIT()
NAMED_UNIT(*)
SI_UNIT(.MILLI.,.METRE.)
);
#9085=(
LENGTH_UNIT()
NAMED_UNIT(*)
SI_UNIT(.MILLI.,.METRE.)
);
#9086=(
LENGTH_UNIT()
NAMED_UNIT(*)
SI_UNIT(.MILLI.,.METRE.)
);
#9087=(
LENGTH_UNIT()
NAMED_UNIT(*)
SI_UNIT(.MILLI.,.METRE.)
);
#9088=(
LENGTH_UNIT()
NAMED_UNIT(*)
SI_UNIT(.MILLI.,.METRE.)
);
#9089=(
LENGTH_UNIT()
NAMED_UNIT(*)
SI_UNIT(.MILLI.,.METRE.)
);
#9090=(
LENGTH_UNIT()
NAMED_UNIT(*)
SI_UNIT(.MILLI.,.METRE.)
);
#9091=PRODUCT_DEFINITION_SHAPE('','',#9099);
#9092=PRODUCT_DEFINITION_SHAPE('','',#9100);
#9093=PRODUCT_DEFINITION_SHAPE('','',#9101);
#9094=PRODUCT_DEFINITION_SHAPE('','',#9102);
#9095=PRODUCT_DEFINITION_SHAPE('','',#9103);
#9096=PRODUCT_DEFINITION_SHAPE('','',#9104);
#9097=PRODUCT_DEFINITION_SHAPE('','',#9105);
#9098=PRODUCT_DEFINITION_SHAPE('','',#9106);
#9099=PRODUCT_DEFINITION('','',#9115,#9107);
#9100=PRODUCT_DEFINITION('','',#9116,#9108);
#9101=PRODUCT_DEFINITION('','',#9117,#9109);
#9102=PRODUCT_DEFINITION('','',#9118,#9110);
#9103=PRODUCT_DEFINITION('','',#9119,#9111);
#9104=PRODUCT_DEFINITION('','',#9120,#9112);
#9105=PRODUCT_DEFINITION('','',#9121,#9113);
#9106=PRODUCT_DEFINITION('','',#9122,#9114);
#9107=PRODUCT_DEFINITION_CONTEXT('',#9163,'design');
#9108=PRODUCT_DEFINITION_CONTEXT('',#9164,'design');
#9109=PRODUCT_DEFINITION_CONTEXT('',#9165,'design');
#9110=PRODUCT_DEFINITION_CONTEXT('',#9166,'design');
#9111=PRODUCT_DEFINITION_CONTEXT('',#9167,'design');
#9112=PRODUCT_DEFINITION_CONTEXT('',#9168,'design');
#9113=PRODUCT_DEFINITION_CONTEXT('',#9169,'design');
#9114=PRODUCT_DEFINITION_CONTEXT('',#9170,'design');
#9115=PRODUCT_DEFINITION_FORMATION_WITH_SPECIFIED_SOURCE('','',#9131,
 .NOT_KNOWN.);
#9116=PRODUCT_DEFINITION_FORMATION_WITH_SPECIFIED_SOURCE('','',#9132,
 .NOT_KNOWN.);
#9117=PRODUCT_DEFINITION_FORMATION_WITH_SPECIFIED_SOURCE('','',#9133,
 .NOT_KNOWN.);
#9118=PRODUCT_DEFINITION_FORMATION_WITH_SPECIFIED_SOURCE('','',#9134,
 .NOT_KNOWN.);
#9119=PRODUCT_DEFINITION_FORMATION_WITH_SPECIFIED_SOURCE('','',#9135,
 .NOT_KNOWN.);
#9120=PRODUCT_DEFINITION_FORMATION_WITH_SPECIFIED_SOURCE('','',#9136,
 .NOT_KNOWN.);
#9121=PRODUCT_DEFINITION_FORMATION_WITH_SPECIFIED_SOURCE('','',#9137,
 .NOT_KNOWN.);
#9122=PRODUCT_DEFINITION_FORMATION_WITH_SPECIFIED_SOURCE('','',#9138,
 .NOT_KNOWN.);
#9123=PRODUCT_RELATED_PRODUCT_CATEGORY('','',(#9131));
#9124=PRODUCT_RELATED_PRODUCT_CATEGORY('','',(#9132));
#9125=PRODUCT_RELATED_PRODUCT_CATEGORY('','',(#9133));
#9126=PRODUCT_RELATED_PRODUCT_CATEGORY('','',(#9134));
#9127=PRODUCT_RELATED_PRODUCT_CATEGORY('','',(#9135));
#9128=PRODUCT_RELATED_PRODUCT_CATEGORY('','',(#9136));
#9129=PRODUCT_RELATED_PRODUCT_CATEGORY('','',(#9137));
#9130=PRODUCT_RELATED_PRODUCT_CATEGORY('','',(#9138));
#9131=PRODUCT('M3 spacer (nylon)','M3 spacer (nylon)',
'M3 spacer (nylon)',(#9147));
#9132=PRODUCT('Double pin switch carrier 1',
'Double pin switch carrier 1','Double pin switch carrier 1',(#9148));
#9133=PRODUCT('Pin switch 1A (microswitch)',
'Pin switch 1A (microswitch)','Pin switch 1A (microswitch)',(#9149));
#9134=PRODUCT('Pin switch 1B (microswitch)',
'Pin switch 1B (microswitch)','Pin switch 1B (microswitch)',(#9150));
#9135=PRODUCT('Double pin switch carrier 2',
'Double pin switch carrier 2','Double pin switch carrier 2',(#9151));
#9136=PRODUCT('Pin switch 2A (microswitch)',
'Pin switch 2A (microswitch)','Pin switch 2A (microswitch)',(#9152));
#9137=PRODUCT('Pin switch 2B (microswitch)',
'Pin switch 2B (microswitch)','Pin switch 2B (microswitch)',(#9153));
#9138=PRODUCT('M3 spacer (nylon)','M3 spacer (nylon)',
'M3 spacer (nylon)',(#9154));
#9139=PRODUCT_CATEGORY('','');
#9140=PRODUCT_CATEGORY('','');
#9141=PRODUCT_CATEGORY('','');
#9142=PRODUCT_CATEGORY('','');
#9143=PRODUCT_CATEGORY('','');
#9144=PRODUCT_CATEGORY('','');
#9145=PRODUCT_CATEGORY('','');
#9146=PRODUCT_CATEGORY('','');
#9147=PRODUCT_CONTEXT('',#9163,'mechanical');
#9148=PRODUCT_CONTEXT('',#9164,'mechanical');
#9149=PRODUCT_CONTEXT('',#9165,'mechanical');
#9150=PRODUCT_CONTEXT('',#9166,'mechanical');
#9151=PRODUCT_CONTEXT('',#9167,'mechanical');
#9152=PRODUCT_CONTEXT('',#9168,'mechanical');
#9153=PRODUCT_CONTEXT('',#9169,'mechanical');
#9154=PRODUCT_CONTEXT('',#9170,'mechanical');
#9155=APPLICATION_PROTOCOL_DEFINITION('international standard',
'automotive_design',2010,#9163);
#9156=APPLICATION_PROTOCOL_DEFINITION('international standard',
'automotive_design',2010,#9164);
#9157=APPLICATION_PROTOCOL_DEFINITION('international standard',
'automotive_design',2010,#9165);
#9158=APPLICATION_PROTOCOL_DEFINITION('international standard',
'automotive_design',2010,#9166);
#9159=APPLICATION_PROTOCOL_DEFINITION('international standard',
'automotive_design',2010,#9167);
#9160=APPLICATION_PROTOCOL_DEFINITION('international standard',
'automotive_design',2010,#9168);
#9161=APPLICATION_PROTOCOL_DEFINITION('international standard',
'automotive_design',2010,#9169);
#9162=APPLICATION_PROTOCOL_DEFINITION('international standard',
'automotive_design',2010,#9170);
#9163=APPLICATION_CONTEXT(
'core data for automotive mechanical design processes');
#9164=APPLICATION_CONTEXT(
'core data for automotive mechanical design processes');
#9165=APPLICATION_CONTEXT(
'core data for automotive mechanical design processes');
#9166=APPLICATION_CONTEXT(
'core data for automotive mechanical design processes');
#9167=APPLICATION_CONTEXT(
'core data for automotive mechanical design processes');
#9168=APPLICATION_CONTEXT(
'core data for automotive mechanical design processes');
#9169=APPLICATION_CONTEXT(
'core data for automotive mechanical design processes');
#9170=APPLICATION_CONTEXT(
'core data for automotive mechanical design processes');
ENDSEC;
END-ISO-10303-21;
